Price,Close,High,Low,Open,Volume
Ticker,AAPL,AAPL,AAPL,AAPL,AAPL
Date,,,,,
2020-01-02,72.40052032470703,72.46078378305016,71.15668166173941,71.40978524422886,135480400
2020-01-03,71.6966323852539,72.45595040957373,71.47245410922795,71.6291376132339,146322800
2020-01-06,72.26791381835938,72.30648330246464,70.56848776436438,70.81918573286022,118387200
2020-01-07,71.92803192138672,72.53307183094348,71.70867212634163,72.27755544471,108872000
2020-01-08,73.0851058959961,73.38642316119072,71.63155170295238,71.63155170295238,132079200
2020-01-09,74.63749694824219,74.83033706552648,73.81068409472688,74.06137477592067,170108400
2020-01-10,74.80622863769531,75.37030104945943,74.30483992947904,74.87131787710281,140644800
2020-01-13,76.40442657470703,76.43094632364196,75.0039042885127,75.1220256778742,121532000
2020-01-14,75.37271881103516,76.55147571173875,75.24978634537415,76.3417600315841,161954400
2020-01-15,75.04969024658203,76.05247495120804,74.61820187883205,75.17263004032235,121923600
2020-01-16,75.98981475830078,76.1007048279931,75.23049658770428,75.5920773695483,108829200
2020-01-17,76.8310775756836,76.83348311126043,75.9319442855303,76.2380799522902,137816400
2020-01-21,76.31041717529297,76.90099467937888,76.17301471865545,76.459869381581,110843200
2020-01-22,76.58281707763672,77.1348251407198,76.48880253772091,76.79493830286927,101832400
2020-01-23,76.95162200927734,77.03116654175618,76.0886451198764,76.6358420591075,104472000
2020-01-24,76.72985076904297,77.93993845348767,76.53941616685312,77.19749582877215,146537600
2020-01-27,74.47357177734375,75.15333787807808,73.4924810810553,74.74113795467083,161940000
2020-01-28,76.58037567138672,76.75152179476333,75.25457988632637,75.35341281852345,162234000
2020-01-29,78.18340301513672,79.02950436307852,77.46988569545148,78.20992276333985,216229200
2020-01-30,78.07011413574219,78.12314628033491,76.83591952309017,77.26740800153176,126743200
2020-01-31,74.60857391357422,77.78324876217432,74.31448794421121,77.361404556077,199588400
2020-02-03,74.4036636352539,75.5679502030693,72.85127664058147,73.35266528651083,173788400
2020-02-04,76.86000061035156,77.05043515977154,75.60169956180454,76.00666815397705,136616400
2020-02-05,77.48677062988281,78.28465836318001,76.88413594573808,77.98574655750554,118826800
2020-02-06,78.39311981201172,78.39553270453209,77.19990767879175,77.75674147890366,105425600
2020-02-07,77.32752227783203,78.14180023144418,76.83702208588501,77.89292589511314,117684000
2020-02-10,77.69479370117188,77.69479370117188,75.8342789707218,75.91401226143752,109348800
2020-02-11,77.2260513305664,78.26262851927434,77.00858949259958,78.19014369789785,94323200
2020-02-12,79.05999755859375,79.06482742202022,77.67547849475221,77.67547849475221,113730400
2020-02-13,78.49700164794922,78.82319807398167,78.12973294999506,78.33269781258844,94747600
2020-02-14,78.5163345336914,78.76520890109116,78.00891869878639,78.46558778851511,80113600
2020-02-18,77.07865905761719,77.25987847546425,76.01791785904396,76.19913727689102,152531200
2020-02-19,78.19497680664062,78.4245243735885,77.32029218115534,77.32029218115534,93984000
2020-02-20,77.39276885986328,78.44384294584167,76.88777163956716,77.95576130740083,100566000
2020-02-21,75.64099884033203,77.42903672549149,75.02485563249914,76.98685711850104,129554000
2020-02-24,72.04801940917969,73.49777501677713,69.8854717188165,71.82572767869755,222195200
2020-02-25,69.60758972167969,73.09908711151304,69.13642361597664,72.71732141374063,230673600
2020-02-26,70.71183013916016,71.97553646481957,69.22583207719232,69.23308056046676,198054800
2020-02-27,66.08952331542969,69.10501764925158,65.95421338126829,67.92105203842019,320605600
2020-02-28,66.05084228515625,67.27105731603613,61.94562123770189,62.160671794936235,426510000
2020-03-02,72.20024871826172,72.83572613943491,67.10435837488609,68.20617210459764,341397200
2020-03-03,69.9072036743164,73.45426993984877,69.05667582944147,73.3745366413102,319475600
2020-03-04,73.14982604980469,73.30930003617219,70.82780458094045,71.62758575768213,219178400
2020-03-05,70.77705383300781,72.37902717401828,70.41219640582361,71.40527520257908,187572800
2020-03-06,69.83715057373047,70.2696631046371,67.95247104471461,68.13852037839982,226176800
2020-03-09,64.31356048583984,67.19373670107173,63.54760324031838,63.72882264119381,286744800
2020-03-10,68.94551849365234,69.21130840087326,65.08675341116529,66.96419096693461,285290000
2020-03-11,66.55101776123047,67.95003374263217,65.68841155580724,67.0246098194062,255598800
2020-03-12,59.978790283203125,65.23898664623883,59.92321736395271,61.84172741301199,418474000
2020-03-13,67.16475677490234,67.6359302649127,61.119275269390535,64.00429300943405,370732000
2020-03-16,58.52421569824219,62.60044010140755,57.99022079286357,58.4613905994218,322423600
2020-03-17,61.0975341796875,62.24525368604919,57.60362153116066,59.804833950382424,324056000
2020-03-18,59.601863861083984,60.406478598445545,57.29433564123959,57.93464652653443,300233600
2020-03-19,59.14518737792969,61.09269153777121,58.62085961850456,59.77583112302971,271857200
2020-03-20,55.39031982421875,60.84864774255849,55.09070239617697,59.72508515259065,401693200
2020-03-23,54.213592529296875,55.21150850172385,51.37207376914633,55.11002608388826,336752800
2020-03-24,59.65260314941406,59.8483195377774,56.612948896316425,57.11069765855371,287531200
2020-03-25,59.32398986816406,62.39988643227555,59.02920598580545,60.587692247407915,303602000
2020-03-26,62.44580078125,62.503788640032134,59.526959345508246,59.565620375975534,252087200
2020-03-27,59.86040496826172,61.82482113234886,59.69368249851185,61.07094946417779,204216800
2020-03-30,61.568702697753906,61.74025873047765,60.26150553022684,60.585287078823825,167976400
2020-03-31,61.443058013916016,63.42438996368667,60.88973623938196,61.75959108899796,197002000
2020-04-01,58.21010208129883,60.09719995282628,57.78000823267317,59.56079010801558,176218400
2020-04-02,59.181434631347656,59.23459262853542,57.241178794751,58.07237254686632,165934000
2020-04-03,58.330909729003906,59.36748322353769,57.7413419398106,58.66676958439928,129880000
2020-04-06,63.419559478759766,63.57419624282321,60.256676873255664,60.62394564001491,201820400
2020-04-07,62.68501281738281,65.64976767726971,62.58111543792132,65.43229844270063,202887200
2020-04-08,64.28941345214844,64.60352421399418,63.1199448269442,63.484794969799864,168895200
2020-04-09,64.75333404541016,65.25592013573771,63.95839000283478,64.92489377394622,161834800
2020-04-13,66.02427673339844,66.13301133720609,64.23140932290158,64.83064420547504,131022800
2020-04-14,69.35871124267578,69.64866527052683,67.1840781553046,67.65525160710325,194994800
2020-04-15,68.72565460205078,69.18474234820361,67.80747910974512,68.23515430833677,131154400
2020-04-16,69.27172088623047,69.63657830758835,68.22306550095219,69.43844332553729,157125200
2020-04-17,68.331787109375,69.33454028123167,66.89652897721241,68.78846350317025,215250000
2020-04-20,66.91345977783203,68.06118282102301,66.89413295001411,67.15992291899424,130015200
2020-04-21,64.84515380859375,66.99079338426836,64.13477293897611,66.75641592219942,180991600
2020-04-22,66.7129135131836,67.14783719048366,65.77057396314187,66.11125999851906,116862400
2020-04-23,66.45438385009766,68.07811050746528,66.41572281375096,66.65734876053877,124814400
2020-04-24,68.37288665771484,68.3825537591584,66.93037962499518,66.9787077583751,126161200
2020-04-27,68.42121124267578,68.75223755503086,67.64317552817161,68.09017755648323,117087600
2020-04-28,67.31214141845703,69.06392923095741,67.22032976851494,68.88270980207805,112004800
2020-04-29,69.52302551269531,69.99178036647727,68.59518290617446,68.79814778505363,137280800
2020-04-30,70.98967742919922,71.16606696831562,69.67282086621682,70.06183497622997,183064000
2020-05-01,69.8468246459961,72.24616888644995,69.0687886861115,69.16543760450267,240616800
2020-05-04,70.8350601196289,70.9631215704607,69.18233960605242,69.87097499683554,133568000
2020-05-05,71.89820098876953,72.72939466051092,71.1491592367676,71.2941362490643,147751200
2020-05-06,72.64000701904297,73.27064717863384,72.21474300795924,72.59892736503848,142333600
2020-05-07,73.39144897460938,73.73697961793019,72.96377378346223,73.26580616038919,115215200
2020-05-08,75.13829040527344,75.19159229593362,73.72337622769179,74.05045567520663,133838400
2020-05-11,76.32064056396484,76.8148865401455,74.43811985212862,74.6464845389423,145946400
2020-05-12,75.44842529296875,77.45450365262057,75.32728527754581,77.00385895047138,162301200
2020-05-13,74.53743743896484,76.54836579208815,73.46171369194431,75.62769739388037,200622400
2020-05-14,74.9953384399414,75.0559084279637,73.05467365769209,73.77667057668484,158929200
2020-05-15,74.55197143554688,74.59800522378177,72.73487156458532,72.7687943111998,166348400
2020-05-18,76.30851745605469,76.6816307787651,75.18434194281018,75.87484151863012,135178400
2020-05-19,75.86756134033203,77.17102150533867,75.83606375790906,76.32546668705436,101729600
2020-05-20,77.34304809570312,77.41330397310716,76.68646396339064,76.72522965116472,111504800
2020-05-21,76.76641082763672,77.7452239875939,76.5289737926269,77.20493698671349,102688800
2020-05-22,77.26066589355469,77.34304019898961,76.4029926993938,76.5047461498377,81803200
2020-05-26,76.73735046386719,78.5568683167511,76.68162339962899,78.37758347481825,125522000
2020-05-27,77.07168579101562,77.21705526702166,75.85544287582236,76.59440129810365,112945200
2020-05-28,77.10562896728516,78.36306306810644,76.47085639414468,76.74705181731085,133560800
2020-05-29,77.03050231933594,77.80821903420895,76.67435043039059,77.34788852176631,153532400
2020-06-01,77.97782135009766,78.09896135300481,76.8536385740957,76.98447184749915,80791200
2020-06-02,78.33881378173828,78.36304326033381,77.27035810172477,77.71130947324757,87642800
2020-06-03,78.77007293701172,79.03173947926652,78.08684155798949,78.65862620653965,104491200
2020-06-04,78.09169006347656,78.89121109253435,77.71857679947686,78.59321142956854,87560400
2020-06-05,80.31581115722656,80.3763811505578,78.31215843959637,78.34123085338769,137250400
2020-06-08,80.79067993164062,80.82460267780965,79.30308470158906,80.01296326734492,95654400
2020-06-09,83.34190368652344,83.734396145206,80.43939371025141,80.47089129660488,147712400
2020-06-10,85.48604583740234,85.9536443071339,83.85065638214942,84.28918244457279,166651600
2020-06-11,81.38184356689453,85.05480894028344,81.28009011611704,84.63081897651477,201662400
2020-06-12,82.08447265625,84.26499296476219,80.97483335252352,83.5187737124544,200146000
2020-06-15,83.09961700439453,83.75135081292053,80.5774812512651,80.73981210877636,138808800
2020-06-16,85.30193328857422,85.57329308072946,83.51875616005826,85.15172088189794,165428800
2020-06-17,85.18321990966797,86.10630607045023,85.06207991592963,86.04573607358105,114406400
2020-06-18,85.21714782714844,85.6338697266432,84.60902265567091,85.13961645194037,96820400
2020-06-19,84.73016357421875,86.38735791979117,83.62294217777347,85.92218445110363,264476000
2020-06-22,86.94701385498047,87.08995815364833,85.07661214341427,85.12264593038505,135445200
2020-06-23,88.8028793334961,90.22021867227018,87.77076426941889,88.18991128978877,212155600
2020-06-24,87.23531341552734,89.35041992465683,86.86220024275121,88.43217689431303,192623200
2020-06-25,88.3934326171875,88.43219830369976,86.63205971274161,87.39039728120305,137522400
2020-06-26,85.67747497558594,88.50972868089589,85.52968033530838,88.28925300034977,205256800
2020-06-29,87.65205383300781,87.74654657742667,85.10811395697272,85.58540582946648,130646000
2020-06-30,88.38371276855469,88.66960869638378,87.22077209809864,87.24015123862776,140223200
2020-07-01,88.216552734375,89.00396260480164,88.16810117862731,88.46125786012283,110737200
2020-07-02,88.216552734375,89.75745712558465,88.10268825115901,89.12268481304834,114041600
2020-07-06,90.57637023925781,91.04396881704737,89.61209327585406,89.64359085564888,118655600
2020-07-07,90.29533386230469,91.7320524889195,90.18388713248098,90.95433575857336,112424400
2020-07-08,92.39832305908203,92.42982064230873,91.18449788463136,91.27172253001288,117092000
2020-07-09,92.79564666748047,93.34319433054527,91.74899550161554,93.28989244541889,125642800
2020-07-10,92.95797729492188,93.01612951561695,91.78050018746696,92.39104305128085,90257200
2020-07-13,92.52914428710938,96.8683794397454,92.31593673037001,94.26144459491981,191649200
2020-07-14,94.06034851074219,94.25174434945905,90.97854722279762,91.91131912379288,170989200
2020-07-15,94.70722961425781,96.18271360128323,93.5103660869661,95.93316555212387,153198000
2020-07-16,93.5418701171875,94.39711809164639,92.94343831225127,93.58063579856042,110577600
2020-07-17,93.35289764404297,94.14757567538506,92.88044872986721,93.99252033438566,92186800
2020-07-20,95.32020568847656,95.45830704424495,93.09607736485056,93.44011817142827,90318000
2020-07-21,94.00463104248047,96.18515083470295,93.75508296201137,96.11004463336359,103433200
2020-07-22,94.26871490478516,94.94952104533722,93.61940634409747,93.7066235863698,89001600
2020-07-23,89.97794342041016,94.0797418561393,89.16872914510222,94.00221048521436,197004400
2020-07-24,89.75504302978516,90.09908386887433,86.39219558540321,88.17780532258647,185438800
2020-07-27,91.88225555419922,91.97432312790853,90.59333170366311,90.81622514062431,121214000
2020-07-28,90.37285614013672,91.63028980605597,90.3680058085899,91.45342276195278,103625600
2020-07-29,92.10516357421875,92.28929873601002,90.81865739523712,90.85499791564365,90329200
2020-07-30,93.21965789794922,93.32383652649061,90.87196403764284,91.27899267505967,158130000
2020-07-31,102.97869110107422,103.12890351490226,97.7115189842411,99.7079111699714,374336800
2020-08-03,105.57350158691406,108.19012242087766,104.56077304212948,104.85877268635082,308151200
2020-08-04,106.27852630615234,107.36878610733102,105.04047188715032,105.76246881725352,173071600
2020-08-05,106.66378784179688,106.98359926980389,105.53476196568732,105.99994289677025,121776800
2020-08-06,110.38519287109375,110.87944616652167,106.40695920907454,106.99569786453769,202428800
2020-08-07,107.87548828125,110.36333556331454,107.07937744727452,109.90702677912203,198045600
2020-08-10,109.44342803955078,110.46041197638358,106.79538698699508,109.31964010708016,212403600
2020-08-11,106.18863677978516,109.20560587103985,105.92892793612076,108.70803922155287,187902400
2020-08-12,109.71772766113281,109.97500693123462,107.0842483400898,107.27841885849969,165598000
2020-08-13,111.65946197509766,112.66188375277733,110.60849386446708,111.09635710424106,210082000
2020-08-14,111.5599365234375,111.64974056440289,109.75169319709691,111.48469489954057,165565200
2020-08-17,111.2686767578125,112.70556367842538,110.64247058340116,112.68129051352851,119561600
2020-08-18,112.19584655761719,112.62060097941455,110.68614768785797,111.02109807418744,105633600
2020-08-19,112.33662414550781,113.74923783578949,112.24196843606359,112.60361413274605,145538000
2020-08-20,114.82933807373047,114.94341528440668,112.36090456064325,112.37789651709356,126907200
2020-08-21,120.74677276611328,121.22977689357654,115.77592935893642,115.78806223773633,338054800
2020-08-24,122.19092559814453,125.03314486284968,120.32686221834298,124.9481850882098,345937600
2020-08-25,121.18852233886719,121.53318353096768,119.4676607314497,121.06474178007431,211495600
2020-08-26,122.83656311035156,123.29287194891076,121.43851175938384,122.50404222890556,163022400
2020-08-27,121.36813354492188,123.77102883487844,120.22493186903937,123.43850794155522,155552400
2020-08-28,121.17151641845703,122.75887903183632,120.9482136928383,122.34140581995463,187630000
2020-08-31,125.28071594238281,127.1836224608346,122.32928572568825,123.8632579117057,225702700
2020-09-01,130.2709197998047,130.87286738046265,126.72726136998487,128.89229051317534,151948100
2020-09-02,127.57197570800781,133.96028524180616,123.3001648971193,133.58164753272405,200119000
2020-09-03,117.35844421386719,125.08654753719104,116.98951728236517,123.21278063679146,257599600
2020-09-04,117.43611907958984,120.09629366493147,107.65948471911047,116.57204769157234,332607200
2020-09-08,109.53327178955078,115.52352252708134,109.39735093120817,110.63034940535363,231366600
2020-09-09,113.90216064453125,115.66913897859283,111.90217621343139,113.84391097205425,176940500
2020-09-10,110.1837387084961,116.98952122909824,109.22258206036143,116.85360038621577,182274400
2020-09-11,108.73710632324219,111.87301005937896,106.79537228175572,111.2322342702672,180860300
2020-09-14,111.999267578125,112.55266171822818,109.51384932182032,111.37791301404883,140150100
2020-09-15,112.17401885986328,115.36817345414228,110.30024450538139,114.88273976030895,184642000
2020-09-16,108.86335754394531,112.62061700186764,108.77598303445264,111.8730523722857,154679000
2020-09-17,107.12549591064453,108.9313097079175,105.54298485481058,106.52356291630672,178011000
2020-09-18,103.72746276855469,107.64976770036112,102.99931226553164,107.18375552641913,287104900
2020-09-21,106.87308502197266,106.97988102839547,100.09642732020315,101.49447874455225,195713800
2020-09-22,108.55267333984375,109.5720869949024,105.97988085188311,109.3973305799532,183055400
2020-09-23,103.99931335449219,108.84393936425928,103.65950385577868,108.36821643604246,150718700
2020-09-24,105.06725311279297,107.03811241012444,101.94105943821374,102.10610509006938,167743300
2020-09-25,109.00898742675781,109.16432976181966,104.53328824582925,105.27114952311253,149981400
2020-09-28,111.61090087890625,111.96041368995603,109.49440992627346,111.65944720543573,137672400
2020-09-29,110.76625061035156,111.9507099432901,110.26140285567331,111.21285610238571,99382200
2020-09-30,112.43612670898438,113.84388857632474,110.30993260341256,110.47497824771594,142675200
2020-10-01,113.38761138916016,114.29051842202628,112.45557951767428,114.21284724761975,116120400
2020-10-02,109.72742462158203,112.00896881944756,108.9507351859753,109.60121453266758,144712000
2020-10-05,113.10604095458984,113.25167253166546,110.24198536966455,110.59149819179417,106243800
2020-10-06,109.86334991455078,112.73711630408881,108.97985709448719,112.32934639868184,161498200
2020-10-07,111.72740936279297,112.18371817362878,110.80508099423795,111.28081129884058,96849000
2020-10-08,111.62060546875,113.00894588963777,111.25167118458671,112.86331432521168,83477200
2020-10-09,113.5623550415039,113.59147987684435,111.57207401243367,111.92158685077898,100506900
2020-10-12,120.77589416503906,121.53316947743221,115.80505089927543,116.56232621166858,240226800
2020-10-13,117.57203674316406,121.73705863931524,116.1642820228976,121.62055188862823,262330500
2020-10-14,117.65941619873047,119.44580856247916,116.13515475963598,117.4749490324475,150712000
2020-10-15,117.19338989257812,117.66911279151616,114.70797199610067,115.26136605608602,112559200
2020-10-16,115.55262756347656,118.0089281560019,115.34874631090426,117.74678982617324,115393800
2020-10-19,112.60121154785156,116.91185804404176,112.29053425617,116.46525990019522,120639300
2020-10-20,114.08663177490234,115.51380805714416,112.26139629791038,112.81479042703165,124423700
2020-10-21,113.46526336669922,115.25165563302974,113.05749347361974,113.27108546353527,89946000
2020-10-22,112.37789916992188,114.60118635769001,111.25168945435153,114.02837075211397,101988000
2020-10-23,111.68856811523438,113.15457972080071,110.95070693925585,112.99923740706663,82572600
2020-10-26,111.69827270507812,113.1545734839859,109.59148528217365,110.68856994284661,111850700
2020-10-27,113.203125,113.86331505621116,111.20314074462335,112.12546171107986,92276800
2020-10-28,107.96043395996094,112.06720563801413,107.86334871753533,111.69827875394513,143937800
2020-10-29,111.96039581298828,113.52349246639734,108.93128773659785,109.09634077616603,146129200
2020-10-30,105.68861389160156,108.72742584588708,104.58182577242385,107.82451896896531,190272600
2020-11-02,105.60123443603516,107.4555945603439,104.19347979423505,105.9313331743507,122866900
2020-11-03,107.22257995605469,108.24198610997585,105.56239787070092,106.4653046968192,107624400
2020-11-04,111.60118865966797,112.22254311397377,109.07693526315951,110.81478854874675,138235500
2020-11-05,115.5623550415039,116.13517070681972,113.46528513491958,114.51381638464622,126387100
2020-11-06,115.43103790283203,115.92702909027747,112.94132478624495,115.07119461202119,114457900
2020-11-09,113.12611389160156,118.64042665215963,112.86353074963101,117.19134078148167,154515300
2020-11-10,112.78572082519531,114.36123445028848,110.99623930767311,112.37725487942362,138023400
2020-11-11,116.20907592773438,116.34523125447596,113.24282640096855,113.97223311704505,112295000
2020-11-12,115.93675231933594,117.22050769938583,115.31432591809406,116.33549817445764,103162300
2020-11-13,115.98542022705078,116.38415879232042,114.6335867503118,116.16047817324268,81581900
2020-11-16,116.99683380126953,117.66788289766848,114.90586651270257,115.65472076865481,91183000
2020-11-17,116.11182403564453,117.35667698637204,115.69363055189307,116.26743436443991,74271000
2020-11-18,114.78916931152344,116.53002096182686,114.75999422898965,115.35324564020682,76322100
2020-11-19,115.38241577148438,115.7908817492475,113.60266161420516,114.36124340716778,74113000
2020-11-20,114.11810302734375,115.50883872913519,114.06948036722605,115.38241090893905,73604300
2020-11-23,110.72393035888672,114.39041868660993,110.62667762078418,113.96249773506877,127959300
2020-11-24,112.0076904296875,112.66901946402936,109.49852961528087,110.78229252304031,113874200
2020-11-25,112.84406280517578,113.5442943299849,112.00767597497685,112.37724673524147,76499200
2020-11-27,113.38870239257812,114.26399194036229,113.02886649286769,113.36925481147574,46691300
2020-11-30,115.78117370605469,117.6484533013128,113.60267342501068,113.75828376790362,169410200
2020-12-01,119.35041046142578,120.07981729776607,116.71482131650541,117.68736376495913,127728200
2020-12-02,119.70050811767578,119.98254627518949,117.57063810536371,118.66960823368215,89004200
2020-12-03,119.56434631347656,120.38127824003541,118.85438720785504,120.1284151780445,78967600
2020-12-04,118.8932876586914,119.4865390127896,118.18332856578574,119.23367595532766,78260400
2020-12-07,120.35211181640625,121.14959622013072,118.89329833984375,118.95164850453536,86712000
2020-12-08,120.96481323242188,121.54834457068203,119.71023272701726,120.95509315138429,82225500
2020-12-09,118.43619537353516,122.49169482167979,117.67761359703715,121.11068659164964,115089200
2020-12-10,119.85610961914062,120.46881600995408,116.85095750767795,117.1913458248472,81312200
2020-12-11,119.04888916015625,119.38927743158283,117.23996015210895,119.06833673856299,86939800
2020-12-14,118.43619537353516,119.9630864267169,118.20278730843776,119.2336797308675,79184500
2020-12-15,124.36872100830078,124.38817601169539,120.72168696233577,120.92591997852064,157243700
2020-12-16,124.30062103271484,124.84524231148528,123.08494323552482,123.91161007354079,98208600
2020-12-17,125.16619110107422,126.02203307421959,124.52430962121518,125.3606965932024,94359800
2020-12-18,123.18220520019531,125.5552106694522,122.65703149372492,125.41905534776451,192541500
2020-12-21,124.70909881591797,124.78690398309315,120.0603476658836,121.58723882712805,121251600
2020-12-22,128.2588653564453,130.71939584455194,126.09008564573021,127.99627481697722,168904800
2020-12-23,127.36417388916016,128.79379772903144,127.18910852030955,128.53122193548708,88223700
2020-12-24,128.34642028808594,129.79551379030826,127.5003131582361,127.71427367104259,54930100
2020-12-28,132.93679809570312,133.56894460120503,129.8441061270866,130.31093707619408,124486200
2020-12-29,131.16677856445312,134.97914269594398,130.6513323196226,134.25947087325437,121047300
2020-12-30,130.0483856201172,132.2560612728946,129.73716489381331,131.85731528225065,96452100
2020-12-31,129.046630859375,131.04034539862676,128.10326370918978,130.39846396533886,99116600
2021-01-04,125.85669708251953,129.94137159533847,123.27945861661561,129.85384635373498,143301900
2021-01-05,127.41279602050781,128.12276277719602,124.90363442356144,125.35101053270986,97664900
2021-01-06,123.12386322021484,127.4516812419368,122.90990271047859,124.21311335164054,155088000
2021-01-07,127.32522583007812,128.015737336711,124.34924900731144,124.8355201179548,109578200
2021-01-08,128.4241943359375,128.9882705657379,126.65416049347947,128.79375026318803,105158200
2021-01-11,125.43851470947266,126.59584254088283,124.97169851220295,125.64275514317653,100384500
2021-01-12,125.2634506225586,126.12901267192076,123.37671619500519,124.97168496595856,91951100
2021-01-13,127.29605865478516,127.84067995815208,124.96196311469332,125.22453884607683,88636800
2021-01-14,125.37041473388672,127.40302430824103,125.22452450445344,127.2085188421458,90221800
2021-01-15,123.6490249633789,126.64445696844105,123.51286963768597,125.2439937099894,111598500
2021-01-19,124.320068359375,125.17591022451418,123.45450641479232,124.27143828252557,90757300
2021-01-20,128.40476989746094,128.85214592405728,125.02032655299224,125.12730680892926,104319500
2021-01-21,133.1118621826172,135.83498363825382,129.9219245699571,130.12616498605254,120150900
2021-01-22,135.25148010253906,136.01006199526975,131.31268037347158,132.53807846792435,114459400
2021-01-25,138.9957275390625,141.1061423033731,132.79090363932372,139.14161777095364,157611700
2021-01-26,139.2291717529297,140.33786948106203,137.48831256904506,139.65709277779112,98390600
2021-01-27,138.15936279296875,140.33786298237393,136.5546738638665,139.49174105337266,140843800
2021-01-28,133.3258056640625,138.09127131319642,132.94651480242143,135.68909090953088,142621100
2021-01-29,128.33668518066406,132.98543606950525,126.63473619885515,132.10041903740844,177523800
2021-02-01,130.45677185058594,131.66272916720465,127.33490577473044,130.07748109742704,106239800
2021-02-02,131.2834930419922,132.56724118693242,130.91392221186754,132.0031648608857,83305400
2021-02-03,130.26229858398438,132.0420525079875,129.94135789213308,132.03231758895785,89880900
2021-02-04,133.61756896972656,133.62728904915303,130.89444790890877,132.55750155942113,84183100
2021-02-05,133.20361328125,133.84645384942093,132.32702331519238,133.77828189570104,75693800
2021-02-08,133.34974670410156,133.39844945852406,131.41149002924152,132.49262578464683,71297200
2021-02-09,132.4730987548828,134.29448011812482,132.31727079805114,133.06723649739686,76774200
2021-02-10,131.8692626953125,133.42766158836056,130.90500170826476,132.93091432442992,73046600
2021-02-11,131.6160430908203,132.84327231685143,130.29140835043972,132.3660090757308,64280000
2021-02-12,131.84979248046875,132.0056353585524,130.21348684657468,130.8563275721737,60145100
2021-02-16,129.72645568847656,132.47311511495084,129.33684859330893,131.96664818421948,80576300
2021-02-17,127.43756866455078,128.781687221056,126.10319957479774,127.83691038959827,97918500
2021-02-18,126.33699035644531,126.61944257367797,124.09679724620429,125.84024303159478,96856700
2021-02-19,126.49279022216797,127.31095773335569,125.45062277040475,126.85317866159306,87668800
2021-02-22,122.72344970703125,126.34671464924598,122.33384996779367,124.68117557823038,103916400
2021-02-23,122.58709716796875,123.41499201171895,115.31134823227501,120.54170772135137,158273000
2021-02-24,122.09034729003906,122.29488547484925,119.0514857660057,121.691012957123,111039900
2021-02-25,117.84371948242188,123.17147632846172,117.40542445743719,121.43776543888308,148199500
2021-02-26,118.10669708251953,121.60333738053185,118.04825229910983,119.40210545733144,164560400
2021-03-01,124.46688079833984,124.60323956834041,119.59690349547498,120.53193824590555,116307900
2021-03-02,121.8663330078125,125.3727157063762,121.75919289657611,125.07077944616279,102260900
2021-03-03,118.88587951660156,122.4409643135904,118.6715993335673,121.56436694253905,112966300
2021-03-04,117.00609588623047,120.38586201324064,115.53536779088374,118.583971529586,178155000
2021-03-05,118.2625503540039,118.76903225470893,114.51266857773292,117.83399731994245,153766600
2021-03-08,113.33413696289062,117.85347628547363,113.18803612592406,117.78529688568887,154376600
2021-03-09,117.94112396240234,118.88590088596752,115.70093853482196,115.93469539878758,129525800
2021-03-10,116.86001586914062,118.99306155445927,116.34379186849473,118.52554774575847,111943300
2021-03-11,118.78850555419922,120.00600008566362,118.1067115889779,119.35342480023796,103026500
2021-03-12,117.88268280029297,118.01904158578925,116.06131583787986,117.2690682655597,88105100
2021-03-15,120.76571655273438,120.77545858975141,117.28855243734995,118.25281346511821,92403800
2021-03-16,122.30463409423828,123.9117284110974,121.47673927373422,122.4312508542222,115227900
2021-03-17,121.51567077636719,122.58706425301885,119.15859621053912,120.82413491933752,111932600
2021-03-18,117.39569091796875,119.97678079779097,117.19115272943903,119.68457913932171,121229700
2021-03-19,116.86972045898438,118.27227638684158,116.56778422545804,116.78206442899135,185549500
2021-03-22,120.18132019042969,120.64884136246526,117.13271654370864,117.20089594056832,111912300
2021-03-23,119.35343933105469,121.00922912303349,118.96383954735445,120.12289686033829,95467100
2021-03-24,116.96712493896484,119.70405755554833,116.94764829711929,119.62613612617307,88530500
2021-03-25,117.45413208007812,118.49631456122934,115.90548256064227,116.43144110431777,98844700
2021-03-26,118.05799865722656,118.32098161470867,115.82754797615723,117.22036189731419,94071200
2021-03-29,118.23332214355469,119.39237925463331,117.59048892877756,118.4865630734955,80819200
2021-03-30,116.78205871582031,117.26905645239088,115.76910253203405,116.98659687346046,85671900
2021-03-31,118.97356414794922,120.30793336547684,117.99956854695249,118.48656634745086,118323800
2021-04-01,119.80146789550781,120.95078308800542,119.3047280211155,120.44430860719166,75089100
2021-04-05,122.62603759765625,122.87927851383142,119.86962848939254,120.64882787870255,88651200
2021-04-06,122.92798614501953,123.82406033078875,122.3825509764638,123.21044576616356,80171300
2021-04-07,124.57403564453125,124.59351228641088,121.88580577435263,122.55786509964642,83466700
2021-04-08,126.97006225585938,126.99928093380576,125.17791398584798,125.59672494440802,88844600
2021-04-09,129.5413818359375,129.58033511074808,126.1031794318075,126.42459968145573,106686700
2021-04-12,127.8271484375,129.39528146393909,127.23301071041467,129.0738612317137,91420000
2021-04-13,130.9342041015625,131.15823376064404,128.49921542278324,128.99596262492872,91266500
2021-04-14,128.59664916992188,131.48941754486856,128.2362755221187,131.43098018165665,87222800
2021-04-15,131.00241088867188,131.48940869866695,130.16477406100063,130.34010100083557,89347100
2021-04-16,130.6712646484375,131.16799709740084,129.81414368991753,130.8076234498389,84922400
2021-04-19,131.3335723876953,131.9471944147541,129.8725788847892,130.03815636501255,94264200
2021-04-20,129.64852905273438,132.00559615119002,128.3823320528723,131.5088638445784,94812300
2021-04-21,130.02835083007812,130.27184961440412,127.8855645004067,128.91799696803108,68847100
2021-04-22,128.50897216796875,130.66149395921403,127.99275572778816,129.58035833012048,84566500
2021-04-23,130.8270721435547,131.6062565911259,128.72323846633472,128.72323846633472,78657500
2021-04-26,131.21670532226562,131.54786030204147,130.08686671385888,131.32384544654548,66905100
2021-04-27,130.89524841308594,131.88872793710226,130.62253087504087,131.49912083847275,66015800
2021-04-28,130.10629272460938,131.5088483212376,129.61929507922395,130.81730512551528,107760100
2021-04-29,130.00892639160156,133.50558183329358,129.00571212903608,132.92117853809344,151101000
2021-04-30,128.0414581298828,130.08683981317637,127.66160046998598,128.3531289693404,109839500
2021-05-03,129.09335327148438,130.58358001612103,128.40182480933737,128.6063555356659,75135100
2021-05-04,124.52532196044922,128.07067238199318,123.40522566029897,127.77847076247717,137564700
2021-05-05,124.76885223388672,127.05773315883954,124.6422280399721,125.84023856195147,84000900
2021-05-06,126.36618041992188,126.37591502452003,123.82404416158315,124.56428281581603,78128300
2021-05-07,127.03939819335938,128.06381882504127,126.3271629457147,127.66381362314827,78973300
2021-05-10,123.76119995117188,126.38569336703041,123.7221730582719,126.25886899143829,88071200
2021-05-11,122.84408569335938,123.19531281841267,119.78053807914273,120.4927657999539,126142800
2021-05-12,119.78055572509766,121.60502403427476,119.27322096428664,120.39522003263365,112172300
2021-05-13,121.92696380615234,123.07823093502375,121.23425330099667,121.5464609574558,105861300
2021-05-14,124.34659576416016,124.7758841676664,122.7855571745272,123.17581868284023,81918000
2021-05-17,123.19532012939453,123.83925269137897,122.12210663637244,123.7319305977149,74244600
2021-05-18,121.80989837646484,123.8977887358132,121.74160317568686,123.47825894714309,63342900
2021-05-19,121.65380859375,121.8782039395482,119.86836719410006,120.16106519010208,92612000
2021-05-20,124.20999908447266,124.61001915730156,122.05381347828964,122.18065274217139,76857100
2021-05-21,122.37578582763672,124.88320615344152,122.16114162608143,124.70758884704348,79295400
2021-05-24,124.00511932373047,124.82466923282675,122.87336914136405,122.94166434682049,63092900
2021-05-25,123.80998992919922,125.19541862484827,123.24411112700588,124.70758616767343,72009500
2021-05-26,123.76119995117188,124.28805183989326,123.3416701570207,123.86852204574208,56575900
2021-05-27,122.22944641113281,124.53198130053191,122.03431936367312,123.36120412853428,94625600
2021-05-28,121.57573699951172,122.736762785055,121.51720038633076,122.51236002849775,71311100
2021-06-01,121.2537841796875,122.2977294109628,120.92206674340329,122.03430717883234,67637100
2021-06-02,122.01478576660156,122.19040306312083,121.02938463288338,121.253779962891,59278900
2021-06-03,120.53179931640625,121.80989840712398,120.13177925202119,121.64403969713835,76229200
2021-06-04,122.8245620727539,123.08799170722506,120.83423543606743,121.04887959937938,75169300
2021-06-07,122.83433532714844,123.24410653680496,121.7903901347652,123.09775754946514,71057600
2021-06-08,123.65387725830078,125.33200387040455,123.13678395621102,123.51728685562117,74403800
2021-06-09,124.03437805175781,124.63928371308171,123.43923097435068,124.1124318358548,56877900
2021-06-10,123.03921508789062,125.06856875877892,122.87335638380547,123.92705266664278,71186400
2021-06-11,124.24900817871094,124.33682053678962,123.02944585374593,123.4489755912786,53522400
2021-06-14,127.30280303955078,127.36133965538929,123.97584053546844,124.70757800792384,96906500
2021-06-15,126.48326873779297,127.41989931286103,126.23935623136502,126.77596672295411,62746300
2021-06-16,126.9808120727539,127.70279826458582,125.33197646072955,127.19545621391383,91815000
2021-06-17,128.58090209960938,129.32240559947226,126.49301177385304,126.63936820067508,96721700
2021-06-18,127.28330993652344,128.30773056203458,127.06866573814787,127.52722244492858,108953300
2021-06-21,129.0784454345703,129.18576748637312,126.06369173469776,127.12714622886926,79663300
2021-06-22,130.7175750732422,130.8151460223462,128.4150406144124,128.91263161271146,74783600
2021-06-23,130.44439697265625,131.04931007255976,129.98584029942936,130.51269961588608,60214200
2021-06-24,130.16148376464844,131.36152922245495,129.69316099657445,131.1761533209972,68711000
2021-06-25,129.86874389648438,130.62974954026467,129.57604598259172,130.21022727723152,70783700
2021-06-28,131.4980926513672,131.95664929646315,130.10292043684166,130.1614570490265,62111300
2021-06-29,133.01036071777344,133.16646828417475,131.07857796707717,131.51761747124857,64556100
2021-06-30,133.625,134.06403942217588,132.56153042883813,132.85422833936676,63261400
2021-07-01,133.92747497558594,133.98601159157678,132.4542339993765,133.27379128495963,52485800
2021-07-02,136.5519561767578,136.59097561940857,134.3957635112395,134.5421050302235,78852600
2021-07-06,138.5618133544922,139.66428770082487,136.65929888430668,136.65929888430668,108181800
2021-07-07,141.04971313476562,141.36191336128311,139.1862182535438,140.04478004189397,104911600
2021-07-08,139.7521209716797,140.55214628534262,137.24469315334258,138.13253828734636,105575500
2021-07-09,141.57656860351562,142.10341304013653,139.17646311232951,139.27403406481795,99890800
2021-07-12,140.98141479492188,142.75710481226085,140.49358983023356,142.64978272453996,76299700
2021-07-13,142.09365844726562,143.86934850619764,140.1326074026889,140.5228614286861,100827100
2021-07-14,145.51817321777344,145.92795926693185,144.08396670742601,144.49375275658443,127050800
2021-07-15,144.86453247070312,146.3475248913628,143.50837933553277,145.606036124653,106820300
2021-07-16,142.8253936767578,146.1133292004128,142.32781756831105,144.8449961921481,93251400
2021-07-19,138.9813232421875,140.56188618036083,138.22031752231123,140.2496710710599,121434600
2021-07-20,142.5912322998047,143.5181116494979,139.47892150687957,139.9667464752501,96350000
2021-07-21,141.85948181152344,142.57171691870616,141.108242148076,141.98632105555998,74993500
2021-07-22,143.22540283203125,144.59130668501456,142.25950410848452,142.38634335455993,77338200
2021-07-23,144.94256591796875,145.0986734955369,143.34250046599004,143.95716474814094,71447400
2021-07-26,145.36212158203125,146.181664137203,144.10352454843763,144.6596522812441,72434100
2021-07-27,143.1961212158203,145.5767090416399,142.00582730291055,145.48888924785527,104818600
2021-07-28,141.44972229003906,143.39127100475073,139.06913408549428,141.28386358886817,118931200
2021-07-29,142.09365844726562,142.98150347673163,141.05947187985987,141.16679397009463,56699500
2021-07-30,142.3083038330078,142.76686050541852,140.60091640214495,140.86434605990442,70440600
2021-08-02,141.97657775878906,143.37174997131473,141.71314811709883,142.7961201026742,62880000
2021-08-03,143.77178955078125,144.43522442777342,141.64486473611035,142.25952902121162,64786600
2021-08-04,143.3717498779297,144.191292221281,142.7180662311683,143.6839649919127,56368300
2021-08-05,143.47909545898438,144.2401013148973,142.61076750096896,143.40104166770632,46397700
2021-08-06,142.79510498046875,143.74290453377364,142.29678337483543,143.0003050001657,54126800
2021-08-09,142.74623107910156,143.3422697557146,142.18928521610837,142.8537139522462,48908700
2021-08-10,142.26748657226562,144.32919310328901,141.9743500451473,143.0882569205625,69023100
2021-08-11,142.52154541015625,143.3618622586966,142.19909668704307,142.7071990606952,48493500
2021-08-12,145.48216247558594,145.6385039280885,142.50196876649986,142.84396383015653,72282600
2021-08-13,145.6873321533203,146.0195464885417,144.8763278106057,145.56030288592572,59375000
2021-08-16,147.66114807128906,147.72955306203514,143.11758362273994,145.14019753721752,103296000
2021-08-17,146.75242614746094,148.20831321235303,145.67759718518755,146.7915040599331,92229700
2021-08-18,143.01007080078125,147.2702784625577,142.8048707810112,146.37133747643588,86326000
2021-08-19,143.34231567382812,144.61256415166383,141.19267243186096,141.71054055666755,86960300
2021-08-20,144.79818725585938,145.10108950161558,143.42045616108942,144.06535347049768,60549600
2021-08-23,146.28341674804688,146.7524262457425,144.50506608373868,144.91545125791524,60131800
2021-08-24,146.1954803466797,147.40710449199298,145.73623655262395,146.02937310982574,48606400
2021-08-25,144.96429443359375,146.87943995254733,144.41711425947602,146.3811034364789,58991300
2021-08-26,144.1630859375,145.7069245583274,144.13377377269998,144.95455911573424,48597200
2021-08-27,145.19882202148438,145.34538283026907,143.46932993010927,144.10444664756716,55802400
2021-08-30,149.6153564453125,149.97689795560206,145.20858752404757,145.58966053577964,90956700
2021-08-31,148.3549041748047,149.30270392723426,147.8272553901817,149.16590885521063,86453100
2021-09-01,149.01930236816406,151.43276949828842,148.8531951656688,149.33198527371385,80313700
2021-09-02,150.13320922851562,151.17872592141705,148.91181958328025,150.34817499884036,71115500
2021-09-03,150.7683563232422,151.0908050119508,149.58604446464392,150.24070759279422,57808700
2021-09-07,153.1036376953125,153.66058362239795,150.8562777588282,151.4230043452141,82278300
2021-09-08,151.55978393554688,153.4456022050819,150.45564303417842,153.38697789342345,74420200
2021-09-09,150.5436248779297,152.53692642541913,150.42636132134103,151.93112186962642,57305700
2021-09-10,145.56033325195312,151.9213251437336,145.2965089144569,151.45231569560596,140893200
2021-09-13,146.1270751953125,147.9542695218118,145.34538275990522,147.18235774668085,102404300
2021-09-14,144.72979736328125,147.61228914708835,143.54750041568678,146.90876744705565,109296300
2021-09-15,145.6189727783203,146.01959220126037,143.01985176888803,145.15972903193406,83281300
2021-09-16,145.3844451904297,145.56033305169905,143.8503875542624,145.04246503666727,68034100
2021-09-17,142.71694946289062,145.41378761722353,142.4238129361749,145.41378761722353,129868800
2021-09-20,139.66835021972656,141.52485650500037,138.0365754530921,140.50866688674913,123478900
2021-09-21,140.14712524414062,141.29035906389458,139.51200859720305,140.6356810985669,75834000
2021-09-22,142.51174926757812,143.0784609405733,140.4109501394529,141.14378392401113,76404300
2021-09-23,143.4693145751953,143.71359250338787,142.30654925147212,143.29342671393508,64838200
2021-09-24,143.5572509765625,144.09466540021555,142.2283784515029,142.32609558654582,53477900
2021-09-27,142.04273986816406,142.6192471706429,140.52822848156046,142.14045701354505,74150700
2021-09-28,138.66192626953125,141.43691994614318,138.44696050068399,139.97125238193445,108972300
2021-09-29,139.5608673095703,141.14378350850296,138.77917495976774,139.2091064976362,74602000
2021-09-30,138.26132202148438,141.07540882378817,138.04635622911155,140.37188712321222,89056700
2021-10-01,139.3849639892578,139.64878829633227,135.9259954801677,138.65213028813756,94639600
2021-10-04,135.95533752441406,138.9550779570537,135.10525501528176,138.5153657120816,98322000
2021-10-05,137.8802032470703,138.9843440041992,136.17025813588964,136.29728740091528,80861100
2021-10-06,138.7498779296875,138.8964387383312,135.20295726507902,136.27778622694314,83221100
2021-10-07,140.01036071777344,140.9190825580318,139.45341467529775,139.78562915042673,61732700
2021-10-08,139.62928771972656,140.8799897873894,139.29707324446653,140.73342896287608,58773200
2021-10-11,139.54132080078125,141.49554421911762,138.56420909161307,139.01368703802868,64452200
2021-10-12,138.27108764648438,139.97126757292082,137.8118439004276,139.9517211619384,73035900
2021-10-13,137.68482971191406,138.163604960137,136.01396194464323,138.00727840066958,78762700
2021-10-14,140.4696044921875,140.58686806127858,138.27110266842462,138.85737578524592,69907100
2021-10-15,141.5248565673828,141.58348088448486,140.22529620330172,140.47935479013262,67940300
2021-10-18,143.19569396972656,143.4790497458413,139.88328656577576,140.1666423418905,85589200
2021-10-19,145.3551483154297,145.75576773810008,143.19573955238386,143.64520263819782,76378900
2021-10-20,145.84368896484375,146.32247907181252,144.7297822080243,145.29650879090318,58418800
2021-10-21,146.05865478515625,146.21499623763387,144.4855043297612,145.40399172614036,61421000
2021-10-22,145.28672790527344,146.7426146643611,145.23786934278849,146.26383951681254,58883400
2021-10-25,145.23788452148438,145.95117189778182,144.24122639888336,145.27696242983234,50720600
2021-10-26,145.90231323242188,147.387512149544,145.5993961083312,145.912078981119,60893400
2021-10-27,145.44309997558594,146.30294823636,145.0913391249601,145.94142163499626,56094900
2021-10-28,149.0779571533203,149.66421529809745,146.29318250961379,146.39089965518153,100077900
2021-10-29,146.371337890625,146.50813293434493,143.05892977311782,143.85038787675046,124953200
2021-11-01,145.55059814453125,146.2736514231289,144.41714473918745,145.57991030936387,74588300
2021-11-02,146.58633422851562,148.10086068451773,145.24768076131065,145.25746142260692,69122000
2021-11-03,148.022705078125,148.49171467242118,146.3909297960655,146.94787589375233,54511500
2021-11-04,147.50479125976562,148.94113176601576,147.192108353955,148.11059575284676,60394600
2021-11-05,148.03321838378906,148.93347149692437,146.83940090236302,148.63012712450208,65463900
2021-11-08,147.2112579345703,148.3170106437663,146.93726849126057,148.1604409815022,55020900
2021-11-09,147.5732879638672,148.17997664131613,146.83938459031998,146.97637928946335,56787900
2021-11-10,144.7453155517578,146.9078907486886,144.67682566721112,146.8002509889988,65187100
2021-11-11,144.69635009765625,146.22286636426517,144.5104255646951,145.76296742917557,41000000
2021-11-12,146.77090454101562,147.17209373098063,144.3147648635999,145.24437287945577,63804000
2021-11-15,146.78067016601562,148.62032601011296,146.22289645235986,147.14272437440852,59222800
2021-11-16,147.7591552734375,148.23864400025383,146.13477951937065,146.72190796317446,59256200
2021-11-17,150.19573974609375,151.67332612859514,147.7493957762777,147.75917577688946,88807000
2021-11-18,154.4817352294922,155.26456834184324,149.765191484069,150.4110299216061,137827700
2021-11-19,157.104248046875,157.5641620110988,153.1705218782956,154.2664794451428,117305600
2021-11-22,157.5641632080078,162.14371301680876,157.54458827093626,158.20998681834752,117467900
2021-11-23,157.94580078125,158.32742995233392,155.64623082003743,157.6620164381372,96041900
2021-11-24,158.46444702148438,158.66015163635032,156.2138066222637,157.29998440577035,69463600
2021-11-26,153.44451904296875,157.00639624695634,153.00417999336176,156.1452930856568,76959800
2021-11-29,156.8009033203125,157.73051124922804,155.38201155737082,155.9495652762871,88748200
2021-11-30,161.75228881835938,161.96756831221649,156.48775108343634,156.55625589116394,174048100
2021-12-01,161.23370361328125,166.64501732963333,160.99884912795645,163.88553311945805,152052500
2021-12-02,160.24533081054688,160.6758897940943,154.41325439149716,155.33308223247562,136739200
2021-12-03,158.3665313720703,161.41957902573364,156.29203631008477,160.4997512359703,118023100
2021-12-06,161.77188110351562,164.27693555746282,160.7541933995356,160.76397340255957,107497000
2021-12-07,167.506103515625,167.89752761795768,164.72705957992557,165.4511829707639,120405400
2021-12-08,171.32240295410156,172.18352101189242,167.03640253357247,168.43571937748263,116998900
2021-12-09,170.81356811523438,172.95656843850207,170.18730447599066,171.15606234208923,108923700
2021-12-10,175.5985870361328,175.77473158616564,170.94075296583623,171.4495967498973,115402700
2021-12-13,171.96824645996094,178.22110269969062,171.76274694249355,177.2327699190323,153237000
2021-12-14,170.5885009765625,173.92531854630914,168.51400556372403,171.48875398461132,139380400
2021-12-15,175.4518280029297,175.6475325738547,168.611843504033,171.35175229088827,131063300
2021-12-16,168.5629119873047,177.2523322197485,167.08532532021002,175.43225135839342,150185800
2021-12-17,167.4669647216797,169.74695967221308,166.0480878451819,166.28292736988075,195432700
2021-12-20,166.10679626464844,166.91898445345717,163.8659512088188,164.66834446331637,107499100
2021-12-21,169.2772674560547,169.48275204230814,165.49031583648394,167.8779505711604,91185900
2021-12-22,171.87037658691406,172.08565609490324,168.45527432954148,169.32617236411534,92135300
2021-12-23,172.49664306640625,173.05441678226669,171.50832525865067,172.07587897729215,68356600
2021-12-27,176.459716796875,176.54778161213417,173.26968906108772,173.2892490658333,74919600
2021-12-28,175.44203186035156,177.43825729141835,174.69834852343934,176.29336988152778,79144300
2021-12-29,175.5300750732422,176.7532470426314,174.31668310434065,175.48114520820693,62348900
2021-12-30,174.37542724609375,176.69457190920295,174.26778749437727,175.6181743920382,59773000
2021-12-31,173.7589569091797,175.38331824017646,173.45559766181222,174.2677857929612,64062300
2022-01-03,178.10366821289062,178.9550062933326,173.89596741451703,174.0133871781769,104487900
2022-01-04,175.84324645996094,179.01371442958575,175.27569272230144,178.71037008888723,99310400
2022-01-05,171.1658172607422,176.3031403228598,170.8918278919333,175.75516158524204,94537600
2022-01-06,168.30850219726562,171.53767993498516,167.95622799076347,168.99347567343597,96904000
2022-01-07,168.47488403320312,170.4026050689991,167.3593513212815,169.17943258086993,86709100
2022-01-10,168.49441528320312,168.79775959259328,164.5606894006289,165.45116232460057,106765600
2022-01-11,171.32240295410156,171.4202477771128,167.15383722500894,168.62164395189677,76138300
2022-01-12,171.76275634765625,173.3773379097134,171.06800280036754,172.3400901249927,74805200
2022-01-13,168.49441528320312,172.82933029006384,168.10299122971512,172.0073621746904,84505800
2022-01-14,169.3555450439453,170.05029852382498,167.4180294399018,167.66266389110206,80440800
2022-01-18,166.1557159423828,168.83689986985863,165.77408681023036,167.82900716362772,90956700
2022-01-19,162.66233825683594,167.40825267441707,162.37856885772902,166.35143003303915,94815000
2022-01-20,160.979248046875,166.03828667936338,160.65632878123083,163.3962376065405,91420500
2022-01-21,158.92433166503906,162.76019814543096,158.81669190708894,160.89118731707072,122848900
2022-01-24,158.1512908935547,158.8167044309835,151.3798104055977,156.58563920962845,162294600
2022-01-25,156.35076904296875,159.26680751652682,153.65001008067688,155.56793581393717,115798400
2022-01-26,156.2626953125,160.86181974023197,154.43283450239605,159.99092174206848,108275300
2022-01-27,155.80279541015625,160.32363543352318,154.88296745549835,158.96346843901696,121954600
2022-01-28,166.6743621826172,166.6939371213685,159.3059729952558,162.15352186578443,179935700
2022-01-31,171.0288543701172,171.24413390438698,165.8719554140601,166.5080140130585,115541600
2022-02-01,170.8624725341797,171.0875320298687,168.61183278338754,170.27534392743365,86213900
2022-02-02,172.0661163330078,172.10526621408275,169.60999135687587,170.99951350894017,84914300
2022-02-03,169.18922424316406,172.45755270443476,168.42596575248498,170.7353161664464,89418100
2022-02-04,168.90505981445312,170.580497991328,167.22962163757825,168.20940619823992,82465400
2022-02-07,168.1898193359375,170.43351937589156,167.49416572772904,169.36555780513737,77251200
2022-02-08,171.29571533203125,171.80520742660315,167.96443926792173,168.25837758980256,74829200
2022-02-09,172.71644592285156,173.0789614781724,171.36433825115836,172.49109962767872,71285000
2022-02-10,168.64048767089844,171.9325638827204,168.08201833200982,170.61965636290995,90865900
2022-02-11,165.2308807373047,169.5811269216294,164.64300397443432,168.846288443205,98670700
2022-02-14,165.46603393554688,166.15188018995096,163.19292640629095,163.98654956855333,86185500
2022-02-15,169.2969512939453,169.45372039657573,166.80830532856646,167.51375134007887,62527400
2022-02-16,169.0618133544922,169.83583650795123,166.612352178537,168.37596721528965,61177400
2022-02-17,165.46603393554688,168.4347801834387,165.06431864713625,167.57256492057238,69589300
2022-02-18,163.91796875,167.0924613280084,162.83040723152354,166.3870301609273,82772700
2022-02-22,160.99819946289062,163.32028399061443,158.87205389872815,161.64484588368407,91162800
2022-02-23,156.8341064453125,162.79118283457873,156.5205682404435,162.19351371308113,90009200
2022-02-24,159.4501190185547,159.55789590082478,148.92722915533128,149.49550590272597,141147500
2022-02-25,161.51748657226562,161.78201763247694,157.61793335879435,160.52789462372328,91974200
2022-02-28,161.78201293945312,162.07595128148682,159.14639022474867,159.76365924798694,95056600
2022-03-01,159.9008331298828,163.23210951924372,158.69570233786408,161.37050993245586,83474400
2022-03-02,163.1929168701172,163.97674752234462,159.65589394659725,161.06678613054137,79724800
2022-03-03,162.86956787109375,165.49539801856008,162.20332160924863,165.06429046074288,76678400
2022-03-04,159.87142944335938,162.2033212553789,158.82306783943153,161.16475211398938,83737200
2022-03-07,156.07969665527344,161.68406601052743,155.8249430798264,160.05761991470098,96418800
2022-03-08,154.25726318359375,159.58729287941838,152.65041731502816,155.60937048225745,131148300
2022-03-09,159.65586853027344,160.1065759424101,156.187438255504,158.21558423430952,91454900
2022-03-10,155.31546020507812,157.1476526374479,152.82679892923494,156.96149116992498,105342000
2022-03-11,151.60208129882812,156.060104640192,151.37673500562354,155.71717401765326,96970100
2022-03-14,147.5751190185547,151.0043643598726,147.0656419035059,148.38834185067742,108732100
2022-03-15,151.95477294921875,152.42508026860065,147.33999637401098,147.84947354452075,92964300
2022-03-16,156.36383056640625,156.7655458657659,151.33754541830783,153.8751841039313,102300200
2022-03-17,157.37298583984375,157.7453087439647,154.44343967423552,155.40362432397723,75615400
2022-03-18,160.66506958007812,161.15496186500974,156.53037749922927,157.2652159266267,123511700
2022-03-21,162.03677368164062,162.9871658912754,159.71467413165345,160.2045664067095,95811400
2022-03-22,165.4072265625,165.9950882926474,161.5762655771906,162.164127307338,81532000
2022-03-23,166.7691192626953,169.14998832074127,164.26085849061369,164.59399656875675,98062700
2022-03-24,170.55111694335938,170.61969409297694,166.769147690774,167.60195565228418,90131400
2022-03-25,171.18795776367188,171.73663471959298,169.25778100424003,170.36494232979024,80546200
2022-03-28,172.0501708984375,172.1775327221898,168.52294058057433,168.6895021580393,90371900
2022-03-29,175.34226989746094,175.391247170357,172.77522391375607,173.11815452599345,100589400
2022-03-30,174.17630004882812,175.979099995584,173.12792342578476,174.94053078604693,92633200
2022-03-31,171.0802001953125,174.43106194071976,170.87443883843048,174.24490046314256,103049300
2022-04-01,170.78627014160156,171.3447546015878,168.4641851666293,170.51193161925582,78751300
2022-04-04,174.83274841308594,174.8817406281064,170.9136104166494,171.0409871856376,76468400
2022-04-05,171.52105712890625,174.695564012496,170.89399570193683,173.9117334912033,73401800
2022-04-06,168.35635375976562,170.1199686542609,166.69072328453476,168.87563829115544,89058800
2022-04-07,168.66014099121094,169.85547954484645,166.41644056203972,167.69995615233807,77594700
2022-04-08,166.6515350341797,168.30737316185164,165.77952746373003,168.30737316185164,76575500
2022-04-11,162.39927673339844,165.61296861541499,162.1543306146452,165.29944535757966,72246700
2022-04-12,164.2706756591797,166.4359910689201,163.27129126604743,164.62339868320723,79265200
2022-04-13,166.9552764892578,167.58233798502656,163.39866884231074,164.00613046155772,70618900
2022-04-14,161.9485626220703,167.80768430539896,161.70361651341247,167.17081545269417,75329400
2022-04-18,161.7330322265625,163.23210129361956,160.2633554980497,160.60627109784113,69023900
2022-04-19,164.01589965820312,164.4274222551572,160.59646173132168,161.68402299396155,67723800
2022-04-20,163.84939575195312,165.466049522113,162.7422491763838,165.3484651886196,67929800
2022-04-21,163.05572509765625,168.062424195949,162.55604041418727,165.4953937411617,87227800
2022-04-22,158.51934814453125,164.4764404677371,158.2352171809879,163.09495550660975,84882400
2022-04-25,159.5872802734375,159.8714111577949,155.25663522524357,157.8628502431654,96046400
2022-04-26,153.6302032470703,159.05820246882445,153.55181869779824,158.9700254572649,95623200
2022-04-27,153.40487670898438,156.55976925790796,152.23893068313222,152.75821530720194,88063200
2022-04-28,160.33192443847656,161.19413952588084,155.71713316880462,156.0306713643422,130216800
2022-04-29,154.4630126953125,162.84017274008735,154.0711048951049,158.5683119363977,131747600
2022-05-02,154.7667694091797,155.03130046543404,150.17157761678854,153.54203875876948,123055300
2022-05-03,156.2560577392578,157.46120366883235,153.1599494897431,154.9529423111533,88966500
2022-05-04,162.66383361816406,163.1145261346623,156.04048055543203,156.44219580516028,108256500
2022-05-05,153.600830078125,160.76305283929582,151.8176149978829,160.53770657596968,130525300
2022-05-06,154.32693481445312,156.44638259515347,151.28513392702433,153.0807759379822,116124600
2022-05-09,149.20494079589844,152.90416000742098,148.6456508199546,152.0210492953049,131577900
2022-05-10,151.6089324951172,153.79707304983472,150.05859659800515,152.59997843272657,115366700
2022-05-11,143.74932861328125,152.53128118939546,143.07228159830737,150.61789721596364,142689800
2022-05-12,139.88328552246094,143.45494014257622,136.1938888181264,140.08934914213407,182602000
2022-05-13,144.34786987304688,145.3192870677171,140.42297369266063,141.87518108716213,113990900
2022-05-16,142.80735778808594,144.75019240669823,141.47289233038416,142.81717961196202,86643800
2022-05-17,146.43788146972656,146.95792901438662,143.9259353445969,146.0650115425021,78336300
2022-05-18,138.1759796142578,144.59317839270622,137.27324030149254,144.09275951105042,109742900
2022-05-19,134.77114868164062,139.00022255113117,134.03523053806913,137.25364468817165,136095600
2022-05-20,135.00660705566406,138.05821430560903,130.12011571020568,136.47844306099526,137426100
2022-05-23,140.42300415039062,140.57018180016163,135.06551311431642,135.202883911534,117726300
2022-05-24,137.72459411621094,139.30436527340177,134.75148674775386,138.1661418989175,104132700
2022-05-25,137.88162231445312,139.12776621000188,135.742545873108,135.8308524536192,92482700
2022-05-26,141.08038330078125,141.62986633656274,134.56505664226245,134.81036263839988,90601500
2022-05-27,146.83035278320312,146.86959515379783,142.53258704704527,142.6601509529846,90978500
2022-05-31,146.04539489746094,147.8312299883083,144.08294665114528,146.27108722583742,103718400
2022-06-01,145.91786193847656,148.8909701597807,144.90718720632282,147.08550619630913,74286600
2022-06-02,148.37086486816406,148.429735903567,144.10253513399695,145.0543234657787,72348100
2022-06-03,142.650390625,145.19175791698237,141.74766608402808,144.14184075062616,88570300
2022-06-06,143.39605712890625,145.78043894130977,142.179334128492,144.26934578263374,71598400
2022-06-07,145.91786193847656,146.20241037757677,141.39441763595644,141.63972369363694,67808200
2022-06-08,145.18190002441406,147.0560263615052,144.69128805686674,145.79025407304024,53950200
2022-06-09,139.96180725097656,145.17210490927135,139.85387199936835,144.31844471982856,69473000
2022-06-10,134.55526733398438,138.11710068108783,134.48657445941151,137.6461172993445,91437900
2022-06-13,129.40383911132812,132.6614953380435,128.97209811172078,130.37524138815306,122207100
2022-06-14,130.26730346679688,131.3760914682962,129.01133784221852,130.63036655754385,84784300
2022-06-15,132.88717651367188,134.7613181921413,129.67858439406757,131.76858160626196,91533000
2022-06-16,127.61798095703125,129.90423449299203,126.61712836390117,129.60005747260172,108123900
2022-06-17,129.08982849121094,130.58129318016776,127.37268647196602,127.62781429709099,134520300
2022-06-21,133.3188934326172,134.48655232988557,130.81678433537272,130.91489774710016,81000500
2022-06-22,132.80870056152344,135.17343948860204,131.395735327504,132.2592024365102,73409200
2022-06-23,135.67384338378906,135.98782727058793,133.08341268546732,134.2510716127321,72433800
2022-06-24,139.00021362304688,139.24551965514786,137.1457006192552,137.27324957478913,89116800
2022-06-27,139.00021362304688,140.79585557470105,138.32316657888146,140.02068012877845,70207900
2022-06-28,134.85943603515625,140.72715167094702,134.74169394010806,139.46137923230657,67083400
2022-06-29,136.61582946777344,138.02879459026983,134.1038981265762,134.87907356263912,66242400
2022-06-30,134.15296936035156,135.77198324759192,131.25836106107414,134.67301697127326,98964500
2022-07-01,136.3214569091797,136.4293921589786,133.11286488498627,133.48571986150768,71051600
2022-07-05,138.902099609375,138.9511638153359,134.3590266331402,135.18326636531972,73353800
2022-07-06,140.23655700683594,141.41402301996357,138.4311081218874,138.69604284083624,74064300
2022-07-07,143.6021270751953,143.79836886527636,140.5897624458258,140.59956929502877,66253700
2022-07-08,144.2791748046875,144.77960864232728,142.27748437099987,142.53259722881296,64547800
2022-07-11,142.14991760253906,143.88668829327412,141.08038702449986,142.93489980535588,63141600
2022-07-12,143.1213836669922,145.66275112908062,142.32659434251858,143.0232552435011,77588800
2022-07-13,142.75827026367188,143.70023682096436,139.45153554732983,140.30521051946872,71185600
2022-07-14,145.68235778808594,146.1533412106034,140.5603662797928,141.37478416032295,78140700
2022-07-15,147.35043334960938,148.0274804295402,145.41742051675783,146.96775651820843,76259900
2022-07-18,144.3086700439453,148.7241795486546,143.94560685906407,147.90976155444392,81420900
2022-07-19,148.164794921875,148.39047220534343,144.1515931428367,145.14262379831726,82982400
2022-07-20,150.16653442382812,150.83377461851506,147.5466677906739,148.28258588894056,64823400
2022-07-21,152.43316650390625,152.64903699884627,149.08718880462706,151.5991200487024,65086600
2022-07-22,151.1968231201172,153.34570636779952,150.5295978961148,152.47241748797757,66675400
2022-07-25,150.07821655273438,152.12897123891142,149.42079823109208,151.1183116577891,53623900
2022-07-26,148.7535400390625,150.21555397747602,147.96855797310025,149.40113639411533,55138700
2022-07-27,153.84609985351562,154.37596918243503,149.30304304810883,149.7151553193297,78620700
2022-07-28,154.39561462402344,154.68016301876492,151.51081343985047,154.0325515340952,81378700
2022-07-29,159.45870971679688,160.5576907977121,156.5052308137223,158.21256599444197,101786900
2022-08-01,158.47747802734375,160.51842568191043,157.8691239569894,157.9868660422736,67829400
2022-08-02,157.00567626953125,159.36062329417274,156.6328212608233,157.0939978250213,59907000
2022-08-03,163.0107879638672,163.46214273028536,157.7317967556544,157.82010334400223,82507500
2022-08-04,162.69676208496094,164.05085610462757,161.3426680652943,162.89300390623217,55474100
2022-08-05,162.47076416015625,162.96205765324038,160.16167874542583,160.3680286094797,56697000
2022-08-08,161.9990997314453,164.88790765782107,161.34076829816232,163.47298010260957,60276900
2022-08-09,162.04824829101562,162.93258559805665,160.40732977942574,161.16392597706255,63135500
2022-08-10,166.2930450439453,166.39129475740782,163.99377985120265,164.76019658442047,70170500
2022-08-11,165.55612182617188,168.01258981282774,165.26134266915503,167.0987759253846,57149200
2022-08-12,169.103271484375,169.17204479537065,166.45027391863346,166.86297375697356,68039400
2022-08-15,170.1742401123047,170.370754508125,168.36628368181792,168.53332166791955,54091700
2022-08-16,170.01705932617188,170.6852264080059,168.6709196812625,169.77141253005902,56377100
2022-08-17,171.5105438232422,173.0826738438294,169.56502598846322,169.76154036690085,79542000
2022-08-18,171.1175079345703,171.85444813238172,170.10544459568962,170.72447915963892,62290100
2022-08-19,168.5333251953125,170.71466951867444,168.3269753298755,170.0170261568602,70346300
2022-08-22,164.652099609375,166.9022170896685,164.22957943165187,166.73517911017834,69026800
2022-08-23,164.3180389404297,165.77227866474297,163.74813661491604,164.17065687050786,54147100
2022-08-24,164.61280822753906,165.1827105189657,163.35509799580043,164.40647334198977,53841500
2022-08-25,167.06927490234375,167.17736007756102,165.41853585512217,165.84104108991514,51218200
2022-08-26,160.77090454101562,168.07153485537452,160.71195171096292,167.59989722186273,78961000
2022-08-29,158.5699005126953,160.06342201093398,157.03706713692557,158.34389469961232,73314000
2022-08-30,156.14292907714844,159.72936621122975,154.9736479587286,159.30686092942906,77906200
2022-08-31,154.4822998046875,157.7837920932139,154.4036910605458,157.5184894558713,87991100
2022-09-01,155.2094268798828,155.66140843899763,151.97670771690994,153.91240502902684,74229900
2022-09-02,153.0968780517578,157.56765189981036,152.2715085702032,156.9682732301626,76957800
2022-09-06,151.8391571044922,154.3545772465812,151.01378768157298,153.74537814772464,73714800
2022-09-07,153.24429321289062,153.9419216691413,150.93520749298594,152.1241445003408,87449600
2022-09-08,151.77041625976562,153.63732582875608,150.0213973567108,151.94727474830393,84923800
2022-09-09,154.62969970703125,155.07187581808674,152.0553267593616,152.76279054534643,68028800
2022-09-12,160.5841827392578,161.39973173078485,156.5261087123494,156.81105233922636,104956000
2022-09-13,151.1611785888672,157.7445084078153,150.6993615052029,157.11565333541313,122656600
2022-09-14,152.6055908203125,154.3644300184662,150.9351958505273,152.0946413613245,87965400
2022-09-15,149.71678161621094,152.5368165999088,148.74403004784534,151.9570788549336,90481100
2022-09-16,148.0758514404297,148.71454195841454,145.7864220311532,148.57698038414023,162278800
2022-09-19,151.79000854492188,151.8686172901009,146.5037016211282,146.71003645827363,81474200
2022-09-20,154.16790771484375,155.3273682721185,150.41443284470995,150.7288529156578,107689800
2022-09-21,151.0432891845703,155.97588059110078,150.92538353116046,154.60024966459952,101696800
2022-09-22,150.08033752441406,151.78020876552435,148.28220159016286,149.7266056194288,86652500
2022-09-23,147.8105926513672,148.83249178632698,145.97315929376293,148.5573685560897,96029900
2022-09-26,148.1446533203125,151.09241446222893,147.03432515906897,147.05398109807987,93339400
2022-09-27,149.11740112304688,152.02586530633175,147.33892101138343,150.08034720002962,84442700
2022-09-28,147.23086547851562,148.016938253305,142.3179293774459,145.06917659266318,146691400
2022-09-29,139.99899291992188,144.16516723784525,138.2303333041484,143.55596808972413,128138200
2022-09-30,135.79354858398438,140.60823487907734,135.59703414181732,138.819918971248,124925300
2022-10-03,139.96951293945312,140.57872706512543,135.2924042908768,135.80335372086685,114311700
2022-10-04,143.5559539794922,143.67385961125873,141.74798266491518,142.50457878595228,87830100
2022-10-05,143.8507537841797,144.81369999304195,140.51978392175167,141.5613389023429,79471000
2022-10-06,142.8976287841797,144.97088807825529,142.69129389793306,143.27101666436323,68402200
2022-10-07,137.6505889892578,140.60818501990053,137.0217340014585,140.05792378662625,85925600
2022-10-10,137.97486877441406,139.4192729060871,136.15709176712548,137.97486877441406,74899000
2022-10-11,136.55996704101562,138.8887089375452,135.8132061545904,137.46394548029593,77033700
2022-10-12,135.93106079101562,137.91589041966,135.75420235526866,136.70731279613284,70433700
2022-10-13,140.50013732910156,141.08968060374895,132.03022618093473,132.6394403890868,113224000
2022-10-14,135.9704132080078,142.00349764686453,135.78371925254498,141.79714775053986,88598000
2022-10-17,139.9302215576172,140.41167960335844,137.82748592791265,138.61355854500806,85250900
2022-10-18,141.24688720703125,144.1455159806622,138.1615644966325,142.95659405664904,99136600
2022-10-19,141.35496520996094,142.42598143245377,139.03605931008337,139.22275323737964,61758300
2022-10-20,140.8931884765625,143.34965665907674,140.1660684970252,140.52963598333983,64522000
2022-10-21,144.7056121826172,145.2755145225026,140.16604940438248,140.38221977444553,86548600
2022-10-24,146.8476104736328,147.61402706279983,143.45768863799606,144.6269694579804,75981900
2022-10-25,149.68731689453125,149.83471395703802,146.75921150175503,147.476495894735,74732300
2022-10-26,146.74937438964844,149.34340346890698,145.4621728259598,148.33134005875115,88194300
2022-10-27,142.2786102294922,146.45460526216635,141.6202786941001,145.49167413504986,109180200
2022-10-28,153.0281219482422,154.75746986477446,145.24603383421282,145.619406740808,164762400
2022-10-31,150.66986083984375,151.55419798226043,149.2745893410994,150.49300240721152,97943200
2022-11-01,148.02674865722656,152.7431699919974,146.5332269791364,152.37961754304112,80379300
2022-11-02,142.504638671875,149.5203115788826,142.47516225154624,146.35637919012498,93604600
2022-11-03,136.46168518066406,140.3134243600425,136.33394407491397,139.58630459413143,97918500
2022-11-04,136.1959686279297,140.4182534262788,132.25910018387182,139.84740569973505,140814800
2022-11-07,136.7274169921875,136.95378268582516,133.52871190234,134.94598671425354,83374600
2022-11-08,137.2982940673828,139.1978259809836,135.3200229786847,138.19393528890745,89908500
2022-11-09,132.7413330078125,136.363259132224,132.46575346788492,136.31404528196006,74917800
2022-11-10,144.55194091796875,144.55194091796875,137.298266687944,139.0108096143879,118854000
2022-11-11,147.33729553222656,147.64240042758996,142.09141663457416,143.51854343102002,93979700
2022-11-14,145.939697265625,147.90813128864986,145.10310679865555,146.61880940644215,73374100
2022-11-15,147.67193603515625,151.1659099557232,146.21529884381314,149.8175372526668,89868300
2022-11-16,146.441650390625,147.50460662223392,144.96532479416157,146.77629560614008,64218300
2022-11-17,148.34120178222656,149.08920136807347,143.84332244877638,144.1189020339811,80389400
2022-11-18,148.90220642089844,150.28995621048665,147.6030475887024,149.90611212166033,74829600
2022-11-21,145.6739501953125,147.99670287508093,145.3885338782466,147.790025718782,58724100
2022-11-22,147.8096923828125,148.04590985414606,144.6109873377189,145.79205967642807,51804100
2022-11-23,148.68563842773438,149.43363778546234,146.98293255947328,147.09119700764043,58301400
2022-11-25,145.77239990234375,146.5302512983949,144.7980195359923,145.9692403249909,35195900
2022-11-28,141.94381713867188,144.32562115102257,141.11707822885703,142.8492952329401,69246000
2022-11-29,138.94190979003906,142.5244590100729,138.13485967272496,142.01266197350824,83763800
2022-11-30,145.69366455078125,146.3727767919922,138.3317244213744,139.16829999405587,111380900
2022-12-01,145.96923828125,146.77630352615344,144.29607218523327,145.87082558028513,71250400
2022-12-02,145.47711181640625,145.66411544857186,143.35119950014382,143.65631938407483,65447400
2022-12-05,144.31573486328125,148.53801893223152,143.4693076933105,145.43774157529282,68826400
2022-12-06,140.6544647216797,144.97517704731527,139.68008441838234,144.74881132681773,64727200
2022-12-07,138.71556091308594,141.10720126498546,137.79039443330282,139.9458322919547,69721100
2022-12-08,140.39857482910156,141.25485398858248,138.87305021328396,140.11315845458282,62128300
2022-12-09,139.9163055419922,143.2724894333561,138.6761823933455,140.09345741010685,76097000
2022-12-12,142.20953369140625,142.21937045590607,138.8336612407948,140.44777667846864,70462700
2022-12-13,143.17404174804688,147.6030180487257,141.9634590975565,147.14043487810696,93886200
2022-12-14,140.94973754882812,144.34528354143862,138.93208948952125,143.05596154285573,82291200
2022-12-15,134.34564208984375,139.5619960317231,133.88305882406812,138.88288378971373,98931900
2022-12-16,132.38702392578125,135.47746472052233,131.61933586337778,134.5326248058533,160156900
2022-12-19,130.28079223632812,133.0661279935264,129.24737645818792,132.97755207276447,79592600
2022-12-20,130.2119140625,131.14691722297425,127.83994745250583,129.31627297471567,77432800
2022-12-21,133.31216430664062,134.65069977293228,130.65478191534362,130.88114757728772,85928000
2022-12-22,130.1429901123047,132.43621717922085,128.24345879689446,132.2295400503929,77852100
2022-12-23,129.77886962890625,130.3300288114699,127.5939064280565,128.85370313619094,63814900
2022-12-27,127.97773742675781,129.33596171498522,126.68841553829142,129.3064364059333,69007800
2022-12-28,124.05071258544922,128.96195335269854,123.88339749624971,127.62341762114275,85438400
2022-12-29,127.56438446044922,128.42064856881274,125.7140589354878,125.9699499861123,75703700
2022-12-30,127.87931060791016,127.89899915340173,125.41877555904108,126.38331154566909,77034200
2023-01-03,123.09602355957031,128.8340031338152,122.21022673136561,128.22379338136977,112117500
2023-01-04,124.36565399169922,126.62935597280962,123.10585750129947,124.88728777203856,89113600
2023-01-05,123.04681396484375,125.75341088924934,122.79092293482029,125.12351256937882,80962700
2023-01-06,127.57421875,128.2336424206293,122.91887596059405,124.02120184221346,87754700
2023-01-09,128.09584045410156,131.30439758356596,127.83994943275363,128.41079711233908,70790800
2023-01-10,128.6667022705078,129.18833615231142,126.09789493911427,128.20411901412172,63896200
2023-01-11,131.38314819335938,131.402821722743,128.40097153395064,129.17849644752224,69458900
2023-01-12,131.3043975830078,132.14097304777255,129.36548883237654,131.76698078856714,71379600
2023-01-13,132.63308715820312,132.79056549396478,129.58202324711493,129.94617875784812,57809700
2023-01-17,133.79444885253906,135.12313266732727,132.01301865225,132.7019674841355,63646600
2023-01-18,133.07598876953125,136.42232060237055,132.8988218980733,134.6605787592018,69672800
2023-01-19,133.13502502441406,134.09955338686564,131.65869966602656,131.96380450388668,58280400
2023-01-20,135.69400024414062,135.84164181281548,132.10161400912494,133.14488168206822,80223600
2023-01-23,138.8828887939453,141.05801539977267,135.72354499448727,135.94007397852303,81760300
2023-01-24,140.28045654296875,140.90051809732327,138.0856567013407,138.0954934654877,66435100
2023-01-25,139.62103271484375,140.18202862963406,136.61916767862735,138.6663409653264,65799300
2023-01-26,141.68789672851562,141.9733130723702,139.66039693887691,140.91035682918778,54105100
2023-01-27,143.62681579589844,144.90630122192567,140.82180564980067,140.9005448317984,70555800
2023-01-30,140.7430419921875,143.2527985417942,140.59541543784155,142.6721140707524,64015300
2023-01-31,142.0126495361328,142.0618633846007,140.03437897857034,140.4477482733763,65874500
2023-02-01,143.13467407226562,144.29605796571016,139.08955653554688,141.69772563249788,77663600
2023-02-02,148.43960571289062,148.7939093931277,145.831421817907,146.5498959772077,118339000
2023-02-03,152.06153869628906,154.8960886893848,145.496812581912,145.6936529941079,154357300
2023-02-06,149.33522033691406,150.68360765070338,148.400217321163,150.16197391503306,69858300
2023-02-07,152.2091522216797,152.77999988075524,148.2624474794368,148.2624474794368,83322600
2023-02-08,149.5222625732422,152.14028370808583,148.7840997356859,151.45133472995892,64120100
2023-02-09,148.48878479003906,151.89418154841005,148.04589023070798,151.3528593012469,56007100
2023-02-10,148.8535614013672,149.17885078358248,147.08912934244577,147.32570754066396,57450700
2023-02-13,151.6529998779297,152.05713357186568,148.76483299254943,148.79440338379132,62199000
2023-02-14,151.01223754882812,151.5741049324063,148.70565732767898,149.94765859116993,61707600
2023-02-15,153.1118621826172,153.279432747917,150.696851620169,150.923562968411,65573800
2023-02-16,151.51498413085938,154.09756497312395,151.16012443154224,151.3178281549916,68167900
2023-02-17,150.37155151367188,150.81512239489066,148.69583093968438,150.17441057100683,59144100
2023-02-21,146.3596649169922,149.1394018439348,146.29067235544917,148.05510409777494,58867200
2023-02-22,146.7835235595703,147.80866542554767,145.0585140913541,146.74408634882758,51011300
2023-02-23,147.26654052734375,148.19311959888688,145.13739706863274,147.946689634791,48394200
2023-02-24,144.6149444580078,145.0880857046954,143.6390765358812,145.0092263234326,55469600
2023-02-27,145.80767822265625,147.03982803359767,145.344388690471,145.6006854773172,44998500
2023-02-28,145.304931640625,146.9510815880518,144.7332124606566,144.95007197860627,50547000
2023-03-01,143.23492431640625,145.12750429739225,142.9392054041828,144.73322244168676,55479000
2023-03-02,143.82635498046875,144.61493369350907,141.8450488958328,142.31820514818978,52238100
2023-03-03,148.87322998046875,148.952089353373,145.2260704687506,145.9259229618336,70732300
2023-03-06,151.63323974609375,154.067968230875,151.26852832672452,151.59380254131042,87558000
2023-03-07,149.4351043701172,151.83039589059405,148.9718149331636,151.50510660246357,56182000
2023-03-08,150.68695068359375,151.2783884609091,149.66180891591966,150.62780991403972,47204800
2023-03-09,148.43951416015625,152.33310365607178,148.08465449485655,151.36710263865677,53833600
2023-03-10,146.37939453125,148.78455331931613,145.50210448552664,148.0649820559655,68572400
2023-03-13,148.32125854492188,150.9531285889032,145.59081050522525,145.69924028415588,84457100
2023-03-14,150.41098022460938,151.209410853691,147.95654755608294,149.11968969699433,73695900
2023-03-15,150.80526733398438,151.06154904978908,147.7791005346977,149.03096880678774,77167900
2023-03-16,153.6244354248047,154.22572509887632,149.47454848721353,149.98712698991974,76161100
2023-03-17,152.7865753173828,154.50173325502132,152.07685582876627,153.85115455030763,98944600
2023-03-20,155.15231323242188,155.56632884505603,151.94872341311736,152.85559899795223,73641400
2023-03-21,157.0054168701172,157.12369840917287,154.30453974820858,155.0734148747329,73938300
2023-03-22,155.57615661621094,159.82460651427928,155.5564380089166,157.0251659140942,75701800
2023-03-23,156.66041564941406,159.2430113419942,155.4282660956086,156.5618527096425,67622100
2023-03-24,157.96157836914062,158.0502895303303,155.59585715875076,156.59142861861952,59196500
2023-03-27,156.01974487304688,158.47419284355544,155.6155961034445,157.65604352005258,52390300
2023-03-28,155.398681640625,156.2266974968931,153.75253179068108,155.71411911746748,45992200
2023-03-29,158.4741668701172,158.75016719414856,157.074446643704,157.09415020907082,51305700
2023-03-30,160.0414581298828,160.1498879032855,158.96702721945866,159.22330893800608,49501700
2023-03-31,162.54518127441406,162.64375926608275,159.59788883873148,160.120319104618,68749800
2023-04-03,163.79705810546875,163.91533966892132,161.87490749491164,161.92419649331373,56976200
2023-04-04,163.26478576660156,164.4574983782598,162.75220722625122,164.22093523724538,46278300
2023-04-05,161.4214630126953,162.69304993016723,159.48946069965245,162.38747921010668,51511700
2023-04-06,162.30860900878906,162.60432792623257,159.68659100348637,160.1104432538072,45390100
2023-04-10,159.71615600585938,159.71615600585938,157.79400566862077,159.11486640899105,47716900
2023-04-11,158.50375366210938,160.0414742096721,158.21788648492154,160.03162242596915,47644200
2023-04-12,157.813720703125,159.74572277857914,157.49828319805357,158.9177218890988,50133100
2023-04-13,163.1957550048828,163.4323331532267,159.11487595150933,159.32188371142138,68445600
2023-04-14,162.8507843017578,163.94493394539444,161.48063430124813,162.23962776220338,49386500
2023-04-17,162.87046813964844,163.02818690758198,161.68760746192598,162.73246797792896,41516200
2023-04-18,164.09275817871094,165.019337094876,163.28446081239204,163.72804670609275,49923000
2023-04-19,165.2362060546875,165.7586363174907,163.17604035173306,163.43233711220313,47720200
2023-04-20,164.2701873779297,165.47276665465435,163.1957564794937,163.71818673436218,52456400
2023-04-21,162.66348266601562,164.07305473489896,162.14105238473394,162.69305305620966,58337300
2023-04-24,162.9690399169922,163.23518844762253,161.5496011414824,162.64375061086378,41949600
2023-04-25,161.43133544921875,163.93505711689548,161.3918982344198,162.83105575677226,48714100
2023-04-26,161.4214630126953,162.91976126426218,160.47518046288778,160.73146218660858,45498800
2023-04-27,166.0050811767578,166.15293313578908,162.8310621018307,162.8310621018307,64902300
2023-04-28,167.25692749023438,167.424513091262,165.4826438930684,166.08393356927388,55275900
2023-05-01,167.16819763183594,168.0159171618742,166.23176694003394,166.86262693627947,52472900
2023-05-02,166.1331787109375,167.917343863649,165.14745908753102,167.6610471353951,48425700
2023-05-03,165.0587615966797,168.47921017635485,164.77290950021637,167.07949000013943,65136000
2023-05-04,163.42247009277344,164.65461977543495,161.96360907995128,162.535328337613,81235400
2023-05-05,171.0913848876953,171.8109560965244,168.32149974515366,168.5383592942621,113453200
2023-05-08,171.0223846435547,171.36739258858663,169.65223472844943,170.0169462399646,55962800
2023-05-09,169.3170623779297,171.0617752659888,169.14949184838724,170.57878228109809,45326900
2023-05-10,171.08152770996094,171.54481722364216,169.4452292165715,170.54924563088602,53724500
2023-05-11,171.268798828125,172.09679977091955,169.71135988855104,171.3673768150292,49514700
2023-05-12,170.34097290039062,171.81171738299747,168.79124488441096,171.3773983196224,45533100
2023-05-15,169.847412109375,170.97268634600138,169.2551561693846,170.92332917405315,37266700
2023-05-16,169.847412109375,170.903583292935,169.58089543020992,169.76844364659667,42110300
2023-05-17,170.45941162109375,170.69630196545663,168.21872838992437,169.4920742376562,57951600
2023-05-18,172.7888946533203,172.97644284674885,170.350798262134,170.7653713447007,65496700
2023-05-19,172.89749145507812,174.11159953538055,172.68033195301507,174.11159953538055,55809500
2023-05-22,171.94992065429688,172.45334281427654,171.20960812415922,171.7327611071874,43570900
2023-05-23,169.34396362304688,171.14046198217582,169.06758157728734,170.8936912226268,50747300
2023-05-24,169.620361328125,170.19287135053577,168.3174194294986,168.88004898113246,45143500
2023-05-25,170.7555389404297,171.65377326209193,169.47232768730396,170.18302884098296,56058300
2023-05-26,173.16400146484375,173.49962120538788,170.87397623432938,171.08127033696854,54835000
2023-05-30,175.00985717773438,176.67803022234617,174.28929064745816,174.6742524991613,55964400
2023-05-31,174.96051025390625,177.03339115324283,174.47683402760893,175.03947872320146,99625300
2023-06-01,177.76377868652344,177.79338997239293,174.64459270694314,175.40465085487386,68901800
2023-06-02,178.61268615722656,179.4319669478336,176.94451328757913,178.69165461361322,61996900
2023-06-05,177.2604217529297,182.5610542820425,175.7403050283916,180.27102884609,121946500
2023-06-06,176.8951873779297,177.79342164547316,175.13816542041533,177.64536518975015,64848400
2023-06-07,175.52313232421875,178.8693435880805,175.0295907510138,176.13511905525095,61944600
2023-06-08,178.23760986328125,178.50411146672758,175.16778069465795,175.60208462454239,50214900
2023-06-09,178.62255859375,179.87614324556046,178.29681937394096,179.15557682326966,48900000
2023-06-12,181.41603088378906,181.51474523727245,178.63246384356634,178.92859184232086,54274900
2023-06-13,180.9422149658203,181.7713612206094,180.08345742062403,180.4388079672042,54929100
2023-06-14,181.57394409179688,182.00826309164242,179.668880824476,181.00143405215442,57462900
2023-06-15,183.60733032226562,184.11075236554325,181.40613912687283,181.58382192499832,65433200
2023-06-16,182.53140258789062,184.57467180700263,181.88980460620309,184.31802056497352,101256200
2023-06-20,182.62025451660156,183.69618663444365,182.02801364300083,182.02801364300083,49799100
2023-06-21,181.58383178710938,183.015099412311,180.23151756348105,182.51167734169172,49515700
2023-06-22,184.5845489501953,184.63390612000734,181.29756025506936,181.3666633051449,51245300
2023-06-23,184.2686767578125,185.13731475683954,182.6202496908907,183.15328303090953,53117000
2023-06-26,182.87689208984375,185.62098193195177,182.83740033087778,184.41673933227065,48088700
2023-06-27,185.63088989257812,185.95662920109734,183.27176132029933,183.48892085931215,50730800
2023-06-28,186.8054962158203,187.44709427325768,185.17681495512898,185.50253915791174,51216800
2023-06-29,187.14108276367188,187.61489349976054,186.49948476837957,186.6376758009822,46347300
2023-06-30,191.4645233154297,191.96793030893548,188.7895213028153,189.15475231695294,85213200
2023-07-03,189.97401428222656,191.37567043424474,189.2830440838622,191.27695610256632,31458200
2023-07-05,188.85865783691406,190.48733932830032,188.15782203618815,189.0955632614615,46920300
2023-07-06,189.33241271972656,189.53970680413252,186.75612514844465,187.3878577490578,45094300
2023-07-07,188.21701049804688,190.1813114167851,187.7827065576724,188.9375920522482,46815000
2023-07-10,186.1737518310547,187.53593138541007,184.62402407003376,186.8153498480431,59922200
2023-07-11,185.65060424804688,186.85484691926047,184.18972537508213,186.71665587805697,46638100
2023-07-12,187.31878662109375,189.22385000348103,186.03557542450565,187.22993768452707,60750200
2023-07-13,188.0788116455078,188.72042471252908,187.32863389417258,188.0393349477294,41342300
2023-07-14,188.22689819335938,188.71055932283986,187.18059240914323,187.77283329330808,41616200
2023-07-17,191.4842987060547,191.81003800912126,189.3324492359564,189.4212831199665,50520200
2023-07-18,191.2276153564453,191.81987127398517,189.93453883356673,190.85253399958415,48288200
2023-07-19,192.57992553710938,195.6694855056854,190.1615598085878,190.60575926840173,80507300
2023-07-20,190.6353759765625,193.93223012421538,190.01350876450033,192.57005054034346,59581200
2023-07-21,189.4607696533203,192.4516308259383,188.75993388819955,191.5928731808388,71951700
2023-07-24,190.26031494140625,192.39241858357238,189.7667732684065,190.91179356457312,45377800
2023-07-25,191.1190185546875,191.92843389899372,190.42806342033606,190.83277109248917,37283200
2023-07-26,191.9876708984375,193.112945076557,190.82292002182845,191.16839008411552,47471900
2023-07-27,190.72421264648438,194.65279947329122,190.06286872536143,193.48804855415668,47460200
2023-07-28,193.30050659179688,194.09017617119656,191.63233355900982,192.15548645475204,48291400
2023-07-31,193.91250610351562,193.9519978690126,192.73787459795656,193.52754422924545,38824100
2023-08-01,193.08335876464844,194.1888872056883,192.7576194786216,193.70522604358104,35175100
2023-08-02,190.09246826171875,192.65887532596588,189.37190180440743,192.52068429221174,50389300
2023-08-03,188.70068359375,189.8851803589987,188.22688789998924,189.09552588996192,61235200
2023-08-04,179.63925170898438,184.95962880576235,179.57014866509618,183.12365370967743,115956800
2023-08-07,176.5398406982422,180.7645556934903,175.0592158617292,179.77747246914834,97576100
2023-08-08,177.47755432128906,177.94148460917899,175.2862285117603,177.36897457174686,67823000
2023-08-09,175.8883514404297,178.59294967088076,174.72358547458126,178.53372709089916,60378500
2023-08-10,175.67117309570312,178.41526279292168,175.30595718386297,177.16166309157035,54686900
2023-08-11,175.73048400878906,176.55087114534,174.50485775151037,175.26594233781003,52036700
2023-08-14,177.38116455078125,177.60849603671858,175.2560608313475,175.90841909398483,43675600
2023-08-15,175.39442443847656,177.40090780634856,174.99906405268155,176.80786722765603,43622600
2023-08-16,174.524658203125,176.47182426987777,174.4554618287455,175.0781688700227,46964900
2023-08-17,171.9844207763672,175.4537562487029,171.47044012349116,175.08804707675128,66062900
2023-08-18,172.46876525878906,173.07169980381985,169.968073231539,170.30413115315332,61172200
2023-08-21,173.8031005859375,174.08974972921308,171.7274356199635,173.04203097276417,46311900
2023-08-22,175.17698669433594,175.62177093693052,174.2083431088137,175.00895776189057,42038900
2023-08-23,179.0219268798828,179.44695366375947,176.264252478764,176.45205395893973,52722800
2023-08-24,174.33685302734375,179.00217866700072,173.9711287799832,178.57715186115848,54945800
2023-08-25,176.54100036621094,177.07473842454561,173.78332608108835,175.3252527852027,51449600
2023-08-28,178.10272216796875,178.49808262553688,176.48172016068384,178.00387451255935,43820700
2023-08-29,181.98716735839844,182.75813070921157,177.4206898063463,177.61837000977968,53003900
2023-08-30,185.4762725830078,185.67396786591692,182.5999932338842,182.79767343476072,60813900
2023-08-31,185.69374084472656,186.92926105598286,185.30825914209595,185.66408956621913,60794500
2023-09-01,187.26527404785156,187.71993689405832,186.09893549926448,187.29492531686378,45766500
2023-09-05,187.5025177001953,187.77927298177536,185.43673181910435,186.09896874874457,45280000
2023-09-06,180.79116821289062,186.6623614722439,179.36784680674066,186.21756222129898,81755800
2023-09-07,175.503173828125,176.1456533918577,171.52973657694065,173.15073850258275,112488800
2023-09-08,176.115966796875,178.15211655476327,175.7304851357375,176.2840107997074,65551300
2023-09-11,177.28231811523438,178.21143169284028,175.28571330476424,177.98410020535158,58953100
2023-09-12,174.2577667236328,178.043402311121,172.79491507430095,177.4108165912451,90370200
2023-09-13,172.19198608398438,175.24618840249718,171.96463950783718,174.46533118918654,84267900
2023-09-14,173.7042694091797,174.06009984649242,171.5692867853032,171.98441978182902,60895800
2023-09-15,172.98269653320312,174.45544195430384,171.806494041059,174.43566940930017,109259500
2023-09-18,175.90841674804688,177.30208708635865,174.1292647291417,174.43567131089117,67257600
2023-09-19,176.99566650390625,177.54917706999674,175.07813698421282,175.46361863431386,51826900
2023-09-20,173.45716857910156,177.61839243619755,173.3681996565953,177.1834868845125,58436200
2023-09-21,171.91522216796875,174.25777881422758,171.84604087673065,172.52805046683002,63149100
2023-09-22,172.76524353027344,175.0287248458324,172.03382526857388,172.6466384244914,56725400
2023-09-25,174.04029846191406,174.91998813589507,172.13264765845275,172.18207147695253,46172700
2023-09-26,169.96804809570312,173.1705067749598,169.67152023376326,172.7949188930673,64588900
2023-09-27,168.4557647705078,171.03553164114703,167.0917606780329,170.62039864934732,66921800
2023-09-28,168.71273803710938,170.03721192481018,165.678293523344,167.3783703364052,56294400
2023-09-29,169.2267303466797,171.06518493104676,168.36679806748614,170.02734498983367,51861100
2023-10-02,171.73728942871094,172.28092127496365,168.94994891630552,169.2365980179806,52164500
2023-10-03,170.40293884277344,171.61870157072957,168.84125459232132,170.26456118455488,49594600
2023-10-04,171.64834594726562,172.19197782627828,168.98950418793981,169.10810929534875,53020300
2023-10-05,172.88385009765625,173.4175881136583,170.6796715086417,171.77681389678688,48527900
2023-10-06,175.4340057373047,175.92821386257307,171.17391902858174,171.78674735969838,57266700
2023-10-09,176.91661071777344,176.9759132731787,173.76356081110382,174.76185568517045,42390800
2023-10-10,176.32354736328125,177.6381425852869,175.88864186643335,176.03691333055846,43698000
2023-10-11,177.71722412109375,177.76664794425923,175.54271164011269,176.13575227199846,47551100
2023-10-12,178.61668395996094,180.227791982292,176.96601576479657,177.98409824545533,56743100
2023-10-13,176.7782440185547,179.82255265296823,176.0764618780152,179.31846581874476,51427100
2023-10-16,176.6497039794922,177.0055343332113,174.46529804209953,174.70252330525588,52517000
2023-10-17,175.097900390625,176.35319301979084,172.7751316803463,174.60369235668924,57549400
2023-10-18,173.8031005859375,175.5229501994882,173.08156098457755,173.5461178040648,54764400
2023-10-19,173.42750549316406,175.77992569036093,173.16062890788183,174.0007735918687,59302900
2023-10-20,170.8773956298828,173.3879661145723,170.64017031492207,173.27923973046956,64244000
2023-10-23,170.99598693847656,171.99428177951037,167.96154224302492,168.93020088937016,55980100
2023-10-24,171.43089294433594,171.65822442721412,169.4639394511676,171.045411263789,43816600
2023-10-25,169.1179962158203,171.05528327402416,168.6731969171006,169.88895954662036,57157000
2023-10-26,164.95675659179688,169.39475015606334,163.75088778515044,168.39644027726376,70625300
2023-10-27,166.2713623046875,167.00279566914165,164.89746448966903,164.97653958977486,58499100
2023-10-30,168.31741333007812,169.18722454290702,166.91386392521838,167.06213542669778,51131000
2023-10-31,168.79183959960938,168.92032345051314,165.95507483465602,167.3882903979478,44846000
2023-11-01,171.9547576904297,172.2117404582064,168.14934950515965,169.01916053768616,56934900
2023-11-02,175.5130615234375,175.7206204672586,173.42750286114074,173.4868054165182,77334800
2023-11-03,174.6037139892578,174.77175801380423,171.34195262679097,172.2216424329047,79829200
2023-11-06,177.15382385253906,177.35150406781844,174.16881791314302,174.33684685023218,63841300
2023-11-07,179.71383666992188,180.32664987384885,176.89684453064555,177.10440348202485,70530000
2023-11-08,180.77146911621094,181.32497986970384,179.48652482015274,180.2377309130676,49340300
2023-11-09,180.2969970703125,181.98718027395728,179.70394133589065,180.8406289798602,53763500
2023-11-10,184.48348999023438,184.65175539538808,181.6430032262288,182.07848170612579,66133400
2023-11-13,182.89993286132812,184.1172820619318,182.31600272709323,183.9094496896321,43627500
2023-11-14,185.51280212402344,186.17591157835597,184.38452385663774,185.77012344749633,60108400
2023-11-15,186.07693481445312,187.55162053928348,185.84930383072194,185.91859136162876,53790500
2023-11-16,187.7594451904297,188.99659293267834,186.71033121940587,187.62088524737388,54412900
2023-11-17,187.7396697998047,188.42257785422723,186.63119011836693,188.29390964052354,50922700
2023-11-20,189.48155212402344,189.9368291546864,187.9277023558229,187.93759410143886,46505100
2023-11-21,188.67990112304688,189.55085808280586,187.78916067013205,189.44198846283598,38134500
2023-11-22,189.343017578125,190.94635649331246,188.8679569924961,189.52117473642568,39617700
2023-11-24,188.01681518554688,188.93724609528368,187.30421669327737,188.90755574993122,24048300
2023-11-27,187.83863830566406,188.70959528304604,186.95778958150402,187.96730652329646,40552600
2023-11-28,188.4423828125,189.11539919710927,187.45266438364885,187.8287622192218,38415400
2023-11-29,187.42295837402344,190.11499348364924,187.02707707633283,188.93722623545,43014200
2023-11-30,187.99697875976562,188.36318478193425,186.2550800746654,187.888109148078,48794400
2023-12-01,189.2737274169922,189.59042941044567,187.2843840288066,188.37308016671426,45704800
2023-12-04,187.48231506347656,188.09595062883508,185.52267721747734,188.0266631045601,43389500
2023-12-05,191.43130493164062,192.40122460244103,188.22461231756913,188.25431775925796,66628400
2023-12-06,190.3426513671875,192.75755159573393,190.1348038567878,192.4507413057332,41089700
2023-12-07,192.27256774902344,192.99505783958267,191.5995514892092,191.63914867608756,47477700
2023-12-08,193.69778442382812,193.9749043529612,191.67875053796885,192.20330005396386,53406400
2023-12-11,191.1937713623047,191.5005967167582,189.4518726145205,191.12449893522992,60943700
2023-12-12,192.70806884765625,192.71796059458774,189.7488055095461,191.09482308550778,52696900
2023-12-13,195.9246368408203,195.96421892707963,192.8466123940007,193.08413511536142,70404200
2023-12-14,196.0730743408203,197.5675433947849,194.1431268600313,195.98400332676113,66831600
2023-12-15,195.53863525390625,196.36008808380646,194.97448862167192,195.49903806818725,128538400
2023-12-18,193.8759002685547,194.60829718334298,192.39132294807408,194.07384089090513,55751900
2023-12-19,194.91513061523438,194.92502236186388,193.87592334681435,194.1431515248431,40714100
2023-12-20,192.8268280029297,195.6475162401682,192.8268280029297,194.87553713507947,52242800
2023-12-21,192.6783447265625,195.0536776254948,191.51048442189503,194.08375795359612,46482500
2023-12-22,191.60948181152344,193.4008696387368,190.98595440796598,193.17322354105164,37149600
2023-12-26,191.0651092529297,191.89646895007564,190.8473700319769,191.61934905102697,28919300
2023-12-27,191.16409301757812,191.5105004803971,189.12527563548673,190.5108903848591,48087700
2023-12-28,191.5896759033203,192.65857351066379,191.18388776405135,192.14391575114956,34049900
2023-12-29,190.5504608154297,192.40122918172025,189.758683164504,191.9063700376295,42672100
2024-01-02,183.73130798339844,186.5025222946912,181.99930092657837,185.22577720716953,82488700
2024-01-03,182.3555908203125,183.96883642924203,181.5440145919006,182.32590048043423,58414500
2024-01-04,180.0396270751953,181.20748720945008,179.0202186183797,180.27714975909794,71983600
2024-01-05,179.31716918945312,180.88092604513352,178.31755906038765,180.11885376441708,62379700
2024-01-08,183.65213012695312,183.6917273170526,179.63387614033877,180.21780632812883,59144500
2024-01-09,183.23643493652344,183.24632668227045,180.8512103460259,182.0289774717032,42841800
2024-01-10,184.27565002441406,184.48348240733844,182.02898528742006,182.45457200324566,46792900
2024-01-11,183.68182373046875,185.12681915669637,181.73207738578324,184.62205313633504,49128400
2024-01-12,184.0084228515625,184.8199990991005,183.28593272766105,184.14698280822722,40477800
2024-01-16,181.74197387695312,182.36548612847807,179.0697224204938,180.28708678689063,65603000
2024-01-17,180.80174255371094,181.04917214343425,178.44622312883942,179.40625114511818,47317400
2024-01-18,186.69058227539062,187.1953332109462,183.9193677995691,184.17668914088887,78005800
2024-01-19,189.59043884277344,189.97642838325277,186.8786203129096,187.38337121910467,68903000
2024-01-22,191.89646911621094,193.3216657993532,190.28322355100102,190.32282073770045,60133900
2024-01-23,193.17320251464844,193.7373491711095,191.83709192633378,193.01485907067706,42355600
2024-01-24,192.5001983642578,194.36087349468033,192.3418398208385,193.41073733606618,53631300
2024-01-25,192.17361450195312,194.2520291241628,191.1245154438125,193.21282181305796,54822100
2024-01-26,190.4415740966797,192.75751105858055,189.966513589549,192.27255880614135,44594000
2024-01-29,189.75868225097656,190.22385105233468,187.63079398239137,190.03580216218106,47145600
2024-01-30,186.1066131591797,189.82796344587697,185.54248160944437,188.9768051464624,55859400
2024-01-31,182.50404357910156,185.17629499887522,182.45456974695213,185.11689921687164,55467800
2024-02-01,184.9387664794922,185.02783750412453,181.93002942176474,182.0982797244824,64885400
2024-02-02,183.9391632080078,185.40394215196616,177.40701599262258,178.01074479617154,102551700
2024-02-05,185.75030517578125,187.30417000412038,183.92922730587782,186.21547393955785,69668800
2024-02-06,187.3536834716797,187.36357521832525,184.8496972971495,184.93876832266957,43490800
2024-02-07,187.46255493164062,189.0856924097343,186.67077723703076,188.67990426473503,53439000
2024-02-08,186.38377380371094,187.59121634154823,185.42374576060666,187.44276462432762,40962000
2024-02-09,187.14682006835938,188.27653811843788,186.30447993507684,186.9486117161699,45155200
2024-02-12,185.46212768554688,186.96842336096995,185.1053738445565,186.72067805809255,41781900
2024-02-13,183.3711700439453,184.53063145226378,181.85496988989732,184.09459726813964,56529500
2024-02-14,182.4891815185547,183.85674041023526,180.79461213824646,183.64864282656313,54630500
2024-02-15,182.20179748535156,182.82612045767794,179.71444020641266,181.89459574378543,65434500
2024-02-16,180.66578674316406,183.18288755084293,180.03155935687485,181.76577652013776,49752500
2024-02-20,179.92254638671875,180.78469520216953,178.3766181157698,180.15046783149373,53665600
2024-02-21,180.67572021484375,181.24057170015067,179.03068760645021,180.29914247718926,41371400
2024-02-22,182.70721435546875,183.29190480468338,180.81445159653885,181.82524161821627,52292200
2024-02-23,180.87388610839844,183.37114775196545,180.58649310326592,183.34141952676862,45119700
2024-02-26,179.52615356445312,181.11171437415507,179.0207434868858,180.59641504961763,40867400
2024-02-27,180.98289489746094,182.2612539462515,177.94057546451762,179.4666949255866,54318900
2024-02-28,179.7838134765625,181.46847854843006,178.50545433930714,180.8639793914523,48953900
2024-02-29,179.11985778808594,180.92345088953732,177.9108594746495,179.63517226295397,136682600
2024-03-01,178.0396728515625,178.90182159301432,175.78023709238585,177.93066432277888,73563100
2024-03-04,173.5208282470703,175.30458245485661,172.2226300679557,174.56134649455421,81510100
2024-03-05,168.58572387695312,170.48840604509627,168.0902332564625,169.21995126633416,95132400
2024-03-06,167.59475708007812,169.69564777442116,167.1587228770791,169.5172632726602,68587700
2024-03-07,167.47581481933594,169.1902079797121,166.97041987504164,167.62445594378354,71765100
2024-03-08,169.19021606445312,172.13343143853632,167.41636636953461,167.4758228221548,76267000
2024-03-11,171.1920166015625,172.80732093128213,170.49833272784605,171.38030546468005,60139500
2024-03-12,171.66766357421875,172.46045153320196,169.4676841705973,171.58838326620315,59825400
2024-03-13,169.58660888671875,171.6280276345068,169.21993557914925,171.21181736641944,52488700
2024-03-14,171.4397430419922,172.73792596009017,170.49831395125625,171.35055836544484,72913500
2024-03-15,171.06317138671875,171.06317138671875,168.75418335618096,169.62625165850892,121752700
2024-03-18,172.15325927734375,176.107279800922,171.95506605696912,173.98658058844927,75604200
2024-03-19,174.49197387695312,175.01719271038215,171.46947815172825,172.76766112194616,55215200
2024-03-20,177.05862426757812,177.05862426757812,173.51090945491785,174.1352325028599,53423100
2024-03-21,169.82444763183594,175.8892630091755,169.29922879245808,175.45322885093574,106181300
2024-03-22,170.72625732421875,171.48931715990707,168.5262776263353,170.210942813777,71160100
2024-03-25,169.3091278076172,170.38929358279395,167.92174518816086,169.03165430796025,54288300
2024-03-26,168.179443359375,169.8740129173693,168.05061095138228,168.46682128354186,57388400
2024-03-27,171.74696350097656,172.0343565405087,168.57582642397568,168.87312383270142,60273300
2024-03-28,169.93344116210938,170.67667701496117,168.97218824939392,170.2010103030642,65672700
2024-04-01,168.49652099609375,169.70551918920845,167.95147834818596,169.64606274055888,46240500
2024-04-02,167.31729125976562,167.81278194588518,166.71279201785276,167.55513223272627,49329500
2024-04-03,168.11996459960938,169.14067408704202,167.05962251511946,167.2677201117247,47691700
2024-04-04,167.29745483398438,170.3694875068381,167.29745483398438,168.7541832986243,53704400
2024-04-05,168.0506134033203,168.85330584999502,167.4262903353845,168.06051777285862,42104800
2024-04-08,166.9307861328125,167.67402205960258,166.72268854116854,167.50555706407098,37425500
2024-04-09,168.1397705078125,168.54607640984824,166.83168324813985,167.17851757917794,42373800
2024-04-10,166.266845703125,167.56502882108228,165.60289002910008,167.27765088979615,49709300
2024-04-11,173.4613494873047,173.87757491447604,166.64340884278624,166.8217782077108,91070300
2024-04-12,174.95773315429688,176.75140669942581,172.63884078505302,172.68837774790788,101670900
2024-04-15,171.132568359375,175.03703722038412,170.94427948721847,173.77848669689703,73531800
2024-04-16,167.8524169921875,172.1929047923956,166.75242714722782,170.20103782824683,73711200
2024-04-17,166.48484802246094,169.11094225529814,166.48484802246094,168.08032842085646,50901200
2024-04-18,165.53347778320312,167.11905360596796,165.04790671737481,166.51455452467067,43122900
2024-04-19,163.51190185546875,164.89926951971245,162.6002009445124,164.7109957890585,68149400
2024-04-22,164.34432983398438,165.75152141981465,163.28398774037723,164.0272236912775,48116400
2024-04-23,165.39476013183594,165.54341638804536,163.43262154349364,163.85875133255257,49537800
2024-04-24,167.49566650390625,167.77314006308927,164.71101142134987,165.03802194946388,48251800
2024-04-25,168.35780334472656,169.07131105182287,166.63349053238153,168.0010494911784,50558300
2024-04-26,167.77313232421875,169.79472746518425,167.65420428921547,168.34790327634968,44838400
2024-04-29,171.93524169921875,174.44242297655094,171.53885525962073,171.80640930182136,68169400
2024-04-30,168.7938232421875,173.4117990890393,168.46679764398493,171.76676673002254,65934800
2024-05-01,167.77313232421875,171.1523820898212,167.58484346320657,168.05060587060277,50383100
2024-05-02,171.46949768066406,171.85597979307556,169.34879824722077,170.95418315705703,94214900
2024-05-03,181.7261199951172,185.31346675883958,181.01261238934663,184.96661732338913,163224100
2024-05-06,180.07122802734375,182.53876191493006,178.7928536161005,180.70545548743195,78569700
2024-05-07,180.75498962402344,183.23244296383282,179.6847430878599,181.79552305097843,77305800
2024-05-08,181.09190368652344,181.41892928578648,179.81352951475225,181.20091221961113,45057100
2024-05-09,182.90542602539062,182.99461071341904,180.46760537105857,180.9135439323752,48983000
2024-05-10,181.64517211914062,183.66950932429603,180.7322345449188,183.4809650708303,50759500
2024-05-13,184.85035705566406,185.6640710757596,183.2030934113359,184.01680743143146,72044800
2024-05-14,185.9915313720703,186.8548647149755,184.8602810891409,186.07091921634225,52393600
2024-05-15,188.26397705078125,189.18683240943687,185.9320062923224,186.46787049037354,70400000
2024-05-16,188.38302612304688,189.63336565724362,188.2044148419799,189.00819589014523,52845200
2024-05-17,188.41281127929688,189.34559954047234,187.72810435814964,188.0555735439889,41282900
2024-05-20,189.57383728027344,190.44708847543168,187.55941793463836,187.8769693298537,44361300
2024-05-21,190.873779296875,191.25085261805762,189.4547462309282,189.62343971650407,42309400
2024-05-22,189.43492126464844,191.3401994424317,188.8097665310703,190.79441741971692,34648500
2024-05-23,185.4457550048828,189.5341303535584,185.1976736824305,189.5142796080912,51005900
2024-05-24,188.52195739746094,189.11735863774422,186.59684388111853,187.37087155015982,36327000
2024-05-28,188.5319061279297,191.51880009814326,187.64873713728954,190.04022981736387,52280100
2024-05-29,188.82960510253906,190.77456966628964,188.05559245514976,188.15483105781396,53068000
2024-05-30,189.82191467285156,190.70508365256933,189.16699143181853,189.29598343446253,49889100
2024-05-31,190.77455139160156,191.09210277636024,188.45251367186646,189.9707702687458,75158300
2024-06-03,192.5408935546875,193.49353258818425,191.04248767189634,191.41956102246726,50080500
2024-06-04,192.8584442138672,193.82100104656786,191.548567440495,193.1462119125533,47471400
2024-06-05,194.36676025390625,195.38885414673365,193.3744349100596,193.90036613096368,54156800
2024-06-06,192.9874267578125,194.9919281725913,192.67980832687616,194.1881470745491,41181800
2024-06-07,195.37893676757812,195.42855606321456,192.65004206608782,193.1561225415401,53103900
2024-06-10,191.6378631591797,195.7857909182053,190.6753063763642,195.3888517006261,97010200
2024-06-11,205.56016540527344,205.57009834825277,192.14393919328205,192.16377479587797,172373300
2024-06-12,211.4347686767578,218.51003809526938,205.3121079690946,205.77850209290926,198134300
2024-06-13,212.59579467773438,215.08652592836702,209.9760562824749,213.09195736730385,97862700
2024-06-14,210.85922241210938,213.5186471242216,209.67835280423736,212.20878551515116,70122700
2024-06-17,215.0071258544922,217.2696263789355,211.08744385812574,211.73244926121387,93728300
2024-06-18,212.64540100097656,216.95210469802018,211.36530791117931,215.92007781385274,79943300
2024-06-20,208.07077026367188,212.59578653831548,207.24715355520107,212.28815296354617,86172500
2024-06-21,205.89761352539062,210.26383945834172,205.52052500822026,208.77535128006048,241805100
2024-06-24,206.5426025390625,211.06760381745957,205.00449518251241,206.12582769938734,80727000
2024-06-25,207.46548461914062,209.75775393646785,207.0090082596573,207.54485732874397,55549700
2024-06-26,211.61338806152344,213.2110325348534,209.0234182045521,209.87681864015101,66213200
2024-06-27,212.45689392089844,214.08430712231802,210.72032430967755,213.04236232724844,49772700
2024-06-28,209.00355529785156,214.41174043740799,208.68601906723538,214.1140398112984,82542700
2024-07-01,215.08651733398438,215.84067914098924,210.29358412725625,210.46227761796723,60402900
2024-07-02,218.57949829101562,218.68865467979296,213.4491783018458,214.49110775455017,58046200
2024-07-03,219.84967041015625,219.84967041015625,217.34900644671097,218.3115631866412,37369800
2024-07-05,224.6029052734375,224.71206166235044,219.94889718329503,219.94889718329503,60412400
2024-07-08,226.07159423828125,226.10136279083508,221.53665960457084,225.34718574831138,59085900
2024-07-09,226.92494201660156,227.63941744293055,224.63267299949706,226.18069804264906,48076100
2024-07-10,231.19195556640625,231.29119415797783,227.49058625437067,227.54020555015646,62627700
2024-07-11,225.823486328125,230.60648662367137,224.03729767642758,229.61416127735984,64710600
2024-07-12,228.77069091796875,230.8545803134063,226.92496506939614,227.1631286162611,53046500
2024-07-15,232.60104370117188,235.40932611038664,231.3010999839828,234.66508213718535,62631300
2024-07-16,233.01783752441406,234.4567062015191,230.54694204130521,233.19644881294397,43234300
2024-07-17,227.12342834472656,229.6836295353235,224.9006141352506,227.68904591405493,57345900
2024-07-18,222.45950317382812,228.67146993188885,220.5641731481692,228.51269423226466,66034600
2024-07-19,222.5885009765625,225.0593965950336,221.56640705838353,223.09459660515446,49151500
2024-07-22,222.2412109375,226.03188622300922,221.3778775132773,225.26779139889447,48201800
2024-07-23,223.2831268310547,225.19832267550643,220.97100689389265,222.64803919770813,39960300
2024-07-24,216.86279296875,223.0747598557794,215.46362561910502,222.28089648286087,61777600
2024-07-25,215.8208465576172,219.15506035064124,212.97286249707204,217.24978234747041,51391200
2024-07-26,216.28724670410156,217.80550332568987,214.35220009781358,217.02155779536062,41601300
2024-07-29,216.5651092529297,217.61697179557376,214.0942134588753,215.29493390237633,36311800
2024-07-30,217.1207733154297,218.63902977566391,214.4613337033208,217.50777956722112,41643800
2024-07-31,220.3756103515625,222.10226187087767,218.93674165630796,219.7405227481965,50036300
2024-08-01,216.6841583251953,222.7571844619209,215.35444602521784,222.64802807062824,62501000
2024-08-02,218.17266845703125,223.8686218452105,216.03917485082664,217.468110743228,105568600
2024-08-05,207.66392517089844,211.8614570593827,194.49576385779395,197.56204548052773,119548600
2024-08-06,205.63958740234375,208.37841518370308,199.52687447574846,203.72440665766518,69660500
2024-08-07,208.20970153808594,212.00037630720823,204.80601788828693,205.31209833985366,63516400
2024-08-08,211.67294311523438,212.5561121759152,207.22732925913098,211.47448105000998,47161100
2024-08-09,214.58042907714844,215.1162780786914,210.3431957915856,210.47220292637738,42201600
2024-08-12,216.1103973388672,218.07747160820446,214.1929998012183,214.65993379251097,38028100
2024-08-13,219.8259735107422,220.44192247615112,217.58071280084246,217.58071280084246,44155300
2024-08-14,220.27305603027344,221.57450454206742,218.2662343099079,219.13056699635618,41960600
2024-08-15,223.2534637451172,223.87935717471936,221.30624816369337,223.13425172393934,46414000
2024-08-16,224.57479858398438,225.34970708383625,222.19045191126241,222.45869413327577,44340200
2024-08-19,224.4158477783203,224.515201244893,221.5844407323156,224.24695901251525,40687800
2024-08-20,225.03179931640625,225.68749582093912,223.97871925960482,224.2966382287883,30299000
2024-08-21,224.9224853515625,226.4921759358446,223.58130467937312,225.04171252806572,34765500
2024-08-22,223.06472778320312,226.8498614975527,222.43883427921395,226.3034477368646,43695300
2024-08-23,225.359619140625,226.7306179936649,222.8660050723941,224.18732719786422,38677300
2024-08-26,225.69740295410156,225.79675641202357,222.4288803537143,225.28014571740593,30602200
2024-08-27,226.54185485839844,227.356510742363,223.42234738221904,224.52510403050715,35934600
2024-08-28,225.0119171142578,228.35991942602843,224.20719049274723,226.43257756563742,38052200
2024-08-29,228.29039001464844,231.3999685703833,227.38634017099784,228.59837969678284,51906300
2024-08-30,227.5055389404297,228.89639643358683,225.99545426270925,228.68777538921813,52990800
2024-09-03,221.31617736816406,227.50551530861938,219.72661311891838,227.0584551007716,50190600
2024-09-04,219.40872192382812,220.33264539565292,216.06070449558098,220.2134333758585,43840200
2024-09-05,220.92872619628906,224.00848612752256,220.07433805346514,220.18362078658942,36615400
2024-09-06,219.37893676757812,223.77009004470926,218.33578603187902,222.48850009081283,48423000
2024-09-09,219.4683380126953,219.82598924771256,215.2957503769675,219.37892899374344,67180000
2024-09-10,218.6735382080078,220.0345925843304,215.31559161387113,217.49130185519834,51591000
2024-09-11,221.2069091796875,221.63409569372266,216.46803428284608,220.01474349397893,44587100
2024-09-12,221.31617736816406,222.09108577088907,218.385432495375,221.0479351797721,37455600
2024-09-13,221.04795837402344,222.57790161811045,220.46181236980377,222.12091208096655,36766600
2024-09-16,214.9082794189453,215.80239985733417,212.52393298456082,215.12682972853557,59357400
2024-09-17,215.3751983642578,215.48448109873988,213.10014982176025,214.3419921866889,45519300
2024-09-18,219.24977111816406,221.25659276615585,216.12031904206836,216.13026348358338,59894900
2024-09-19,227.3763885498047,228.32020097310811,223.16406850984052,223.52171975466862,66781300
2024-09-20,226.71075439453125,231.56884144729943,226.1345376792504,228.46920754640476,318679900
2024-09-23,224.99205017089844,227.95259834339626,224.33635371548323,225.8563676699032,54146000
2024-09-24,225.88616943359375,227.85325878901892,224.25687274556688,227.15781488965328,43556100
2024-09-25,224.89268493652344,225.80667911779153,222.5580303354434,223.46208007568333,42308700
2024-09-26,226.0352020263672,227.00880227293717,223.9389713421174,225.81663654010723,36636700
2024-09-27,226.3034210205078,228.02214184296878,225.8166284941723,226.9690618971705,34026000
2024-09-30,231.4794464111328,231.4794464111328,228.15130238402674,228.53875664504176,54541900
2024-10-01,224.7337646484375,228.15130254219565,222.27988260723768,228.02216122790813,63285000
2024-10-02,225.30001831054688,225.8861642954019,221.56456176324298,224.41582711263038,32880600
2024-10-03,224.197265625,225.3298253274289,221.8626109260752,223.67072564154154,34044200
2024-10-04,225.3199005126953,226.5120662505933,222.66732681912907,226.41271278943105,37245100
2024-10-07,220.24322509765625,224.2171205854488,219.8855738973866,223.0348842523572,39505400
2024-10-08,224.29661560058594,224.5052366387564,221.79305702807565,222.83620769655573,31855700
2024-10-09,228.04202270507812,228.25065892191472,223.36276850208282,223.76015205132026,33591100
2024-10-10,227.54525756835938,228.00226223679437,225.68746620848788,226.2934858996686,28183500
2024-10-11,226.0650177001953,227.91287999534921,225.8563814846346,227.80359724609562,31759200
2024-10-14,229.79054260253906,230.21772915238438,227.1081657950345,227.2075041009655,39882100
2024-10-15,232.32388305664062,235.9401275315396,230.853530735341,232.08544385770335,64751400
2024-10-16,230.2673797607422,230.60515724916505,228.34003796565733,230.0885617348273,34082200
2024-10-17,230.63499450683594,232.32391251820164,229.0156421145612,231.9066400773438,32993800
2024-10-18,233.4663543701172,234.63864623478992,232.48280980290272,234.63864623478992,46431500
2024-10-21,234.9367218017578,235.30431748145634,232.9199708414818,232.9199708414818,36254500
2024-10-22,234.32077026367188,234.67842149785605,231.0820505913223,232.36362533760988,38846600
2024-10-23,229.25404357910156,233.60546433739609,226.27362172475395,232.55238437433343,52287000
2024-10-24,229.06532287597656,229.31369139269552,226.91941525331413,228.4791616555193,31109500
2024-10-25,229.8998260498047,231.69801159617745,228.07183749564092,228.24072625952675,38802300
2024-10-28,231.8768310546875,233.1981533252385,231.03238723011694,231.79736647290133,36087100
2024-10-29,232.1450653076172,232.80076177889833,230.80388451731673,231.5787930163908,35417200
2024-10-30,228.59835815429688,231.94636045913163,228.05194445904854,231.09197226998216,47070900
2024-10-31,224.43569946289062,228.330115454563,223.89921505082026,227.84330777090054,64370100
2024-11-01,221.4552764892578,223.87935529424118,218.83250593091054,219.5279346472888,65276700
2024-11-04,220.56114196777344,221.33605042122997,218.2761640538016,219.54780947276666,44944500
2024-11-05,221.99176025390625,222.48849724939907,219.69683776020295,220.3525342324639,28111300
2024-11-06,221.26651000976562,224.59465366535846,219.7464961432124,221.15722727351368,54561100
2024-11-07,225.99545288085938,226.39285156162418,223.10445516924474,223.16406118155706,42137700
2024-11-08,225.7269287109375,227.4176895436531,225.17991383614745,225.9357792784742,38328800
2024-11-11,223.01174926757812,224.47376393957063,220.29658566640109,223.77757009002366,42005600
2024-11-12,223.01174926757812,224.36436096493557,222.14648085284745,223.33001798502116,40398300
2024-11-13,223.8969268798828,225.41861323491412,221.54974806168275,222.79295685996902,48566200
2024-11-14,226.98007202148438,227.62653447284012,223.77756520755418,223.7974607959322,44923900
2024-11-15,223.7775421142578,225.68710865252652,223.05151256020181,225.1699296392811,47923700
2024-11-18,226.78115844726562,228.49181480220403,223.94663659117114,224.02620376766677,44633700
2024-11-19,227.0397491455078,228.90953992555222,225.4285554930197,225.74680903538962,36211800
2024-11-20,227.75582885742188,228.68076882556113,224.66272507245372,226.82093350733243,35169600
2024-11-21,227.2784423828125,228.9095315645878,224.48371169719937,227.63648708983084,42108300
2024-11-22,228.62110900878906,229.46649702017746,226.82094518602503,226.82094518602503,38168300
2024-11-25,231.60479736328125,231.982737654973,228.4918131754458,230.2024695182051,90152800
2024-11-26,233.7829132080078,234.29015208323423,232.06231657216094,232.06231657216094,45986200
2024-11-27,233.6536407470703,234.40952145314378,232.539730455033,233.19614838107907,33498400
2024-11-29,236.04058837890625,236.51797629056327,232.698842645531,233.5342752849028,28481400
2024-12-02,238.2882843017578,239.4817615684827,235.8714939748314,235.98089694287458,48137100
2024-12-03,241.33168029785156,241.441083276618,237.60205398884364,238.50711361537608,38861000
2024-12-04,241.68972778320312,242.78375758332757,239.9392952788925,241.55048900644988,44383900
2024-12-05,241.7195587158203,243.21140922639395,240.81451427308068,242.6644095132275,40033900
2024-12-06,241.52064514160156,243.3009285590703,240.76477968960373,241.5902721155965,36870600
2024-12-09,245.40940856933594,245.89675186527563,240.43657354260168,240.516140724136,44649200
2024-12-10,246.42385864257812,246.86147053083658,244.00705305092782,245.54863486606115,36914800
2024-12-11,245.15081787109375,249.43739908317045,244.92205654138039,246.61283253090062,45205800
2024-12-12,246.6128387451172,247.3885997871069,244.34521203481492,245.54864477609476,32777500
2024-12-13,246.78192138671875,247.9356076049288,244.9021903118032,246.4736080363398,33155300
2024-12-16,249.67608642578125,250.01425073054844,246.3045049916291,246.6426692963963,51694800
2024-12-17,252.1028289794922,252.45093348613432,248.42293425963442,248.72130738305802,51356400
2024-12-18,246.70233154296875,252.89847930582897,246.39401822090946,250.79000225751088,56774100
2024-12-19,248.43289184570312,250.63089166027345,245.74756389880645,246.15534002348284,60882300
2024-12-20,253.10736083984375,253.6145845456153,244.35516822034685,246.69239156062656,147495300
2024-12-23,253.88311767578125,254.26104280923545,252.07299848460428,253.38583418491564,40858800
2024-12-24,256.79718017578125,256.80710520536127,253.90297174117552,254.10189725758943,23234700
2024-12-26,257.6127014160156,258.6868506395932,256.2302692406472,256.7872242633273,27237100
2024-12-27,254.2013702392578,257.29448932345014,251.68511699924173,256.42919055718573,42355300
2024-12-30,250.8297882080078,252.1227283114492,249.38766912858338,250.85962400320443,35557500
2024-12-31,249.05947875976562,251.90394112888606,248.07485191726244,251.06850844936815,39480700
2025-01-02,242.5251922607422,247.7466695110991,240.50622227134204,247.5775797501143,55740700
2025-01-03,242.037841796875,242.8533788995599,240.57582699573507,242.037841796875,40244100
2025-01-06,243.66891479492188,245.98625772407811,241.87869116125097,242.98266113735735,45045600
2025-01-07,240.8940887451172,244.21593900697974,240.03876048613398,241.6598944370817,40856000
2025-01-08,241.3813934326172,242.3859157551251,238.74579711055483,240.605632433071,37628900
2025-01-10,235.56320190429688,238.85521627248303,231.73411285331812,238.70602211575698,61710900
2025-01-13,233.12649536132812,233.39503269669683,228.47192915300568,232.2612269401141,49630700
2025-01-14,232.0125732421875,234.83713969366363,231.2069764534674,233.47458784982285,39435300
2025-01-15,236.57762145996094,237.66171090461415,233.15630892744326,233.36517465190275,39832000
2025-01-16,227.01986694335938,236.71689557722044,226.79112077355302,236.06049286491137,71759100
2025-01-17,228.7305145263672,231.0279618693864,227.2386640256131,230.85888730040747,68488300
2025-01-21,221.43038940429688,223.20071739531107,218.1881065481907,222.783001089375,98070400
2025-01-22,222.61392211914062,222.90233985709415,218.59586314481808,218.59586314481808,64126500
2025-01-23,222.44485473632812,225.7965406078772,221.09224303438072,223.51898889751178,60234800
2025-01-24,221.5696258544922,224.4041477572621,220.2070739772995,223.55875977197638,54697900
2025-01-27,228.61117553710938,230.888727332658,222.76311661057002,222.80290778981754,94863400
2025-01-28,236.9655303955078,238.88505261672515,229.5560092044273,229.59580038333414,75707600
2025-01-29,238.05955505371094,238.55683854812662,232.73861559310797,232.84801856891494,45486100
2025-01-30,236.2991485595703,239.48175963713217,235.92122345328548,237.3732826437262,55658300
2025-01-31,234.71780395507812,245.8470107317681,232.1717149504871,245.8470107317681,100959800
2025-02-03,226.77122497558594,230.5704783469237,224.47377754488917,228.74047863837345,73063300
2025-02-04,231.5352020263672,231.86341095944582,225.4186058340825,226.0153521080233,45067300
2025-02-05,231.2069854736328,231.4058958330951,227.0298072213747,227.2883891710869,39620300
2025-02-06,231.95291137695312,232.5297620441898,229.17806101517482,230.03338922164468,29925300
2025-02-07,226.39328002929688,232.72866665415378,226.0252799376335,231.33627899238985,39707200
2025-02-10,226.66209411621094,229.58933825388894,226.21404995469493,228.57377553913867,33115600
2025-02-11,231.6105499267578,234.20922454356437,227.1400438259152,227.2097321635687,53718400
2025-02-12,235.8420867919922,235.9317077791751,229.67894615315132,230.19669384296432,45243300
2025-02-13,240.48187255859375,241.28835511000761,234.54774465400956,235.8819260401158,53614100
2025-02-14,243.53855895996094,244.484433375407,239.94422402720738,240.2030902821229,40896200
2025-02-18,243.40911865234375,244.11602908498713,240.7905267294893,243.0905000064508,48822500
2025-02-19,243.807373046875,244.94242536854557,242.10480216065562,243.5982928571997,32204200
2025-02-20,244.76321411132812,245.70908851524857,243.2298884862767,243.87707690453925,32316900
2025-02-21,244.4844207763672,247.6107939080121,244.155851012499,244.88267886995578,53197400
2025-02-24,246.0277099609375,247.7800669312537,243.3593319822528,243.86711335623195,51326400
2025-02-25,245.9679718017578,248.91513366913293,243.84722519384715,246.92381259977986,48013300
2025-02-26,239.31695556640625,243.91690216055417,238.0922974197643,243.26972892021308,44433600
2025-02-27,236.27023315429688,241.4078448384303,236.0312691715791,238.3710773588995,41153600
2025-02-28,240.79052734375,241.03944246427386,229.2010399398617,235.92174819400608,56833400
2025-03-03,236.9970703125,242.97103338088397,235.08540395372597,240.7407483660274,47184000
2025-03-04,234.9061737060547,239.02822274747484,233.6615980851158,236.6784633674393,53798100
2025-03-05,234.7169952392578,235.5234777567522,228.23523611666363,234.3983766092207,47227600
2025-03-06,234.3087921142578,236.82781201573715,232.1482106078643,233.42265485870865,45170400
2025-03-07,238.03256225585938,240.32256924437755,233.74125275300776,234.08974000390756,46273600
2025-03-10,226.4928436279297,235.13518456664028,223.24699590534985,234.5178647329352,72071200
2025-03-11,219.88165283203125,224.8599551431671,216.50636447278404,222.8387656202518,76137400
2025-03-12,216.0384063720703,220.78771110845915,213.9773970817033,219.18469713036333,62547500
2025-03-13,208.77008056640625,215.899013195213,207.51555384047248,215.01287598245443,61368300
2025-03-14,212.5635528564453,213.02154815111564,208.67051688888432,210.3332680009786,60107600
2025-03-17,213.0713348388672,214.28604179494317,209.05882446828872,212.3843267022667,48073400
2025-03-18,211.7670440673828,214.2163605039484,210.57225445008928,213.23066628615402,42432400
2025-03-19,214.3059539794922,217.81066771448715,212.82241448637808,213.29037609854922,54385400
2025-03-20,213.17092895507812,216.54621759798974,211.29908226715483,213.0614056873257,48862900
2025-03-21,217.32281494140625,217.89033350890864,210.36314278996363,210.64192650603025,94127800
2025-03-24,219.77212524414062,220.5188705761007,217.63146136955083,220.0409578175666,44299500
2025-03-25,222.77903747558594,223.12752472855482,219.1249652538438,219.81197343150768,34493600
2025-03-26,220.56866455078125,224.04352508950674,219.51326687455483,222.5400680439697,34466100
2025-03-27,222.8786163330078,224.0136687326393,219.60288467242046,220.42928473771144,37094800
2025-03-28,216.9544219970703,222.8387793372666,216.73537546649092,220.7080664246457,39818600
2025-03-31,221.1660614013672,224.6409066608951,215.29165561007284,216.0682695484103,65299300
2025-04-01,222.22146606445312,222.70932997882656,217.95007407622174,218.85612876373423,36412700
2025-04-02,222.91842651367188,224.21278818927524,220.06088576879955,220.3595869543347,35905900
2025-04-03,202.30824279785156,206.58958563447752,200.37665915579902,204.64803566499702,103419000
2025-04-04,187.56253051757812,199.01262630823254,186.52703508606032,193.0486144227304,125910900
2025-04-07,180.6725616455078,193.30748067285785,173.86223225537526,176.43103817745248,160466300
2025-04-08,171.67178344726562,189.5140179775097,168.47572171547168,185.88981432593783,120859500
2025-04-09,197.9871063232422,199.73946342084193,171.1440912269536,171.2038284291051,184395900
2025-04-10,189.5936737060547,193.93475416517637,182.20587449762067,188.24954112448538,121880000
2025-04-11,197.29013061523438,198.67409816298056,185.25259829067514,185.29243322025624,87435900
2025-04-14,201.64117431640625,212.01595519155484,200.28707539108044,210.52246440005902,101352900
2025-04-15,201.26280212402344,202.62685207462172,198.93296032454862,200.98401841430368,51343900
2025-04-16,193.4269561767578,199.8290454554037,191.53519224238798,197.49920369317184,59732400
2025-04-17,196.1251983642578,197.9671763411939,193.5763099497932,196.34424488667963,52164700
2025-04-21,192.32177734375,192.958999427942,188.98630873883343,192.43130060162235,46742500
2025-04-22,198.8732452392578,200.715208155226,195.1196006832811,195.26894368988752,52976400
2025-04-23,203.71214294433594,207.09738254349836,201.9199510184256,205.10606155750318,52929200
2025-04-24,207.46578979492188,207.923800345576,202.0593601483308,204.00089523709073,47311000
2025-04-25,208.371826171875,208.8397878176709,205.30519003897632,205.47445049920006,38222300
2025-04-28,209.2281036376953,210.5822025692478,206.55974070372147,209.08871177088434,38743100
2025-04-29,210.29345703125,211.31898611202763,207.46576971677675,207.78438836336602,36827600
2025-04-30,211.57785034179688,212.65316547487808,205.7731479657814,208.39173986928208,52286500
2025-05-01,212.39430236816406,213.62891164873253,207.99346964638974,208.1726964341785,57365700
2025-05-02,204.45887756347656,206.09176007843143,201.28271832700744,205.19565656630735,101010600
2025-05-05,198.02691650390625,203.21431440062256,197.34987465543003,202.21865389928206,69018500
2025-05-06,197.6485595703125,199.77927242381972,196.16503515467957,197.3498735756035,51216500
2025-05-07,195.39837646484375,198.574535944944,192.41139491378883,198.30570335142838,68536700
2025-05-08,196.63299560546875,199.18188402861682,193.83517686729027,196.86199326420865,50478900
2025-05-09,197.66847229003906,199.6697443694255,196.6827629534363,198.1364339272832,36453900
2025-05-12,210.15049743652344,210.6290521628615,206.1227607044075,210.32995926202443,63775800
2025-05-13,212.28399658203125,212.75257189298435,208.36592688565332,209.79158118866218,51909300
2025-05-14,211.68582153320312,213.29093762104833,209.94113079478424,211.78550901932945,49325800
2025-05-15,210.80850219726562,212.31393091132972,208.90429308394448,210.31001909194578,45029500
2025-05-16,210.6190643310547,211.92510277199543,209.1335944967917,211.71573318604425,54737900
2025-05-19,208.14659118652344,208.84446444770495,203.64029993754312,207.27923550566183,46140500
2025-05-20,206.232421875,207.83753801206538,204.40797196423648,207.03996203611737,42496600
2025-05-21,201.4768829345703,206.41186226922272,200.10108001028593,204.5475404614086,59211800
2025-05-22,200.74908447265625,202.13486667390606,199.09411717835945,200.1010626250374,46742400
2025-05-23,194.67759704589844,197.1002176461426,192.8730906309023,193.082445017036,78432900
2025-05-27,199.60260009765625,200.1309909415137,196.83102019804124,197.6983910952664,56288500
2025-05-28,199.81195068359375,202.11494001836002,199.2935240345892,199.98143310081724,45339700
2025-05-29,199.3433837890625,203.19167383577107,197.90775006205254,202.9623758748587,51396800
2025-05-30,200.24066162109375,201.3472946799051,196.18300200128658,198.7651407343476,70819900
2025-06-02,201.08807373046875,201.51677709467234,199.51286535414474,199.67238359256916,35423300
2025-06-03,202.65330505371094,203.1517881077627,200.35031577799097,200.73913195165156,46381600
2025-06-04,202.20468139648438,205.6143037964219,201.48686455307688,202.29440469878628,43604000
2025-06-05,200.02133178710938,204.12882762641604,199.54277706238673,202.88261988754903,55126100
2025-06-06,203.30133056640625,205.07592905349443,201.4370087789868,202.3841235560851,46607700
2025-06-09,200.83883666992188,205.37503589356555,199.4131823149893,203.76991971327615,72862600
2025-06-10,202.05511474609375,203.73002568042446,199.96149509379936,199.9914028593682,54672600
2025-06-11,198.1769256591797,203.8795731269679,197.80805305990708,202.88260699920767,60989900
2025-06-12,198.5956573486328,199.07419684911244,196.7612432530472,198.47602627663701,43904600
2025-06-13,195.85400390625,199.76210952406473,195.1062792678608,199.12405177447246,51447300
2025-06-16,197.81802368164062,198.08720880439395,195.96366601516638,196.701426450214,43020700
2025-06-17,195.04644775390625,197.78810453675544,194.61775963167673,196.6017124403596,38856200
2025-06-18,195.9835968017578,196.97059871241268,194.4781834746436,195.34553910938874,45394700
2025-06-20,200.3901824951172,201.08805571006383,196.26274352386682,197.63856158511533,96813500
2025-06-23,200.88868713378906,201.68626312768808,198.35639970659372,201.01829760639046,55814300
2025-06-24,199.69232177734375,202.8227948624406,199.59261907789957,201.97536755465325,54064000
2025-06-25,200.94850158691406,203.05210084338043,200.01135094007643,200.83883469818846,39525700
2025-06-26,200.3901824951172,202.0252062612044,198.85486142223453,200.81887060840756,50799100
2025-06-27,200.46995544433594,202.60346239871808,199.39323017588663,201.2774955925489,73188600
2025-06-30,204.54754638671875,206.7608124915243,198.6554726965608,201.39712965217615,91912800
2025-07-01,207.18951416015625,209.55231908550664,205.51460310500556,206.04299395149746,78788900
2025-07-02,211.7954864501953,212.69274987948137,207.5085290616707,208.2761972389462,67941800
2025-07-03,212.90213012695312,213.9987837940836,211.16740350258758,211.5063683517463,34955800
2025-07-07,209.3130340576172,215.57398008038285,208.16652910348648,212.03474730839852,50229000
2025-07-08,209.37286376953125,210.78855393169587,207.8175989494771,209.46260228799343,42848900
2025-07-09,210.4994354248047,210.6888614301138,206.59132988433592,208.8943192909964,48749400
2025-07-10,211.7655792236328,212.83232507172787,209.39279496736208,209.87133445003573,44443600
2025-07-11,210.5193634033203,211.48642172848318,209.22330444266433,209.93115706069412,39765800
2025-07-14,207.98707580566406,210.27013683517245,206.91035052542594,209.29309904361602,38840100
2025-07-15,208.47560119628906,211.2471659954246,208.2861751856472,208.5852680860029,42296300
2025-07-16,209.5224151611328,211.7556096589697,208.0070223143888,209.66198981724762,47490500
2025-07-17,209.38282775878906,211.15742622671814,208.95412441878605,209.93116216460888,48068100
2025-07-18,210.539306640625,211.1474566075158,209.06380098140497,210.23024956462245,48974600
2025-07-21,211.83535766601562,215.12534891613055,210.98794558852114,211.45652088357517,51377400
2025-07-22,213.74954223632812,214.29787667610697,211.5861274580158,212.49337032996837,46404100
2025-07-23,213.50030517578125,214.49727137359017,211.76559372759175,214.3477325289176,46989300
2025-07-24,213.11146545410156,215.0356179140754,212.88216751340357,213.25104009789538,46022600
2025-07-25,213.2311248779297,214.58699944946258,212.7525701732737,214.04862920984866,40268800
2025-07-28,213.40061950683594,214.1981955143971,212.41361748607306,213.38067592321022,37858000
2025-07-29,210.62904357910156,214.1582970701604,210.18041185237743,213.53020352524888,51411700
2025-07-30,208.415771484375,211.74563469104578,207.0898047125579,211.25711581327238,45512500
2025-07-31,206.94027709960938,209.20337937318874,206.5315173151756,207.85748415888986,80698400
2025-08-01,201.76602172851562,212.93203997684435,200.88868661623732,210.23025491744008,104434500
2025-08-04,202.7330780029297,207.24933356384108,201.06813110178,203.8895472057539,75109300
2025-08-05,202.3043670654297,204.71702329589334,201.54667827641916,202.78290655256814,44155100
2025-08-06,212.60304260253906,214.72658548105818,204.96627784328447,205.00616501036765,108483100
2025-08-07,219.36245727539062,220.1799768073744,215.92292715514498,218.2159523061407,90224800
2025-08-08,228.65419006347656,230.29917810781973,218.58482597462978,220.16003429974123,113854000
2025-08-11,226.747802734375,229.12327986736793,224.3324083989562,227.48640043221798,61806100
2025-08-12,229.21310424804688,230.36092560837628,226.63802588155738,227.57622481823222,55626200
2025-08-13,232.88612365722656,234.55294488479396,229.99163136972763,230.6304284784954,69878500
2025-08-14,232.337158203125,234.67270293292236,230.41083714463488,233.6147219132583,51916300
2025-08-15,231.1494140625,233.834298979768,228.9036945156081,233.5548328767578,56038700
2025-08-18,230.4507598876953,232.67651332576617,229.672244959047,231.25921652669462,37476200
2025-08-19,230.1213836669922,232.42698672077375,228.9136940815642,230.84001516813981,39402600
2025-08-20,225.5800323486328,230.0315543310328,225.3404986724704,229.54248102593337,42263900
2025-08-21,224.47215270996094,226.08908123987146,223.35428822884654,225.83955683035407,30621200
2025-08-22,227.3267059326172,228.65417758009713,224.98118568943215,225.73973438952316,42477800
2025-08-25,226.72784423828125,228.86377239669042,225.79960559269966,226.04912998143794,30983100
2025-08-26,228.87376403808594,229.0534295301293,224.26255788237486,226.43840339540802,54575100
2025-08-27,230.05152893066406,230.46073738560713,227.82576024347395,228.17510050695543,31259500
2025-08-28,232.11758422851562,232.9659733126178,228.90370861616245,230.3809040856524,38074700
2025-08-29,231.69837951660156,232.9360260407387,230.92984008944924,232.0676707602769,39418400
2025-09-02,229.28298950195312,230.4108447009183,226.53822101083426,228.81388239599917,44075600
2025-09-03,238.01634216308594,238.395624134605,233.9141603097862,236.75874463665696,66427800
2025-09-04,239.32383728027344,239.44360411673358,236.28962732845326,237.99636566705198,47549400
2025-09-05,239.2340087890625,240.86091270031892,238.03629475202086,239.54341659874092,54870400
2025-09-08,237.42745971679688,239.69313028194867,235.89038089866295,238.84475646782593,48999500
2025-09-09,233.9041748046875,238.3257397896772,232.9160527142261,236.54912730927947,66313900
2025-09-10,226.35855102539062,231.97784546194652,225.52015268533836,231.7482872752143,83440800
2025-09-11,229.59239196777344,230.01159113632517,226.21881717306923,226.44839058875493,50208600
2025-09-12,233.6247100830078,234.06386022938602,228.58431421011397,228.78393068206054,55824200
2025-09-15,236.24969482421875,237.7368657054393,234.58287368836292,236.54912714503797,42699500
2025-09-16,237.6969451904297,240.76111223381088,235.87043992435724,236.72878926810645,63421100
2025-09-17,238.5353546142578,239.6432435766681,237.27774187166392,238.5153883976145,46508000
2025-09-18,237.42745971679688,240.74113579799257,236.199788714976,239.5134800259323,44249600
2025-09-19,245.032958984375,245.83144010441063,239.7530294205925,240.77107799962133,163741300
2025-09-22,255.5928192138672,256.15178189089505,247.64797087114997,247.82763635806887,105517400
2025-09-23,253.9459686279297,256.8504363399061,253.0975947938589,255.39322235208516,60275200
2025-09-24,251.8300018310547,255.2534845023776,250.56241362070242,254.73446948849343,42303700
2025-09-25,256.3813171386719,256.6807646844572,251.2311452680336,252.72829161839874,55202100
2025-09-26,254.97401428222656,257.10994249251326,253.2972024297037,253.61660096533106,46076300
2025-09-29,253.9459686279297,254.5148915782133,252.52867184357527,254.0757261912774,40127700
2025-09-30,254.14559936523438,255.4331385813304,252.6284867333586,254.37515755125318,37704300
2025-10-01,254.9640350341797,258.29769267334166,254.44502000530687,254.55481135314994,48713900
2025-10-02,256.6408386230469,257.68882891050583,253.66649683440303,256.09186667190835,42630200
2025-10-03,257.5291442871094,258.7468246365968,253.46689477740222,254.18552630266564,49155600
2025-10-06,256.20166015625,258.57713717661323,254.56478079871025,257.49917477533796,44664100
2025-10-07,255.99209594726562,256.9103287268919,254.94407514023973,256.32145476920215,31955800
2025-10-08,257.569091796875,258.0282082133661,255.62278908467795,256.03201279963565,36496900
2025-10-09,253.55670166015625,257.50917476461467,252.65841993311406,257.3195337882977,38322000
2025-10-10,244.80340576171875,255.8922708493858,243.53581752909898,254.45500785015722,61999100
2025-10-13,247.18885803222656,249.2149949644775,245.09284695690994,248.90558714178317,38142900
2025-10-14,247.29864501953125,248.37659224814226,244.23447809703134,246.13087266264282,35478000
2025-10-15,248.86566162109375,251.3409547309234,246.99922390992754,249.01538540478128,33893600
2025-10-16,246.97926330566406,248.56623493239263,244.66368465033412,247.77774448085987,39777000
2025-10-17,251.81002807617188,252.89796599708643,246.79958926324147,247.5481624372989,49147000
2025-10-20,261.7411193847656,263.87706298772724,255.14370850365398,255.4032084113237,90483000
2025-10-21,262.27008056640625,264.7853058703715,261.3318664386604,261.3817895915523,46695900
2025-10-22,257.9583435058594,262.349966966352,254.94406918261987,262.15033525743416,45015300
2025-10-23,259.0861511230469,260.12418111371363,257.51916110368444,259.4454820834593,32754900
2025-10-24,262.3200378417969,263.62754335723145,258.68694768993146,260.69313376057823,38253700
2025-10-27,268.2986145019531,268.60802232244004,264.1465248140549,264.37609822840903,44888200
2025-10-28,268.4882507324219,269.3765722048576,267.63986169210665,268.4782600095115,41534800
2025-10-29,269.1869201660156,270.8936584399069,266.6018207191691,268.76770579477784,51086700
2025-10-30,270.8836669921875,273.6184749716116,267.969239224885,271.4725408872279,69886500
2025-10-31,269.85565185546875,276.79244258078194,268.647962249571,276.4630533049319,86167100
2025-11-03,268.53814697265625,270.33474092754267,265.74348587775046,269.90556627002525,50194600
2025-11-04,269.5262756347656,270.9734988318123,267.11086611942017,267.8195068636227,49274800
2025-11-05,269.6260986328125,271.18312844251227,266.4221834255846,268.0989800730272,43683100
2025-11-06,269.25677490234375,272.8798740142925,267.38037702601645,267.38037702601645,51204000
2025-11-07,267.9592590332031,271.7719991063764,266.26248096015127,269.28671541495146,48227400
2025-11-10,269.1781311035156,273.4741297822401,267.20997142836535,268.7085692371889,41312400
2025-11-11,274.99267578125,275.65206242273547,269.5477586519058,269.55775905965567,46208300
2025-11-12,273.21435546875,275.4722525277038,271.4460210796085,274.74292397164845,48398000
2025-11-13,272.6948547363281,276.4413491841305,271.83564282199285,273.85374352181776,49602800
2025-11-14,272.15533447265625,275.70200347225597,269.3479639093673,270.7965900477885,47431300
2025-11-17,267.2099609375,270.2371271729127,265.48159771217263,268.5687054184609,45018300
2025-11-18,267.19000244140625,270.4569347049811,265.0719890725528,269.7376065335732,45677300
2025-11-19,268.3089294433594,271.9555110777923,265.2517925781922,265.2817633125939,40424500
2025-11-20,266.0010986328125,275.17250947675234,265.67142054546326,270.5768036466949,45823600
2025-11-21,271.2361755371094,273.0744516711978,265.4216397990326,265.70137680880595,59030800
2025-11-24,275.6620788574219,276.7410558404627,270.64675212306133,270.64675212306133,65585800
2025-11-25,276.7110900878906,280.1179060838009,274.9926967216935,275.012667049666,46914200
2025-11-26,277.29052734375,279.26868736786383,276.3714044558947,276.70108254872224,33431400
2025-11-28,278.5893249511719,278.73917862681736,275.73198274965245,277.0008150112318,20135600
2025-12-01,282.8353576660156,283.1550658399818,275.88187257202503,277.75011957449965,46587700
2025-12-02,285.9224548339844,287.1313151163589,282.36578537497866,282.7354345985028,53669500
2025-12-03,283.8843688964844,288.35019153510143,283.0351573834178,285.9324708384744,43538700
2025-12-04,280.4375915527344,284.46382276925783,278.32954829392816,283.83440686502166,43989100
2025-12-05,278.5193786621094,280.8771882481053,277.79005013345267,280.27774306596746,47265800
2025-12-08,277.6302185058594,279.4085531850005,275.8918244790692,277.86998437615557,38211800
2025-12-09,276.9208679199219,279.7682096639769,276.6611317163261,277.8999627322321,32193300
2025-12-10,278.5193786621094,279.48847306800184,276.1815698919154,277.490342786908,33038300
2025-12-11,277.77008056640625,279.3286197507982,273.5540244422053,278.83908758708685,33248000
2025-12-12,278.0198669433594,278.9589906850317,276.5612402656973,277.64021728323,39532900
2025-12-15,273.8537292480469,279.8880911943856,272.5849275039148,279.8880911943856,50409100
2025-12-16,274.353271484375,275.2424541197232,271.53593087885605,272.5649667835892,37648600
2025-12-17,271.58587646484375,275.90184538512057,271.38608172110213,274.75292651919426,50138700
2025-12-18,271.935546875,273.374203136776,266.7004552212896,273.35420232069225,51630700
2025-12-19,273.4141845703125,274.34330788170604,269.64768928264715,271.8955859651445,144632000
2025-12-22,270.7166748046875,273.62395794129594,270.25711338978425,272.6048920133635,36571800
2025-12-23,272.1053771972656,272.2452609569047,269.30800689497966,270.5868091030317,29642000
2025-12-24,273.55401611328125,275.17249671786806,271.9455359163183,272.085389177814,17910600
2025-12-26,273.1444091796875,275.1125687682936,272.6049054553,273.9037084592662,21521800
2025-12-29,273.50408935546875,274.10350406329195,272.0954038139857,272.4350823114352,23715200
2025-12-30,272.82470703125,273.82377221524894,272.02546707967076,272.5549704076282,22139600
2025-12-31,271.6058349609375,273.42414083736213,271.49595243002375,272.80472532736104,27293600
2026-01-02,270.75665283203125,277.58025431004916,268.7485221479618,272.0054842546519,37838100
2026-01-05,267.0101623535156,271.25618925068443,265.89121426121545,270.38700744645297,45647200
2026-01-06,262.1147155761719,267.2998660934885,261.8749496989937,266.7503924619391,52352100
2026-01-07,260.08660888671875,263.4334831315393,259.56710600115036,262.95395138764474,48309800
2026-01-08,258.7978515625,259.0476178563403,255.46096229095477,256.7797203952787,50419300
2026-01-09,259.1275329589844,259.9667440583015,255.98048371428257,258.8377955175017,39997000
2026-01-12,260.0067138671875,261.05572011368304,256.5599267903311,258.9177364764393,45263800
2026-01-13,260.8059387207031,261.56523797230057,258.148452318208,258.4781303943212,45730800
2026-01-14,259.71697998046875,261.57525710051715,256.4700180914029,259.247418118488,40019400
2026-01-15,257.9685974121094,260.7959687899761,256.8096782083212,260.40631875644857,39388600
2026-01-16,255.29112243652344,258.6579671912775,254.69167723491495,257.6589020182799,72142800
2026-01-20,246.46937561035156,254.55180921698133,243.19244305608962,252.49373739571587,80267500
2026-01-21,247.41848754882812,251.3248360900433,244.9507953165175,248.46750904444812,54641700
2026-01-22,248.1178436279297,250.76536025794266,247.9180183962477,248.96703988447874,39708300
2026-01-23,247.80812072753906,249.17685039145397,244.45126111041233,247.08880782235642,41689000
2026-01-26,255.17123413085938,256.32015295784896,249.5664780183616,251.24490015634893,55969200
2026-01-27,258.0285339355469,261.70511669708895,257.96859246831417,258.92771692213245,49648300
2026-01-28,256.2002868652344,258.61800761819165,254.27208306792676,257.409147241713,41288000
2026-01-29,258.0385437011719,259.4072580677027,254.17216647920577,257.75880668092503,67253000
2026-01-30,259.2374267578125,261.6551472598355,251.94423313215475,254.93144331105526,92443400
2026-02-02,269.7575988769531,270.2371306501278,258.9676766447768,259.7869174093499,73913400
2026-02-03,269.22808837890625,271.6258386480508,267.3598109321867,268.9483513556569,64394700
2026-02-04,276.23150634765625,278.68922850453845,272.03545112075,272.03545112075,90545700
2026-02-05,275.6520690917969,279.2387093202658,272.97458180817284,277.86999494352693,52977400
2026-02-06,277.8599853515625,280.6473855638201,276.67109542368036,276.8609202349588,50453400
2026-02-09,274.6199951171875,278.20001220703125,271.70001220703125,277.9100036621094,44623400
2026-02-10,273.67999267578125,275.3699951171875,272.94000244140625,274.8900146484375,34376900
2026-02-11,275.5,280.17999267578125,274.45001220703125,274.70001220703125,51931300
2026-02-12,261.7300109863281,275.7200012207031,260.17999267578125,275.5899963378906,81077200
2026-02-13,255.77999877929688,262.2300109863281,255.4499969482422,262.010009765625,56290700
2026-02-17,263.8800048828125,266.2900085449219,255.5399932861328,258.04998779296875,58469100
2026-02-18,264.3500061035156,266.82000732421875,262.45001220703125,263.6000061035156,34203300
2026-02-19,260.5799865722656,264.4800109863281,260.04998779296875,262.6000061035156,30845300
2026-02-20,264.5799865722656,264.75,258.1600036621094,258.9700012207031,42070500
2026-02-23,266.17999267578125,269.42999267578125,263.3800048828125,263.489990234375,37308200
2026-02-24,272.1400146484375,274.8900146484375,267.7099914550781,267.8599853515625,47014600
2026-02-25,274.2300109863281,274.94000244140625,271.04998779296875,271.7799987792969,33714300
2026-02-26,272.95001220703125,276.1099853515625,270.79998779296875,274.95001220703125,32345100
2026-02-27,264.17999267578125,272.80999755859375,262.8900146484375,272.80999755859375,72366500
2026-03-02,264.7200012207031,266.5299987792969,260.20001220703125,262.4100036621094,41827900
2026-03-03,263.75,265.55999755859375,260.1300048828125,263.4800109863281,38568900
2026-03-04,262.5199890136719,266.1499938964844,261.4200134277344,264.6499938964844,39803100
2026-03-05,260.2900085449219,261.55999755859375,257.25,260.7900085449219,49658600
2026-03-06,257.4599914550781,258.7699890136719,254.3699951171875,258.6300048828125,41120000
2026-03-09,259.8800048828125,261.1499938964844,253.67999267578125,255.69000244140625,38218500
2026-03-10,260.8299865722656,262.4800109863281,256.95001220703125,257.6499938964844,30590800
2026-03-11,260.80999755859375,262.1300048828125,259.54998779296875,261.0899963378906,26218900
2026-03-12,255.75999450683594,258.95001220703125,254.17999267578125,258.6600036621094,40794000
2026-03-13,250.1199951171875,256.3299865722656,249.52000427246094,255.47999572753906,36930000
2026-03-16,252.82000732421875,253.88999938964844,249.8800048828125,252.11000061035156,32074200
2026-03-17,254.22999572753906,255.1300048828125,252.17999267578125,252.9600067138672,32361600
2026-03-18,249.94000244140625,254.94000244140625,249.0,252.6300048828125,35757900
2026-03-19,248.9600067138672,251.8300018310547,247.3000030517578,249.39999389648438,34864100
2026-03-20,247.99000549316406,249.1999969482422,246.0,247.97999572753906,88331100
2026-03-23,251.49000549316406,254.60000610351562,250.27999877929688,253.97000122070312,40546100
2026-03-24,251.63999938964844,254.8300018310547,249.5500030517578,250.35000610351562,45152300
2026-03-25,252.6199951171875,255.0,251.60000610351562,254.10000610351562,28476700
2026-03-26,252.88999938964844,257.0,250.77000427246094,252.1199951171875,41796700
2026-03-27,248.8000030517578,255.49000549316406,248.07000732421875,253.89999389648438,47900000
2026-03-30,246.6300048828125,250.8699951171875,245.50999450683594,250.07000732421875,39446200
2026-03-31,253.7899932861328,255.47999572753906,247.10000610351562,247.91000366210938,49598100
2026-04-01,255.6300048828125,256.17999267578125,253.3300018310547,254.0800018310547,40059400
2026-04-02,255.9199981689453,256.1300048828125,250.64999389648438,254.1999969482422,31289400
2026-04-06,258.8599853515625,262.1600036621094,256.4599914550781,256.510009765625,29329900
2026-04-07,253.5,256.20001220703125,245.6999969482422,256.1600036621094,62148000
2026-04-08,258.8999938964844,259.75,256.5299987792969,258.45001220703125,41032800
2026-04-09,260.489990234375,261.1199951171875,256.07000732421875,259.0,28121600
2026-04-10,260.4800109863281,262.19000244140625,259.0199890136719,259.9800109863281,31291500
2026-04-13,259.20001220703125,260.17999267578125,256.6600036621094,259.7300109863281,36234700
2026-04-14,258.8299865722656,261.92999267578125,257.19000244140625,259.25,48370700
2026-04-15,266.42999267578125,266.55999755859375,257.80999755859375,258.1600036621094,49913500
2026-04-16,263.3999938964844,267.1600036621094,261.2699890136719,266.79998779296875,43323100
2026-04-17,270.2300109863281,272.29998779296875,266.7200012207031,266.9599914550781,61436200
2026-04-20,273.04998779296875,274.2799987792969,270.2900085449219,270.3299865722656,36590200
2026-04-21,266.1700134277344,272.79998779296875,265.3999938964844,271.5,50209800
2026-04-22,273.1700134277344,273.739990234375,266.8699951171875,267.82000732421875,43249200
2026-04-23,273.42999267578125,275.7699890136719,271.6499938964844,275.04998779296875,33399600
2026-04-24,271.05999755859375,273.05999755859375,269.6499938964844,272.760009765625,38157100
2026-04-27,267.6099853515625,268.3599853515625,265.07000732421875,266.0899963378906,41466800
2026-04-28,270.7099914550781,273.2300109863281,268.6600036621094,272.3399963378906,40018900
2026-04-29,270.1700134277344,271.0400085449219,267.0400085449219,267.54998779296875,30047900
2026-04-30,271.3500061035156,276.0,268.1400146484375,270.5,91848200
2026-05-01,280.1400146484375,287.2200012207031,278.3699951171875,278.8599853515625,79915400
2026-05-04,276.8299865722656,280.6300048828125,274.8599853515625,279.6600036621094,46638000
