Price,Close,High,Low,Open,Volume,Daily Return,MA20,MA50,Volatility
Ticker,AAPL,AAPL,AAPL,AAPL,AAPL,,,,
Date,,,,,,,,,
2020-01-02,72.40052032470703,72.46078378305016,71.15668166173941,71.40978524422886,135480400,,,,
2020-01-03,71.6966323852539,72.45595040957373,71.47245410922795,71.6291376132339,146322800,-0.009722139237346328,,,
2020-01-06,72.26791381835938,72.30648330246464,70.56848776436438,70.81918573286022,118387200,0.007968037188075261,,,
2020-01-07,71.92803192138672,72.53307183094348,71.70867212634163,72.27755544471,108872000,-0.00470308161692512,,,
2020-01-08,73.0851058959961,73.38642316119072,71.63155170295238,71.63155170295238,132079200,0.016086551288849282,,,
2020-01-09,74.63749694824219,74.83033706552648,73.81068409472688,74.06137477592067,170108400,0.021240867523065976,,,
2020-01-10,74.80622863769531,75.37030104945943,74.30483992947904,74.87131787710281,140644800,0.002260682583850926,,,
2020-01-13,76.40442657470703,76.43094632364196,75.0039042885127,75.1220256778742,121532000,0.02136450354625108,,,
2020-01-14,75.37271881103516,76.55147571173875,75.24978634537415,76.3417600315841,161954400,-0.013503245949540443,,,
2020-01-15,75.04969024658203,76.05247495120804,74.61820187883205,75.17263004032235,121923600,-0.004285749135081396,,,
2020-01-16,75.98981475830078,76.1007048279931,75.23049658770428,75.5920773695483,108829200,0.012526694096003599,,,
2020-01-17,76.8310775756836,76.83348311126043,75.9319442855303,76.2380799522902,137816400,0.011070731256005883,,,
2020-01-21,76.31041717529297,76.90099467937888,76.17301471865545,76.459869381581,110843200,-0.006776690068907909,,,
2020-01-22,76.58281707763672,77.1348251407198,76.48880253772091,76.79493830286927,101832400,0.0035696293170304205,,,
2020-01-23,76.95162200927734,77.03116654175618,76.0886451198764,76.6358420591075,104472000,0.004815766064948379,,,
2020-01-24,76.72985076904297,77.93993845348767,76.53941616685312,77.19749582877215,146537600,-0.002881956668926877,,,
2020-01-27,74.47357177734375,75.15333787807808,73.4924810810553,74.74113795467083,161940000,-0.02940549172304041,,,
2020-01-28,76.58037567138672,76.75152179476333,75.25457988632637,75.35341281852345,162234000,0.028289282275083538,,,
2020-01-29,78.18340301513672,79.02950436307852,77.46988569545148,78.20992276333985,216229200,0.02093261269216984,,,
2020-01-30,78.07011413574219,78.12314628033491,76.83591952309017,77.26740800153176,126743200,-0.0014490144330581156,75.21759147644043,,
2020-01-31,74.60857391357422,77.78324876217432,74.31448794421121,77.361404556077,199588400,-0.044338864628138186,75.32799415588379,,0.017679173537172466
2020-02-03,74.4036636352539,75.5679502030693,72.85127664058147,73.35266528651083,173788400,-0.0027464709157647427,75.46334571838379,,0.01751095826414648
2020-02-04,76.86000061035156,77.05043515977154,75.60169956180454,76.00666815397705,136616400,0.033013656251381196,75.6929500579834,,0.018807637923938487
2020-02-05,77.48677062988281,78.28465836318001,76.88413594573808,77.98574655750554,118826800,0.00815469704077576,75.9708869934082,,0.01874096648617416
2020-02-06,78.39311981201172,78.39553270453209,77.19990767879175,77.75674147890366,105425600,0.011696824822628127,76.23628768920898,,0.018615981390137162
2020-02-07,77.32752227783203,78.14180023144418,76.83702208588501,77.89292589511314,117684000,-0.01359299817043913,76.37078895568848,,0.018515517627002008
2020-02-10,77.69479370117188,77.69479370117188,75.8342789707218,75.91401226143752,109348800,0.004749556335456706,76.51521720886231,,0.01852617744989101
2020-02-11,77.2260513305664,78.26262851927434,77.00858949259958,78.19014369789785,94323200,-0.006033124592727979,76.55629844665528,,0.018029914596502064
2020-02-12,79.05999755859375,79.06482742202022,77.67547849475221,77.67547849475221,113730400,0.023747766413397597,76.7406623840332,,0.018406645371886673
2020-02-13,78.49700164794922,78.82319807398167,78.12973294999506,78.33269781258844,94747600,-0.007121122287251258,76.91302795410157,,0.018472888494045894
2020-02-14,78.5163345336914,78.76520890109116,78.00891869878639,78.46558778851511,80113600,0.00024628820638139537,77.03935394287109,,0.018322440497492227
2020-02-18,77.07865905761719,77.25987847546425,76.01791785904396,76.19913727689102,152531200,-0.018310527161164325,77.05173301696777,,0.018713456310520186
2020-02-19,78.19497680664062,78.4245243735885,77.32029218115534,77.32029218115534,93984000,0.014482838215815086,77.14596099853516,,0.018891602599417728
2020-02-20,77.39276885986328,78.44384294584167,76.88777163956716,77.95576130740083,100566000,-0.01025907263533088,77.18645858764648,,0.01905998224525118
2020-02-21,75.64099884033203,77.42903672549149,75.02485563249914,76.98685711850104,129554000,-0.02263480226044401,77.12092742919921,,0.019724746202134366
2020-02-24,72.04801940917969,73.49777501677713,69.8854717188165,71.82572767869755,222195200,-0.047500422869040104,76.88683586120605,,0.022337877498106878
2020-02-25,69.60758972167969,73.09908711151304,69.13642361597664,72.71732141374063,230673600,-0.03387226612906813,76.64353675842285,,0.022637116947860473
2020-02-26,70.71183013916016,71.97553646481957,69.22583207719232,69.23308056046676,198054800,0.015863793329085052,76.35010948181153,,0.021887611966954743
2020-02-27,66.08952331542969,69.10501764925158,65.95421338126829,67.92105203842019,320605600,-0.06536822501459538,75.74541549682617,,0.025044927439875648
2020-02-28,66.05084228515625,67.27105731603613,61.94562123770189,62.160671794936235,426510000,-0.0005852823311922606,75.14445190429687,,0.025057675120211655
2020-03-02,72.20024871826172,72.83572613943491,67.10435837488609,68.20617210459764,341397200,0.09310110545687067,75.02403564453125,,0.03235647821690531
2020-03-03,69.9072036743164,73.45426993984877,69.05667582944147,73.3745366413102,319475600,-0.03175951724062864,74.79921264648438,,0.03307431139344089
2020-03-04,73.14982604980469,73.30930003617219,70.82780458094045,71.62758575768213,219178400,0.04638466717385814,74.61370391845703,,0.03395545975220824
2020-03-05,70.77705383300781,72.37902717401828,70.41219640582361,71.40527520257908,187572800,-0.03243715460350316,74.27821807861328,,0.0345292037061898
2020-03-06,69.83715057373047,70.2696631046371,67.95247104471461,68.13852037839982,226176800,-0.013279773717269516,73.85041961669921,,0.0343844966392343
2020-03-09,64.31356048583984,67.19373670107173,63.54760324031838,63.72882264119381,286744800,-0.07909243207251282,73.19972152709961,,0.038139322984725096
2020-03-10,68.94551849365234,69.21130840087326,65.08675341116529,66.96419096693461,285290000,0.07202148307171297,72.76225776672364,,0.04212591773901853
2020-03-11,66.55101776123047,67.95003374263217,65.68841155580724,67.0246098194062,255598800,-0.03473033178570306,72.22850608825684,,0.042644189360857156
2020-03-12,59.978790283203125,65.23898664623883,59.92321736395271,61.84172741301199,418474000,-0.0987547253087393,71.27444572448731,,0.046670267162155214
2020-03-13,67.16475677490234,67.6359302649127,61.119275269390535,64.00429300943405,370732000,0.11980845992006661,70.70783348083496,73.8013198852539,0.055298694858629906
2020-03-16,58.52421569824219,62.60044010140755,57.99022079286357,58.4613905994218,322423600,-0.12864694955448563,69.7082275390625,73.5237937927246,0.061638805438689326
2020-03-17,61.0975341796875,62.24525368604919,57.60362153116066,59.804833950382424,324056000,0.04397014895019957,68.90917129516602,73.31181182861329,0.06290484070592448
2020-03-18,59.601863861083984,60.406478598445545,57.29433564123959,57.93464652653443,300233600,-0.024480043895139136,67.97951564788818,73.05849082946777,0.0627207125160923
2020-03-19,59.14518737792969,61.09269153777121,58.62085961850456,59.77583112302971,271857200,-0.007662117483753339,67.0671365737915,72.80283393859864,0.06272634999406279
2020-03-20,55.39031982421875,60.84864774255849,55.09070239617697,59.72508515259065,401693200,-0.06348559739472703,66.05460262298584,72.44893821716309,0.06376510994889996
2020-03-23,54.213592529296875,55.21150850172385,51.37207376914633,55.11002608388826,336752800,-0.021244276954099917,65.1628812789917,72.04046012878418,0.06329737581297781
2020-03-24,59.65260314941406,59.8483195377774,56.612948896316425,57.11069765855371,287531200,0.10032558932850577,64.66513195037842,71.73738761901855,0.067830984935698
2020-03-25,59.32398986816406,62.39988643227555,59.02920598580545,60.587692247407915,303602000,-0.0055087835886542535,64.09573993682861,71.39577888488769,0.06764475609037927
2020-03-26,62.44580078125,62.503788640032134,59.526959345508246,59.565620375975534,252087200,0.05262307744343486,63.91355381011963,71.137240524292,0.06739171415414098
2020-03-27,59.86040496826172,61.82482113234886,59.69368249851185,61.07094946417779,204216800,-0.041402236509785806,63.6040319442749,70.83345481872558,0.068004215756659
2020-03-30,61.568702697753906,61.74025873047765,60.26150553022684,60.585287078823825,167976400,0.02853802493314128,63.072454643249515,70.54503257751465,0.06466709340505422
2020-03-31,61.443058013916016,63.42438996368667,60.88973623938196,61.75959108899796,197002000,-0.002040723262510369,62.649247360229495,70.2372721862793,0.06438341568460688
2020-04-01,58.21010208129883,60.09719995282628,57.78000823267317,59.56079010801558,176218400,-0.05261710658810259,61.9022611618042,69.87526588439941,0.06407404092919412
2020-04-02,59.181434631347656,59.23459262853542,57.241178794751,58.07237254686632,165934000,0.016686666322835553,61.32248020172119,69.52723823547363,0.06408620298923746
2020-04-03,58.330909729003906,59.36748322353769,57.7413419398106,58.66676958439928,129880000,-0.014371481658763896,60.747168159484865,69.15482398986816,0.06409234403600372
2020-04-06,63.419559478759766,63.57419624282321,60.256676873255664,60.62394564001491,201820400,0.08723762021536974,60.70246810913086,68.8886181640625,0.06503032592394241
2020-04-07,62.68501281738281,65.64976767726971,62.58111543792132,65.43229844270063,202887200,-0.011582336228982526,60.38944282531738,68.65284698486329,0.06289803723679266
2020-04-08,64.28941345214844,64.60352421399418,63.1199448269442,63.484794969799864,168895200,0.025594644758861973,60.276362609863284,68.40702774047851,0.06273583693880058
2020-04-09,64.75333404541016,65.25592013573771,63.95839000283478,64.92489377394622,161834800,0.007216127327200228,60.51508979797363,68.13842636108399,0.05825820140885241
2020-04-13,66.02427673339844,66.13301133720609,64.23140932290158,64.83064420547504,131022800,0.019627447863873604,60.458065795898435,67.89750961303712,0.05186381956809352
2020-04-14,69.35871124267578,69.64866527052683,67.1840781553046,67.65525160710325,194994800,0.05050315844793829,60.999790573120116,67.79251235961914,0.04313125662566714
2020-04-15,68.72565460205078,69.18474234820361,67.80747910974512,68.23515430833677,131154400,-0.009127283787180418,61.38119659423828,67.67895217895507,0.04252096417267129
2020-04-16,69.27172088623047,69.63657830758835,68.22306550095219,69.43844332553729,157125200,0.007945595969098163,61.86468944549561,67.52718658447266,0.04188122819651961
2020-04-17,68.331787109375,69.33454028123167,66.89652897721241,68.78846350317025,215250000,-0.013568794954570085,62.32401943206787,67.3440869140625,0.042020772225481305
2020-04-20,66.91345977783203,68.06118282102301,66.89413295001411,67.15992291899424,130015200,-0.020756479400615202,62.900176429748534,67.1144937133789,0.03918166239402654
2020-04-21,64.84515380859375,66.99079338426836,64.13477293897611,66.75641592219942,180991600,-0.03091016330803298,63.43175449371338,66.86484634399415,0.03964683436350238
2020-04-22,66.7129135131836,67.14783719048366,65.77057396314187,66.11125999851906,116862400,0.028803381515648763,63.784770011901855,66.64520874023438,0.03384537533792689
2020-04-23,66.45438385009766,68.07811050746528,66.41572281375096,66.65734876053877,124814400,-0.0038752566702824343,64.14128971099854,66.429775390625,0.03381773299250022
2020-04-24,68.37288665771484,68.3825537591584,66.93037962499518,66.9787077583751,126161200,0.028869469498728373,64.43764400482178,66.21603317260742,0.03249370600883674
2020-04-27,68.42121124267578,68.75223755503086,67.64317552817161,68.09017755648323,117087600,0.0007067799433839728,64.86568431854248,66.01451736450196,0.030637386728520743
2020-04-28,67.31214141845703,69.06392923095741,67.22032976851494,68.88270980207805,112004800,-0.016209444470152823,65.15285625457764,65.79043350219726,0.030626698825069906
2020-04-29,69.52302551269531,69.99178036647727,68.59518290617446,68.79814778505363,137280800,0.032845249722393444,65.55685462951661,65.63932083129883,0.031198305328763012
2020-04-30,70.98967742919922,71.16606696831562,69.67282086621682,70.06183497622997,183064000,0.021095916147033655,66.19583339691162,65.49521484375,0.02802032511131878
2020-05-01,69.8468246459961,72.24616888644995,69.0687886861115,69.16543760450267,240616800,-0.01609885865931615,66.72910289764404,65.34429595947266,0.028582655294174763
2020-05-04,70.8350601196289,70.9631215704607,69.18233960605242,69.87097499683554,133568000,0.014148609885151986,67.3543104171753,65.2481771850586,0.02807815766490974
2020-05-05,71.89820098876953,72.72939466051092,71.1491592367676,71.2941362490643,147751200,0.015008681680302782,67.77824249267579,65.24518081665039,0.021515806872853555
2020-05-06,72.64000701904297,73.27064717863384,72.21474300795924,72.59892736503848,142333600,0.010317449116554522,68.27599220275879,65.30582916259766,0.02109972955260744
2020-05-07,73.39144897460938,73.73697961793019,72.96377378346223,73.26580616038919,115215200,0.01034473957814197,68.73109397888183,65.35942153930664,0.020686989659199132
2020-05-08,75.13829040527344,75.19159229593362,73.72337622769179,74.05045567520663,133838400,0.023801702447221018,69.250341796875,65.54039688110352,0.02103223080412205
2020-05-11,76.32064056396484,76.8148865401455,74.43811985212862,74.6464845389423,145946400,0.015735654249174003,69.76515998840333,65.74579284667969,0.02093358522584731
2020-05-12,75.44842529296875,77.45450365262057,75.32728527754581,77.00385895047138,162301200,-0.01142830123739702,70.06964569091797,65.81075637817383,0.018695225995030203
2020-05-13,74.53743743896484,76.54836579208815,73.46171369194431,75.62769739388037,200622400,-0.012074312359290573,70.36023483276367,65.9033610534668,0.01881851802519517
2020-05-14,74.9953384399414,75.0559084279637,73.05467365769209,73.77667057668484,158929200,0.006143235087086474,70.64641571044922,65.94027130126953,0.018804123984743477
2020-05-15,74.55197143554688,74.59800522378177,72.73487156458532,72.7687943111998,166348400,-0.005911927509329007,70.95742492675781,66.01576965332032,0.018499984273683632
2020-05-18,76.30851745605469,76.6816307787651,75.18434194281018,75.87484151863012,135178400,0.023561362452050094,71.42717781066895,66.1451969909668,0.01795830924637272
2020-05-19,75.86756134033203,77.17102150533867,75.83606375790906,76.32546668705436,101729600,-0.00577859628810895,71.97829818725586,66.37627700805665,0.015952118042346426
2020-05-20,77.34304809570312,77.41330397310716,76.68646396339064,76.72522965116472,111504800,0.019448190100011864,72.50980491638184,66.54422760009766,0.015438913415790005
2020-05-21,76.76641082763672,77.7452239875939,76.5289737926269,77.20493698671349,102688800,-0.007455579813105961,73.0254062652588,66.74853546142577,0.015598086443016886
2020-05-22,77.26066589355469,77.34304019898961,76.4029926993938,76.5047461498377,81803200,0.006438428742327362,73.46979522705078,67.09417297363281,0.014753141662491137
2020-05-26,76.73735046386719,78.5568683167511,76.68162339962899,78.37758347481825,125522000,-0.006773374570813173,73.88560218811035,67.28562484741211,0.01499344049728976
2020-05-27,77.07168579101562,77.21705526702166,75.85544287582236,76.59440129810365,112945200,0.004356878692415522,74.37357940673829,67.65657424926758,0.014077598659362844
2020-05-28,77.10562896728516,78.36306306810644,76.47085639414468,76.74705181731085,133560800,0.0004404104558133337,74.75270957946778,67.97673614501953,0.012733240532197612
2020-05-29,77.03050231933594,77.80821903420895,76.67435043039059,77.34788852176631,153532400,-0.00097433415634407,75.05475082397462,68.32530891418457,0.012235785055361935
2020-06-01,77.97782135009766,78.09896135300481,76.8536385740957,76.98447184749915,80791200,0.012297972909932842,75.46130065917968,68.70196159362793,0.011378461603284684
2020-06-02,78.33881378173828,78.36304326033381,77.27035810172477,77.71130947324757,87642800,0.004629424436210838,75.83648834228515,69.16093147277832,0.01119895387406971
2020-06-03,78.77007293701172,79.03173947926652,78.08684155798949,78.65862620653965,104491200,0.005505050873950923,76.18008193969726,69.65206108093261,0.01095565775108698
2020-06-04,78.09169006347656,78.89121109253435,77.71857679947686,78.59321142956854,87560400,-0.008612190496225969,76.45266609191894,70.02084281921387,0.011252227468428513
2020-06-05,80.31581115722656,80.3763811505578,78.31215843959637,78.34123085338769,137250400,0.02848089331838155,76.7988842010498,70.44067924499512,0.012480907783548309
2020-06-08,80.79067993164062,80.82460267780965,79.30308470158906,80.01296326734492,95654400,0.005912519186097143,77.08150367736816,70.80757682800294,0.011644744112257372
2020-06-09,83.34190368652344,83.734396145206,80.43939371025141,80.47089129660488,147712400,0.03157819388376826,77.4325668334961,71.27720680236817,0.012970171228226106
2020-06-10,85.48604583740234,85.9536443071339,83.85065638214942,84.28918244457279,166651600,0.025727059930665153,77.93444786071777,71.75555366516113,0.013228628259381467
2020-06-11,81.38184356689453,85.05480894028344,81.28009011611704,84.63081897651477,201662400,-0.04801020131769995,78.27666816711425,72.1543293762207,0.017585466770475344
2020-06-12,82.08447265625,84.26499296476219,80.97483335252352,83.5187737124544,200146000,0.008633732765932267,78.6311248779297,72.63181678771973,0.01760614678064007
2020-06-15,83.09961700439453,83.75135081292053,80.5774812512651,80.73981210877636,138808800,0.012367069133716768,79.05850715637207,73.11018043518067,0.01750179181452368
2020-06-16,85.30193328857422,85.57329308072946,83.51875616005826,85.15172088189794,165428800,0.026502123157357227,79.50817794799805,73.64960090637207,0.017672256292665327
2020-06-17,85.18321990966797,86.10630607045023,85.06207991592963,86.04573607358105,114406400,-0.0013916845061957561,79.97396087646484,74.08487411499023,0.017548613219302456
2020-06-18,85.21714782714844,85.6338697266432,84.60902265567091,85.13961645194037,96820400,0.0003982934375625913,80.3676658630371,74.53551681518555,0.017292818228178637
2020-06-19,84.73016357421875,86.38735791979117,83.62294217777347,85.92218445110363,264476000,-0.005714627458753618,80.7658535003662,74.94433181762696,0.017231078235996688
2020-06-22,86.94701385498047,87.08995815364833,85.07661214341427,85.12264593038505,135445200,0.026163649251306875,81.2501708984375,75.38820541381835,0.01786518784236685
2020-06-23,88.8028793334961,90.22021867227018,87.77076426941889,88.18991128978877,212155600,0.02134478685617691,81.85344734191895,75.84377746582031,0.01790712957607745
2020-06-24,87.23531341552734,89.35041992465683,86.86220024275121,88.43217689431303,192623200,-0.01765219697530085,82.36162872314453,76.20130950927734,0.018764988461876013
2020-06-25,88.3934326171875,88.43219830369976,86.63205971274161,87.39039728120305,137522400,0.013275807196836631,82.92601890563965,76.59466506958007,0.018770601046016713
2020-06-26,85.67747497558594,88.50972868089589,85.52968033530838,88.28925300034977,205256800,-0.030725785402675565,83.35836753845214,76.92278015136719,0.02053384087830155
2020-06-29,87.65205383300781,87.74654657742667,85.10811395697272,85.58540582946648,130646000,0.0230466509194458,83.84207916259766,77.30918548583985,0.020858251659906724
2020-06-30,88.38371276855469,88.66960869638378,87.22077209809864,87.24015123862776,140223200,0.008347310799365903,84.34432411193848,77.73859054565429,0.020861276846217136
2020-07-01,88.216552734375,89.00396260480164,88.16810117862731,88.46125786012283,110737200,-0.0018912990747222969,84.81664810180663,78.20601852416992,0.020940750470634532
2020-07-02,88.216552734375,89.75745712558465,88.10268825115901,89.12268481304834,114041600,0.0,85.32289123535156,78.63609130859375,0.02071418632755591
2020-07-06,90.57637023925781,91.04396881704737,89.61209327585406,89.64359085564888,118655600,0.026750280210884547,85.83591918945312,79.11853103637695,0.02062013944176866
2020-07-07,90.29533386230469,91.7320524889195,90.18388713248098,90.95433575857336,112424400,-0.0031027560081151595,86.31115188598633,79.55697998046875,0.020725783904513167
2020-07-08,92.39832305908203,92.42982064230873,91.18449788463136,91.27172253001288,117092000,0.02329012039519429,86.76397285461425,80.03652221679687,0.0202604951535242
2020-07-09,92.79564666748047,93.34319433054527,91.74899550161554,93.28989244541889,125642800,0.004300117093514633,87.12945289611817,80.54619232177734,0.019685628475352754
2020-07-10,92.95797729492188,93.01612951561695,91.78050018746696,92.39104305128085,90257200,0.0017493345137524763,87.70825958251953,81.01489135742187,0.015406158988767921
2020-07-13,92.52914428710938,96.8683794397454,92.31593673037001,94.26144459491981,191649200,-0.004613192114238607,88.2304931640625,81.44568069458008,0.015605936557328169
2020-07-14,94.06034851074219,94.25174434945905,90.97854722279762,91.91131912379288,170989200,0.01654834523144011,88.77852973937988,81.929951171875,0.015721577228696285
2020-07-15,94.70722961425781,96.18271360128323,93.5103660869661,95.93316555212387,153198000,0.006877298604116344,89.24879455566406,82.40739456176757,0.014991874507008006
2020-07-16,93.5418701171875,94.39711809164639,92.94343831225127,93.58063579856042,110577600,-0.012304863122032161,89.66672706604004,82.84026794433593,0.015442012457951433
2020-07-17,93.35289764404297,94.14757567538506,92.88044872986721,93.99252033438566,92186800,-0.002020191310135089,90.07351455688476,83.25452575683593,0.015487733463462144
2020-07-20,95.32020568847656,95.45830704424495,93.09607736485056,93.44011817142827,90318000,0.021073883018982276,90.60301666259765,83.69310089111327,0.015698094918801614
2020-07-21,94.00463104248047,96.18515083470295,93.75508296201137,96.11004463336359,103433200,-0.013801634569438836,90.95589752197266,84.07042770385742,0.015542254620747249
2020-07-22,94.26871490478516,94.94952104533722,93.61940634409747,93.7066235863698,89001600,0.0028092643881061363,91.22918930053712,84.42938919067383,0.014998213601747966
2020-07-23,89.97794342041016,94.0797418561393,89.16872914510222,94.00221048521436,197004400,-0.04551638885402054,91.36632080078125,84.71997955322266,0.018017446973706202
2020-07-24,89.75504302978516,90.09908386887433,86.39219558540321,88.17780532258647,185438800,-0.0024772781211893635,91.43440132141113,85.02433166503906,0.017828314666258973
2020-07-27,91.88225555419922,91.97432312790853,90.59333170366311,90.81622514062431,121214000,0.023700200597175813,91.7446403503418,85.36207000732422,0.01687232318027565
2020-07-28,90.37285614013672,91.63028980605597,90.3680058085899,91.45342276195278,103625600,-0.016427539843883565,91.88068046569825,85.67848770141602,0.01679108568199397
2020-07-29,92.10516357421875,92.28929873601002,90.81865739523712,90.85499791564365,90329200,0.019168448448678266,92.06675300598144,85.99442062377929,0.01718742336161053
2020-07-30,93.21965789794922,93.32383652649061,90.87196403764284,91.27899267505967,158130000,0.012100237168922723,92.31690826416016,86.34146255493164,0.0172962938129525
2020-07-31,102.97869110107422,103.12890351490226,97.7115189842411,99.7079111699714,374336800,0.10468857559859912,93.05501518249511,86.85417541503907,0.0285505162381659
2020-08-03,105.57350158691406,108.19012242087766,104.56077304212948,104.85877268635082,308151200,0.02519754774599936,93.80487174987793,87.4303172302246,0.028499310450490003
2020-08-04,106.27852630615234,107.36878610733102,105.04047188715032,105.76246881725352,173071600,0.006678046182430286,94.60403137207031,88.01067443847656,0.02838131708916604
2020-08-05,106.66378784179688,106.98359926980389,105.53476196568732,105.99994289677025,121776800,0.0036250176685244107,95.31730461120605,88.60920318603516,0.028183769596086528
2020-08-06,110.38519287109375,110.87944616652167,106.40695920907454,106.99569786453769,202428800,0.03488911377136206,96.19678192138672,89.27547332763672,0.028819919065104244
2020-08-07,107.87548828125,110.36333556331454,107.07937744727452,109.90702677912203,198045600,-0.0227358808239303,96.94265747070312,89.89087051391601,0.029656405302113546
2020-08-10,109.44342803955078,110.46041197638358,106.79538698699508,109.31964010708016,212403600,0.014534717601582425,97.78837165832519,90.53912902832032,0.029540951411174656
2020-08-11,106.18863677978516,109.20560587103985,105.92892793612076,108.70803922155287,187902400,-0.02973948566915685,98.39478607177735,91.10334533691406,0.03069512616102437
2020-08-12,109.71772766113281,109.97500693123462,107.0842483400898,107.27841885849969,165598000,0.03323416693507708,99.14531097412109,91.73092361450195,0.03127183255494077
2020-08-13,111.65946197509766,112.66188375277733,110.60849386446708,111.09635710424106,210082000,0.01769754401004331,100.0511905670166,92.38871139526367,0.030973115096621998
2020-08-14,111.5599365234375,111.64974056440289,109.75169319709691,111.48469489954057,165565200,-0.0008913302097259823,100.96154251098633,93.05807632446289,0.030952356855158857
2020-08-17,111.2686767578125,112.70556367842538,110.64247058340116,112.68129051352851,119561600,-0.0026107917833371186,101.75896606445312,93.67713363647461,0.030934901346619168
2020-08-18,112.19584655761719,112.62060097941455,110.68614768785797,111.02109807418744,105633600,0.00833271165633409,102.66852684020996,94.30523696899414,0.030498983824954924
2020-08-19,112.33662414550781,113.74923783578949,112.24196843606359,112.60361413274605,145538000,0.0012547486579044254,103.5719223022461,94.88513137817382,0.03051840497497809
2020-08-20,114.82933807373047,114.94341528440668,112.36090456064325,112.37789651709356,126907200,0.022189681657104776,104.8144920349121,95.47199722290038,0.027755488105267356
2020-08-21,120.74677276611328,121.22977689357654,115.77592935893642,115.78806223773633,338054800,0.051532428834374144,106.36407852172852,96.25929580688477,0.02881641210287888
2020-08-24,122.19092559814453,125.03314486284968,120.32686221834298,124.9481850882098,345937600,0.011960177476780798,107.87951202392578,97.06142486572266,0.028756250651535486
2020-08-25,121.18852233886719,121.53318353096768,119.4676607314497,121.06474178007431,211495600,-0.008203581848409858,109.4202953338623,97.8232029724121,0.028343037791909973
2020-08-26,122.83656311035156,123.29287194891076,121.43851175938384,122.50404222890556,163022400,0.013598983960511735,110.95686531066895,98.57389556884766,0.028328784209865194
2020-08-27,121.36813354492188,123.77102883487844,120.22493186903937,123.43850794155522,155552400,-0.011954336137771193,112.36428909301758,99.29759384155274,0.02895610154823907
2020-08-28,121.17151641845703,122.75887903183632,120.9482136928383,122.34140581995463,187630000,-0.001620006180552136,113.27393035888672,100.0166812133789,0.019619661996923866
2020-08-31,125.28071594238281,127.1836224608346,122.32928572568825,123.8632579117057,225702700,0.03391225632379613,114.25929107666016,100.82769226074218,0.02010434619099198
2020-09-01,130.2709197998047,130.87286738046265,126.72726136998487,128.89229051317534,151948100,0.0398321786388649,115.45891075134277,101.69417037963868,0.021255452111234686
2020-09-02,127.57197570800781,133.96028524180616,123.3001648971193,133.58164753272405,200119000,-0.020717932259513572,116.50432014465332,102.46955230712891,0.022335866497216805
2020-09-03,117.35844421386719,125.08654753719104,116.98951728236517,123.21278063679146,257599600,-0.0800609337392234,116.852982711792,103.07201492309571,0.029138083223195027
2020-09-04,117.43611907958984,120.09629366493147,107.65948471911047,116.57204769157234,332607200,0.0006618600497216853,117.33101425170898,103.65286865234376,0.02849280123456019
2020-09-08,109.53327178955078,115.52352252708134,109.39735093120817,110.63034940535363,231366600,-0.06729486083138592,117.33550643920898,104.12998458862305,0.0325802976708596
2020-09-09,113.90216064453125,115.66913897859283,111.90217621343139,113.84391097205425,176940500,0.039886408792522365,117.72118263244629,104.65498672485352,0.03289117772792412
2020-09-10,110.1837387084961,116.98952122909824,109.22258206036143,116.85360038621577,182274400,-0.032645754171772956,117.74448318481446,105.09098724365235,0.033111374613047
2020-09-11,108.73710632324219,111.87301005937896,106.79537228175572,111.2322342702672,180860300,-0.013129272996273422,117.59836540222167,105.50139831542968,0.03299789987189461
2020-09-14,111.999267578125,112.55266171822818,109.51384932182032,111.37791301404883,140150100,0.03000044203112595,117.62033195495606,105.97705261230469,0.03370866631782635
2020-09-15,112.17401885986328,115.36817345414228,110.30024450538139,114.88273976030895,184642000,0.0015602895047182042,117.6655990600586,106.4090055847168,0.03369970544561472
2020-09-16,108.86335754394531,112.62061700186764,108.77598303445264,111.8730523722857,154679000,-0.029513619549050074,117.498974609375,106.78036605834961,0.03432047465708394
2020-09-17,107.12549591064453,108.9313097079175,105.54298485481058,106.52356291630672,178011000,-0.01596369680770915,117.23841819763183,107.07490951538085,0.034478185381446966
2020-09-18,103.72746276855469,107.64976770036112,102.99931226553164,107.18375552641913,287104900,-0.03172011586227996,116.68332443237304,107.29354583740235,0.034611164035783876
2020-09-21,106.87308502197266,106.97988102839547,100.09642732020315,101.49447874455225,195713800,0.030325838205806033,115.98964004516601,107.57184799194336,0.03309610981564493
2020-09-22,108.55267333984375,109.5720869949024,105.97988085188311,109.3973305799532,183055400,0.015715727842288585,115.30772743225097,107.89231857299805,0.03321116572459986
2020-09-23,103.99931335449219,108.84393936425928,103.65950385577868,108.36821643604246,150718700,-0.04194608797055088,114.44826698303223,108.09109786987305,0.03420506119195507
2020-09-24,105.06725311279297,107.03811241012444,101.94105943821374,102.10610509006938,167743300,0.010268719319911357,113.5598014831543,108.29829833984375,0.03410719694913662
2020-09-25,109.00898742675781,109.16432976181966,104.53328824582925,105.27114952311253,149981400,0.03751629739223561,112.9418441772461,108.60764068603515,0.03551077397896503
2020-09-28,111.61090087890625,111.96041368995603,109.49440992627346,111.65944720543573,137672400,0.02386879755118021,112.46381340026855,108.97280075073242,0.03608168248201224
2020-09-29,110.76625061035156,111.9507099432901,110.26140285567331,111.21285610238571,99382200,-0.007567811583844342,111.73809013366699,109.28172164916992,0.03499550144613256
2020-09-30,112.43612670898438,113.84388857632474,110.30993260341256,110.47497824771594,142675200,0.015075675934062449,110.84635047912597,109.6503515625,0.03372055345276827
2020-10-01,113.38761138916016,114.29051842202628,112.45557951767428,114.21284724761975,116120400,0.008462446261942924,110.13713226318359,110.0327294921875,0.03371721705596877
2020-10-02,109.72742462158203,112.00896881944756,108.9507351859753,109.60121453266758,144712000,-0.03228030578240082,109.75558128356934,110.42771911621094,0.02958230394056776
2020-10-05,113.10604095458984,113.25167253166546,110.24198536966455,110.59149819179417,106243800,0.030790992722737,109.53907737731933,110.89473907470703,0.030527223128666115
2020-10-06,109.86334991455078,112.73711630408881,108.97985709448719,112.32934639868184,161498200,-0.028669477002921107,109.55558128356934,111.25436096191406,0.027179219846656017
2020-10-07,111.72740936279297,112.18371817362878,110.80508099423795,111.28081129884058,96849000,0.016967072728912846,109.44684371948242,111.68145202636718,0.025883526234082077
2020-10-08,111.62060546875,113.00894588963777,111.25167118458671,112.86331432521168,83477200,-0.0009559327890272806,109.51868705749511,112.07176086425781,0.02476730298396707
2020-10-09,113.5623550415039,113.59147987684435,111.57207401243367,111.92158685077898,100506900,0.01739597778205515,109.7599494934082,112.4786148071289,0.024795175261530994
2020-10-12,120.77589416503906,121.53316947743221,115.80505089927543,116.56232621166858,240226800,0.06352051364995748,110.1987808227539,112.83455886840821,0.02771519091813851
2020-10-13,117.57203674316406,121.73705863931524,116.1642820228976,121.62055188862823,262330500,-0.02652729208940452,110.46868171691895,113.0745295715332,0.028551920134948564
2020-10-14,117.65941619873047,119.44580856247916,116.13515475963598,117.4749490324475,150712000,0.0007431993013549132,110.9084846496582,113.30214736938477,0.027536633954179875
2020-10-15,117.19338989257812,117.66911279151616,114.70797199610067,115.26136605608602,112559200,-0.003960807568220592,111.41187934875488,113.51273941040039,0.027201638576116398
2020-10-16,115.55262756347656,118.0089281560019,115.34874631090426,117.74678982617324,115393800,-0.014000468205634498,112.00313758850098,113.61608810424805,0.026218594899278275
2020-10-19,112.60121154785156,116.91185804404176,112.29053425617,116.46525990019522,120639300,-0.025541747322047725,112.28954391479492,113.71060256958008,0.026436205783817026
2020-10-20,114.08663177490234,115.51380805714416,112.26139629791038,112.81479042703165,124423700,0.013191867180039507,112.56624183654785,113.80346664428711,0.02637798989434245
2020-10-21,113.46526336669922,115.25165563302974,113.05749347361974,113.27108546353527,89946000,-0.005446461154441917,113.0395393371582,113.9489991760254,0.02429865258001574
2020-10-22,112.37789916992188,114.60118635769001,111.25168945435153,114.02837075211397,101988000,-0.009583234238510374,113.40507164001465,114.00220260620117,0.024461656879717877
2020-10-23,111.68856811523438,113.15457972080071,110.95070693925585,112.99923740706663,82572600,-0.00613404468119827,113.53905067443847,114.0027847290039,0.023195520504916984
2020-10-26,111.69827270507812,113.1545734839859,109.59148528217365,110.68856994284661,111850700,8.68897328305529e-05,113.54341926574708,114.00555145263672,0.02258832696034228
2020-10-27,113.203125,113.86331505621116,111.20314074462335,112.12546171107986,92276800,0.013472475970109254,113.66526298522949,114.04424041748047,0.022693386115926195
2020-10-28,107.96043395996094,112.06720563801413,107.86334871753533,111.69827875394513,143937800,-0.04631224659247757,113.44147834777831,113.95953216552735,0.02479098622057674
2020-10-29,111.96039581298828,113.52349246639734,108.93128773659785,109.09634077616603,146129200,0.03705025726842481,113.37011756896973,113.95200759887695,0.026194557941003636
2020-10-30,105.68861389160156,108.72742584588708,104.58182577242385,107.82451896896531,190272600,-0.05601786127893582,113.16817703247071,113.76919311523437,0.028181788994647895
2020-11-02,105.60123443603516,107.4555945603439,104.19347979423505,105.9313331743507,122866900,-0.0008267631899877559,112.79293670654297,113.46628234863282,0.027142928314146907
2020-11-03,107.22257995605469,108.24198610997585,105.56239787070092,106.4653046968192,107624400,0.0153534712797474,112.66089820861816,113.16691543579101,0.02674034460972404
2020-11-04,111.60118865966797,112.22254311397377,109.07693526315951,110.81478854874675,138235500,0.040836628865000835,112.65458717346192,112.97516876220703,0.028077868414323536
2020-11-05,115.5623550415039,116.13517070681972,113.46528513491958,114.51381638464622,126387100,0.03549394436931719,112.8516746520996,112.82968460083008,0.029153241637342443
2020-11-06,115.43103790283203,115.92702909027747,112.94132478624495,115.07119461202119,114457900,-0.001136331451749295,112.94510879516602,112.71094268798828,0.028936523144028985
2020-11-09,113.12611389160156,118.64042665215963,112.86353074963101,117.19134078148167,154515300,-0.019967974412312905,112.56261978149413,112.55003463745118,0.02526390467842563
2020-11-10,112.78572082519531,114.36123445028848,110.99623930767311,112.37725487942362,138023400,-0.003008969854055299,112.3233039855957,112.30013473510742,0.024649142826299732
2020-11-11,116.20907592773438,116.34523125447596,113.24282640096855,113.97223311704505,112295000,0.030352735058056357,112.2507869720459,112.01889785766602,0.025676791487366856
2020-11-12,115.93675231933594,117.22050769938583,115.31432591809406,116.33549817445764,103162300,-0.002343393631042967,112.18795509338379,111.78619338989257,0.02566721634069817
2020-11-13,115.98542022705078,116.38415879232042,114.6335867503118,116.16047817324268,81581900,0.00041977980874263743,112.2095947265625,111.75873291015625,0.02546157255845954
2020-11-16,116.99683380126953,117.66788289766848,114.90586651270257,115.65472076865481,91183000,0.008720178555535973,112.4293758392334,111.74994720458984,0.024760383832172668
2020-11-17,116.11182403564453,117.35667698637204,115.69363055189307,116.26743436443991,74271000,-0.0075643907349516315,112.5306354522705,111.88151824951171,0.024710804908221033
2020-11-18,114.78916931152344,116.53002096182686,114.75999422898965,115.35324564020682,76322100,-0.011391214763063706,112.59683074951172,111.89925842285156,0.02483007495727258
2020-11-19,115.38241577148438,115.7908817492475,113.60266161420516,114.36124340716778,74113000,0.005168139673098704,112.74705657958984,112.00323196411132,0.024721923099308617
2020-11-20,114.11810302734375,115.50883872913519,114.06948036722605,115.38241090893905,73604300,-0.010957586003785935,112.86853332519532,112.11085189819336,0.024824787659890418
2020-11-23,110.72393035888672,114.39041868660993,110.62667762078418,113.96249773506877,127959300,-0.029742631347839277,112.81981620788574,112.08534515380859,0.025783587025833922
2020-11-24,112.0076904296875,112.66901946402936,109.49852961528087,110.78229252304031,113874200,0.011594242244108877,112.76004447937012,112.08201858520508,0.025734847549548457
2020-11-25,112.84406280517578,113.5442943299849,112.00767597497685,112.37724673524147,76499200,0.007467097770517128,113.00422592163086,112.16163269042968,0.02336518456466596
2020-11-27,113.38870239257812,114.26399194036229,113.02886649286769,113.36925481147574,46691300,0.004826479779823867,113.07564125061035,112.28689682006836,0.021921949499399903
2020-11-30,115.78117370605469,117.6484533013128,113.60267342501068,113.75828376790362,169410200,0.021099732715815556,113.58026924133301,112.52797103881836,0.017781543030466616
2020-12-01,119.35041046142578,120.07981729776607,116.71482131650541,117.68736376495913,127728200,0.030827436284526444,114.26772804260254,112.77751754760742,0.01864944759084708
2020-12-02,119.70050811767578,119.98254627518949,117.57063810536371,118.66960823368215,89004200,0.002933359465597807,114.8916244506836,113.00047424316406,0.018538652111516805
2020-12-03,119.56434631347656,120.38127824003541,118.85438720785504,120.1284151780445,78967600,-0.0011375206867573207,115.28978233337402,113.31177490234376,0.016626649226194702
2020-12-04,118.8932876586914,119.4865390127896,118.18332856578574,119.23367595532766,78260400,-0.0056125314567083695,115.45632896423339,113.58829559326172,0.014928245613999566
2020-12-07,120.35211181640625,121.14959622013072,118.89329833984375,118.95164850453536,86712000,0.012270029590759624,115.7023826599121,113.81515808105469,0.015102320755524203
2020-12-08,120.96481323242188,121.54834457068203,119.71023272701726,120.95509315138429,82225500,0.005090907062356154,116.09431762695313,114.002236328125,0.014177781747892061
2020-12-09,118.43619537353516,122.49169482167979,117.67761359703715,121.11068659164964,115089200,-0.020903747059305866,116.37684135437011,114.15563522338867,0.015138965445383366
2020-12-10,119.85610961914062,120.46881600995408,116.85095750767795,117.1913458248472,81312200,0.011988853923643905,116.55919303894044,114.3040348815918,0.01386785481430037
2020-12-11,119.04888916015625,119.38927743158283,117.23996015210895,119.06833673856299,86939800,-0.0067349129013900555,116.71479988098145,114.41726043701172,0.01396860666688102
2020-12-14,118.43619537353516,119.9630864267169,118.20278730843776,119.2336797308675,79184500,-0.005146572899112356,116.83733863830567,114.59143585205078,0.014044789966932751
2020-12-15,124.36872100830078,124.38817601169539,120.72168696233577,120.92591997852064,157243700,0.050090477966259206,117.20593299865723,114.816689453125,0.017771948212459088
2020-12-16,124.30062103271484,124.84524231148528,123.08494323552482,123.91161007354079,98208600,-0.000547565135621153,117.61537284851075,115.10543487548829,0.017616670982767275
2020-12-17,125.16619110107422,126.02203307421959,124.52430962121518,125.3606965932024,94359800,0.00696352167163794,118.13422393798828,115.3742105102539,0.017271557576558315
2020-12-18,123.18220520019531,125.5552106694522,122.65703149372492,125.41905534776451,192541500,-0.015850813094382632,118.52421340942382,115.60544250488282,0.017856848827273362
2020-12-21,124.70909881591797,124.78690398309315,120.0603476658836,121.58723882712805,121251600,0.012395407382431278,119.05376319885254,115.8283773803711,0.017628882740023773
2020-12-22,128.2588653564453,130.71939584455194,126.09008564573021,127.99627481697722,168904800,0.028464374887089194,119.93050994873047,115.97803680419922,0.016425607921876303
2020-12-23,127.36417388916016,128.79379772903144,127.18910852030955,128.53122193548708,88223700,-0.006975669594446399,120.69833412170411,116.17387954711914,0.016704705843971962
2020-12-24,128.34642028808594,129.79551379030826,127.5003131582361,127.71427367104259,54930100,0.007712109056512206,121.47345199584962,116.38761962890625,0.016705484006454625
2020-12-28,132.93679809570312,133.56894460120503,129.8441061270866,130.31093707619408,124486200,0.03576553048627029,122.45085678100585,116.70248779296875,0.017922017279118952
2020-12-29,131.16677856445312,134.97914269594398,130.6513323196226,134.25947087325437,121047300,-0.013314744725352434,123.22013702392579,117.01477081298827,0.01826059703381629
2020-12-30,130.0483856201172,132.2560612728946,129.73716489381331,131.85731528225065,96452100,-0.008526495478322516,123.75503578186036,117.36371429443359,0.017599785387259193
2020-12-31,129.046630859375,131.04034539862676,128.10326370918978,130.39846396533886,99116600,-0.007702938840535856,124.22234191894532,117.66291427612305,0.017807379919334062
2021-01-04,125.85669708251953,129.94137159533847,123.27945861661561,129.85384635373498,143301900,-0.02471923331599113,124.53695945739746,117.91074295043946,0.018906292882857945
2021-01-05,127.41279602050781,128.12276277719602,124.90363442356144,125.35101053270986,97664900,0.012364053515308893,124.96293487548829,118.21144088745118,0.018915851118442017
2021-01-06,123.12386322021484,127.4516812419368,122.90990271047859,124.21311335164054,155088000,-0.03366171165102316,125.10152244567871,118.44014678955078,0.020531482527655798
2021-01-07,127.32522583007812,128.015737336711,124.34924900731144,124.8355201179548,109578200,0.03412305705798779,125.41954307556152,118.75268585205077,0.021798059676963397
2021-01-08,128.4241943359375,128.9882705657379,126.65416049347947,128.79375026318803,105158200,0.008631192277058997,125.91894302368163,119.05710723876953,0.021097659159409577
2021-01-11,125.43851470947266,126.59584254088283,124.97169851220295,125.64275514317653,100384500,-0.023248575877025,126.19806327819825,119.40666885375977,0.02187576342226491
2021-01-12,125.2634506225586,126.12901267192076,123.37671619500519,124.97168496595856,91951100,-0.001395616707671743,126.50879135131837,119.67272994995118,0.021789489636133638
2021-01-13,127.29605865478516,127.84067995815208,124.96196311469332,125.22453884607683,88636800,0.01622666485814106,126.95178451538087,120.10487884521484,0.021904556075345555
2021-01-14,125.37041473388672,127.40302430824103,125.22452450445344,127.2085188421458,90221800,-0.01512728627459392,127.00186920166016,120.50026245117188,0.019363992448125613
2021-01-15,123.6490249633789,126.64445696844105,123.51286963768597,125.2439937099894,111598500,-0.013730430533883675,126.96928939819335,120.82879135131836,0.01962693486976999
2021-01-19,124.320068359375,125.17591022451418,123.45450641479232,124.27143828252557,90757300,0.005427001112178864,126.9269832611084,121.0831689453125,0.01960090159807673
2021-01-20,128.40476989746094,128.85214592405728,125.02032655299224,125.12730680892926,104319500,0.03285633278674038,127.18811149597168,121.34001724243164,0.02055121547037275
2021-01-21,133.1118621826172,135.83498363825382,129.9219245699571,130.12616498605254,120150900,0.03665823542937807,127.60824966430664,121.69363372802735,0.02185465598385996
2021-01-22,135.25148010253906,136.01006199526975,131.31268037347158,132.53807846792435,114459400,0.01607383357755543,127.95788040161133,122.13614105224609,0.021277468925633716
2021-01-25,138.9957275390625,141.1061423033731,132.79090363932372,139.14161777095364,157611700,0.027683596761268525,128.53945808410646,122.66034118652344,0.021837286749450187
2021-01-26,139.2291717529297,140.33786948106203,137.48831256904506,139.65709277779112,98390600,0.0016795063992278703,129.08359565734864,123.12074310302734,0.021833769422582194
2021-01-27,138.15936279296875,140.33786298237393,136.5546738638665,139.49174105337266,140843800,-0.007683798922968332,129.3447238922119,123.5651953125,0.020669027340094685
2021-01-28,133.3258056640625,138.09127131319642,132.94651480242143,135.68909090953088,142621100,-0.03498537508564881,129.4526752471924,123.91200302124024,0.0220436440826949
2021-01-29,128.33668518066406,132.98543606950525,126.63473619885515,132.10041903740844,177523800,-0.03742051629501786,129.36709022521973,124.13880004882813,0.023596256647335733
2021-02-01,130.45677185058594,131.66272916720465,127.33490577473044,130.07748109742704,106239800,0.01651972440255367,129.43759727478027,124.42569900512696,0.023822119608040586
2021-02-02,131.2834930419922,132.56724118693242,130.91392221186754,132.0031648608857,83305400,0.006337127461295111,129.7089370727539,124.75558547973633,0.02307052956377796
2021-02-03,130.26229858398438,132.0420525079875,129.94135789213308,132.03231758895785,89880900,-0.0077785442354216805,129.85141220092774,125.05318313598633,0.023050763171240694
2021-02-04,133.61756896972656,133.62728904915303,130.89444790890877,132.55750155942113,84183100,0.02575780116131554,130.37609748840333,125.44317245483398,0.022109425304145412
2021-02-05,133.20361328125,133.84645384942093,132.32702331519238,133.77828189570104,75693800,-0.003098063313592747,130.6700168609619,125.89276611328125,0.0210087713128622
2021-02-08,133.34974670410156,133.39844945852406,131.41149002924152,132.49262578464683,71297200,0.0010970680092814433,130.91629447937012,126.31960723876954,0.020959954949318047
2021-02-09,132.4730987548828,134.29448011812482,132.31727079805114,133.06723649739686,76774200,-0.006574050351696559,131.2680236816406,126.71218795776367,0.020217389192642127
2021-02-10,131.8692626953125,133.42766158836056,130.90500170826476,132.93091432442992,73046600,-0.004558178718892969,131.59831428527832,127.08179916381836,0.020265281660788684
2021-02-11,131.6160430908203,132.84327231685143,130.29140835043972,132.3660090757308,64280000,-0.0019202322005641426,131.81431350708007,127.39849655151367,0.020035929199843663
2021-02-12,131.84979248046875,132.0056353585524,130.21348684657468,130.8563275721737,60145100,0.00177599465961098,132.13828239440917,127.64848419189452,0.019634101096843735
2021-02-16,129.72645568847656,132.47311511495084,129.33684859330893,131.96664818421948,80576300,-0.016104210344561,132.44215393066406,127.84900314331054,0.019745547013266227
2021-02-17,127.43756866455078,128.781687221056,126.10319957479774,127.83691038959827,97918500,-0.017643949430193984,132.59802894592286,128.00646759033202,0.020238662432581038
2021-02-18,126.33699035644531,126.61944257367797,124.09679724620429,125.84024303159478,96856700,-0.008636215518223467,132.49463996887206,128.15534164428712,0.018932565103709564
2021-02-19,126.49279022216797,127.31095773335569,125.45062277040475,126.85317866159306,87668800,0.001233208621505666,132.1636863708496,128.27815521240234,0.016795880762883277
2021-02-22,122.72344970703125,126.34671464924598,122.33384996779367,124.68117557823038,103916400,-0.029798856587133327,131.53728485107422,128.31332794189453,0.01726420863582294
2021-02-23,122.58709716796875,123.41499201171895,115.31134823227501,120.54170772135137,158273000,-0.0011110552986247635,130.71685333251952,128.3963459777832,0.015535006327374548
2021-02-24,122.09034729003906,122.29488547484925,119.0514857660057,121.691012957123,111039900,-0.004052219926939271,129.859912109375,128.44103073120118,0.015435603023084537
2021-02-25,117.84371948242188,123.17147632846172,117.40542445743719,121.43776543888308,148199500,-0.03478266629489435,128.84412994384766,128.41692733764648,0.016689680163317417
2021-02-26,118.10669708251953,121.60333738053185,118.04825229910983,119.40210545733144,164560400,0.0022315792581282246,128.08317451477052,128.41033737182616,0.015532208026901074
2021-03-01,124.46688079833984,124.60323956834041,119.59690349547498,120.53193824590555,116307900,0.05385116909481047,127.88968429565429,128.41230056762694,0.01884657820146606
2021-03-02,121.8663330078125,125.3727157063762,121.75919289657611,125.07077944616279,102260900,-0.020893492098839728,127.46016235351563,128.3636148071289,0.01883495889694629
2021-03-03,118.88587951660156,122.4409643135904,118.6715993335673,121.56436694253905,112966300,-0.024456742216243388,126.8402816772461,128.23800857543947,0.019265158971329896
2021-03-04,117.00609588623047,120.38586201324064,115.53536779088374,118.583971529586,178155000,-0.015811664413086124,126.1774715423584,128.11448638916016,0.019414280675015213
2021-03-05,118.2625503540039,118.76903225470893,114.51266857773292,117.83399731994245,153766600,0.010738367588942754,125.40972061157227,127.98555541992188,0.018419808196355133
2021-03-08,113.33413696289062,117.85347628547363,113.18803612592406,117.78529688568887,154376600,-0.04167349153523836,124.4162467956543,127.68706085205078,0.020055190199769098
2021-03-09,117.94112396240234,118.88590088596752,115.70093853482196,115.93469539878758,129525800,0.04064959704965321,123.64581565856933,127.49859985351563,0.022753019146287794
2021-03-10,116.86001586914062,118.99306155445927,116.34379186849473,118.52554774575847,111943300,-0.009166506617372616,122.86516151428222,127.26887176513672,0.022764581686471354
2021-03-11,118.78850555419922,120.00600008566362,118.1067115889779,119.35342480023796,103026500,0.016502562238380314,122.21112365722657,126.98590591430664,0.02331554597640751
2021-03-12,117.88268280029297,118.01904158578925,116.06131583787986,117.2690682655597,88105100,-0.007625508458753649,121.52445564270019,126.72022399902343,0.023311383120856847
2021-03-15,120.76571655273438,120.77545858975141,117.28855243734995,118.25281346511821,92403800,0.024456804714273472,120.97025184631347,126.53457061767578,0.024205140174306555
2021-03-16,122.30463409423828,123.9117284110974,121.47673927373422,122.4312508542222,115227900,0.012743000128119242,120.59916076660156,126.39973068237305,0.024311719106273985
2021-03-17,121.51567077636719,122.58706425301885,119.15859621053912,120.82413491933752,111932600,-0.006450804777055175,120.30306587219238,126.31291015625,0.024076383652419663
2021-03-18,117.39569091796875,119.97678079779097,117.19115272943903,119.68457913932171,121229700,-0.03390492627062636,119.85600090026855,126.11256805419922,0.025079394792888034
2021-03-19,116.86972045898438,118.27227638684158,116.56778422545804,116.78206442899135,185549500,-0.004480321678517973,119.37484741210938,125.98748519897461,0.02505677831548359
2021-03-22,120.18132019042969,120.64884136246526,117.13271654370864,117.20089594056832,111912300,0.02833582315795402,119.2477409362793,125.84460708618164,0.02523526488179782
2021-03-23,119.35343933105469,121.00922912303349,118.96383954735445,120.12289686033829,95467100,-0.006888598478226093,119.0860580444336,125.66319198608399,0.025272716512168326
2021-03-24,116.96712493896484,119.70405755554833,116.94764829711929,119.62613612617307,88530500,-0.01999367932306373,118.82989692687988,125.49376419067383,0.025621896685588737
2021-03-25,117.45413208007812,118.49631456122934,115.90548256064227,116.43144110431777,98844700,0.004163624106922503,118.8104175567627,125.33757781982422,0.024438355082757067
2021-03-26,118.05799865722656,118.32098161470867,115.82754797615723,117.22036189731419,94071200,0.0051412970021074145,118.80798263549805,125.15281661987305,0.0244602614558
2021-03-29,118.23332214355469,119.39237925463331,117.59048892877756,118.4865630734955,80819200,0.0014850623280271424,118.49630470275879,125.0100747680664,0.020976617959854157
2021-03-30,116.78205871582031,117.26905645239088,115.76910253203405,116.98659687346046,85671900,-0.012274572019318697,118.24209098815918,124.87273544311523,0.02066192144745443
2021-03-31,118.97356414794922,120.30793336547684,117.99956854695249,118.48656634745086,118323800,0.018765771525416808,118.24647521972656,124.76580535888672,0.02044047898958288
2021-04-01,119.80146789550781,120.95078308800542,119.3047280211155,120.44430860719166,75089100,0.006958720229050641,118.38624382019043,124.59373931884765,0.020131426005919027
2021-04-05,122.62603759765625,122.87927851383142,119.86962848939254,120.64882787870255,88651200,0.02357708759138122,118.60441818237305,124.38402282714844,0.02064391483926245
2021-04-06,122.92798614501953,123.82406033078875,122.3825509764638,123.21044576616356,80171300,0.002462352639608145,119.0841106414795,124.13755294799805,0.017905127093045512
2021-04-07,124.57403564453125,124.59351228641088,121.88580577435263,122.55786509964642,83466700,0.01339035602169436,119.41575622558594,123.84911911010742,0.015913019028253483
2021-04-08,126.97006225585938,126.99928093380576,125.17791398584798,125.59672494440802,88844600,0.019233756046606043,119.92125854492187,123.60393692016602,0.016049923055888052
2021-04-09,129.5413818359375,129.58033511074808,126.1031794318075,126.42459968145573,106686700,0.020251384731123645,120.45890235900879,123.43157730102538,0.01622115709607159
2021-04-12,127.8271484375,129.39528146393909,127.23301071041467,129.0738612317137,91420000,-0.013233094893248531,120.95612564086915,123.32160415649415,0.016487457557804636
2021-04-13,130.9342041015625,131.15823376064404,128.49921542278324,128.99596262492872,91266500,0.024306696206883416,121.46455001831055,123.3735545349121,0.016477775988463048
2021-04-14,128.59664916992188,131.48941754486856,128.2362755221187,131.43098018165665,87222800,-0.01785289755018815,121.77915077209472,123.33635208129883,0.017051175646981033
2021-04-15,131.00241088867188,131.48940869866695,130.16477406100063,130.34010100083557,89347100,0.018707810306714423,122.25348777770996,123.33073043823242,0.017271070389387275
2021-04-16,130.6712646484375,131.16799709740084,129.81414368991753,130.8076234498389,84922400,-0.0025277873742017842,122.91726646423339,123.33890975952148,0.01492068414873291
2021-04-19,131.3335723876953,131.9471944147541,129.8725788847892,130.03815636501255,94264200,0.005068503324274998,123.64045906066895,123.29322982788086,0.014736956425614522
2021-04-20,129.64852905273438,132.00559615119002,128.3823320528723,131.5088638445784,94812300,-0.012830255846438932,124.11381950378419,123.22212814331054,0.014315137277491884
2021-04-21,130.02835083007812,130.27184961440412,127.8855645004067,128.91799696803108,68847100,0.0029296265844194203,124.64756507873535,123.15570022583007,0.014092466624796546
2021-04-22,128.50897216796875,130.66149395921403,127.99275572778816,129.58035833012048,84566500,-0.011684979871004475,125.22465744018555,123.0764176940918,0.013443453681776288
2021-04-23,130.8270721435547,131.6062565911259,128.72323846633472,128.72323846633472,78657500,0.018038429041016935,125.89330444335937,123.05557388305664,0.013762983622315029
2021-04-26,131.21670532226562,131.54786030204147,130.08686671385888,131.32384544654548,66905100,0.002978230517024727,126.55123977661133,123.04758712768555,0.013774409138329996
2021-04-27,130.89524841308594,131.88872793710226,130.62253087504087,131.49912083847275,66015800,-0.0024498169527286118,127.1843360900879,123.0284962463379,0.01386091252994774
2021-04-28,130.10629272460938,131.5088483212376,129.61929507922395,130.81730512551528,107760100,-0.006027382185690433,127.85054779052734,123.03609298706054,0.013512626599006403
2021-04-29,130.00892639160156,133.50558183329358,129.00571212903608,132.92117853809344,151101000,-0.0007483599061107737,128.40231590270997,123.08752014160156,0.013205608255524718
2021-04-30,128.0414581298828,130.08683981317637,127.66160046998598,128.3531289693404,109839500,-0.015133332120538467,128.8143154144287,123.12160949707031,0.013897377006804419
2021-05-03,129.09335327148438,130.58358001612103,128.40182480933737,128.6063555356659,75135100,0.008215269936511893,129.1376811981201,123.17362075805664,0.013128070276844215
2021-05-04,124.52532196044922,128.07067238199318,123.40522566029897,127.77847076247717,137564700,-0.03538548806171726,129.2175479888916,123.209658203125,0.01564402734156607
2021-05-05,124.76885223388672,127.05773315883954,124.6422280399721,125.84023856195147,84000900,0.0019556686913433374,129.22728881835937,123.25329330444336,0.015364682208205737
2021-05-06,126.36618041992188,126.37591502452003,123.82404416158315,124.56428281581603,78128300,0.012802299271302608,129.1970947265625,123.33880996704102,0.015008314712788767
2021-05-07,127.03939819335938,128.06381882504127,126.3271629457147,127.66381362314827,78973300,0.005327515409584649,129.0719955444336,123.52272354125977,0.01429567319709002
2021-05-10,123.76119995117188,126.38569336703041,123.7221730582719,126.25886899143829,88071200,-0.025804579436041863,128.8686981201172,123.63581359863281,0.015120157318860534
2021-05-11,122.84408569335938,123.19531281841267,119.78053807914273,120.4927657999539,126142800,-0.007410353634049516,128.46419219970704,123.60335769653321,0.013883060354062941
2021-05-12,119.78055572509766,121.60502403427476,119.27322096428664,120.39522003263365,112172300,-0.024938359473884897,128.02338752746581,123.56164215087891,0.014361723290957735
2021-05-13,121.92696380615234,123.07823093502375,121.23425330099667,121.5464609574558,105861300,0.017919503445791296,127.56961517333984,123.62246383666992,0.014298666456747293
2021-05-14,124.34659576416016,124.7758841676664,122.7855571745272,123.17581868284023,81918000,0.019844929148360446,127.25338172912598,123.76927383422851,0.01522280221758096
2021-05-17,123.19532012939453,123.83925269137897,122.12210663637244,123.7319305977149,74244600,-0.009258601956013135,126.84646911621094,123.86792922973633,0.015191574424718553
2021-05-18,121.80989837646484,123.8977887358132,121.74160317568686,123.47825894714309,63342900,-0.011245733616135345,126.45453758239746,124.03744445800781,0.015142116987633772
2021-05-19,121.65380859375,121.8782039395482,119.86836719410006,120.16106519010208,92612000,-0.0012814211718035207,126.03581047058105,124.11169815063477,0.015084437826477183
2021-05-20,124.20999908447266,124.61001915730156,122.05381347828964,122.18065274217139,76857100,0.021012005462638594,125.82086181640625,124.2586978149414,0.015869490230374702
2021-05-21,122.37578582763672,124.88320615344152,122.16114162608143,124.70758884704348,79295400,-0.01476703381656519,125.39829750061035,124.33044342041016,0.015424200154368982
2021-05-24,124.00511932373047,124.82466923282675,122.87336914136405,122.94166434682049,63092900,0.013314182091452631,125.0377182006836,124.45289215087891,0.015811101117842542
2021-05-25,123.80998992919922,125.19541862484827,123.24411112700588,124.70758616767343,72009500,-0.0015735591852610309,124.68345527648925,124.5137776184082,0.015813053429118405
2021-05-26,123.76119995117188,124.28805183989326,123.3416701570207,123.86852204574208,56575900,-0.00039407141584657523,124.36620063781739,124.54290893554688,0.015800065463842276
2021-05-27,122.22944641113281,124.53198130053191,122.03431936367312,123.36120412853428,94625600,-0.012376686236424628,123.97722663879395,124.55718444824218,0.01595019978694065
2021-05-28,121.57573699951172,122.736762785055,121.51720038633076,122.51236002849775,71311100,-0.005348215432656622,123.6539405822754,124.64078536987304,0.015705300893470782
2021-06-01,121.2537841796875,122.2977294109628,120.92206674340329,122.03430717883234,67637100,-0.0026481667129478748,123.26196212768555,124.72846664428711,0.015502863880832966
2021-06-02,122.01478576660156,122.19040306312083,121.02938463288338,121.253779962891,59278900,0.006276105872178972,123.13643531799316,124.76513595581055,0.01360716934744875
2021-06-03,120.53179931640625,121.80989840712398,120.13177925202119,121.64403969713835,76229200,-0.012154153620628216,122.92458267211914,124.78870315551758,0.013813902111932994
2021-06-04,122.8245620727539,123.08799170722506,120.83423543606743,121.04887959937938,75169300,0.019022056995340764,122.74750175476075,124.90585189819336,0.014220076240345304
2021-06-07,122.83433532714844,123.24410653680496,121.7903901347652,123.09775754946514,71057600,7.957084665810576e-05,122.5372486114502,125.01345596313476,0.01413906248565883
2021-06-08,123.65387725830078,125.33200387040455,123.13678395621102,123.51728685562117,74403800,0.006671928732057131,122.53188247680664,125.12537353515626,0.013032968621800879
2021-06-09,124.03437805175781,124.63928371308171,123.43923097435068,124.1124318358548,56877900,0.0030771440564067998,122.59139709472656,125.24139465332031,0.01292810698165509
2021-06-10,123.03921508789062,125.06856875877892,122.87335638380547,123.92705266664278,71186400,-0.008023283379160584,122.75433006286622,125.36653778076172,0.011663551698480983
2021-06-11,124.24900817871094,124.33682053678962,123.02944585374593,123.4489755912786,53522400,0.00983258134372944,122.87043228149415,125.47204666137695,0.011191616501236372
2021-06-14,127.30280303955078,127.36133965538929,123.97584053546844,124.70757800792384,96906500,0.024578022034972502,123.01824264526367,125.62207336425782,0.011651602057323076
2021-06-15,126.48326873779297,127.41989931286103,126.23935623136502,126.77596672295411,62746300,-0.0064376768004330565,123.1826400756836,125.69921798706055,0.011534312755547756
2021-06-16,126.9808120727539,127.70279826458582,125.33197646072955,127.19545621391383,91815000,0.003933669171630738,123.44118576049804,125.78027450561524,0.01115285606462749
2021-06-17,128.58090209960938,129.32240559947226,126.49301177385304,126.63936820067508,96721700,0.012601037910662471,123.78754043579102,125.8604118347168,0.011358832748432744
2021-06-18,127.28330993652344,128.30773056203458,127.06866573814787,127.52722244492858,108953300,-0.010091639908395678,123.94120597839355,125.86667678833008,0.010857170480166425
2021-06-21,129.0784454345703,129.18576748637312,126.06369173469776,127.12714622886926,79663300,0.014103463360138235,124.27633895874024,125.85741806030273,0.010525720083702627
2021-06-22,130.7175750732422,130.8151460223462,128.4150406144124,128.91263161271146,74783600,0.01269870916986493,124.61196174621583,125.91522659301758,0.01049397443283199
2021-06-23,130.44439697265625,131.04931007255976,129.98584029942936,130.51269961588608,60214200,-0.0020898345186779466,124.94368209838868,125.90543045043945,0.010505646171535094
2021-06-24,130.16148376464844,131.36152922245495,129.69316099657445,131.1761533209972,68711000,-0.002168841395825627,125.2636962890625,125.93672714233398,0.010540288413248331
2021-06-25,129.86874389648438,130.62974954026467,129.57604598259172,130.21022727723152,70783700,-0.002249051406738589,125.64566116333008,125.91405380249023,0.010014226117306513
2021-06-28,131.4980926513672,131.95664929646315,130.10292043684166,130.1614570490265,62111300,0.012546119304746028,126.14177894592285,125.93059036254883,0.010020658952996678
2021-06-29,133.01036071777344,133.16646828417475,131.07857796707717,131.51761747124857,64556100,0.011500304193883926,126.72960777282715,125.96412612915039,0.010027676680553599
2021-06-30,133.625,134.06403942217588,132.56153042883813,132.85422833936676,63261400,0.00462098801108235,127.31011848449707,126.0436555480957,0.01002068448373667
2021-07-01,133.92747497558594,133.98601159157678,132.4542339993765,133.27379128495963,52485800,0.002263610668556959,127.97990226745605,126.12163803100586,0.009239953272359927
2021-07-02,136.5519561767578,136.59097561940857,134.3957635112395,134.5421050302235,78852600,0.019596286733922996,128.66627197265626,126.28249771118163,0.00928553926061059
2021-07-06,138.5618133544922,139.66428770082487,136.65929888430668,136.65929888430668,108181800,0.014718626038082938,129.45264587402343,126.43719253540038,0.00942398696260201
2021-07-07,141.04971313476562,141.36191336128311,139.1862182535438,140.04478004189397,104911600,0.017955161815820686,130.32243766784669,126.63385269165039,0.009791591154637428
2021-07-08,139.7521209716797,140.55214628534262,137.24469315334258,138.13253828734636,105575500,-0.009199537767554,131.10832481384278,126.81099014282226,0.010393555973571576
2021-07-09,141.57656860351562,142.10341304013653,139.17646311232951,139.27403406481795,99890800,0.01305488331161464,132.03519248962402,127.04039566040039,0.00995237837727081
2021-07-12,140.98141479492188,142.75710481226085,140.49358983023356,142.64978272453996,76299700,-0.004203759241124705,132.87181282043457,127.2598454284668,0.01023944048601423
2021-07-13,142.09365844726562,143.86934850619764,140.1326074026889,140.5228614286861,100827100,0.007889292740902665,133.61135559082032,127.54088943481446,0.009317439274379419
2021-07-14,145.51817321777344,145.92795926693185,144.08396670742601,144.49375275658443,127050800,0.024100405380010237,134.56310081481934,127.86938583374024,0.009741759150439667
2021-07-15,144.86453247070312,146.3475248913628,143.50837933553277,145.606036124653,106820300,-0.00449181523253539,135.4572868347168,128.2761700439453,0.010061852622238814
2021-07-16,142.8253936767578,146.1133292004128,142.32781756831105,144.8449961921481,93251400,-0.014076176957653175,136.1695114135742,128.63730087280274,0.010960610038024269
2021-07-19,138.9813232421875,140.56188618036083,138.22031752231123,140.2496710710599,121434600,-0.02691447462956209,136.75441207885743,128.88960372924805,0.012711550197354513
2021-07-20,142.5912322998047,143.5181116494979,139.47892150687957,139.9667464752501,96350000,0.025974058768505115,137.43005142211913,129.20064041137695,0.013440629871387695
2021-07-21,141.85948181152344,142.57171691870616,141.108242148076,141.98632105555998,74993500,-0.005131805627029751,137.9871467590332,129.56260604858397,0.013499641648626678
2021-07-22,143.22540283203125,144.59130668501456,142.25950410848452,142.38634335455993,77338200,0.009628690328381317,138.62619705200194,129.97023239135743,0.01346724429356185
2021-07-23,144.94256591796875,145.0986734955369,143.34250046599004,143.95716474814094,71447400,0.01198923551258102,139.36525115966796,130.47347259521484,0.013455375831887875
2021-07-26,145.36212158203125,146.181664137203,144.10352454843763,144.6596522812441,72434100,0.0028946338945037287,140.13992004394532,130.94217575073242,0.013348631980388083
2021-07-27,143.1961212158203,145.5767090416399,142.00582730291055,145.48888924785527,104818600,-0.014900720646049526,140.72482147216797,131.31916625976564,0.014006293942522554
2021-07-28,141.44972229003906,143.39127100475073,139.06913408549428,141.28386358886817,118931200,-0.012195853567493864,141.14678955078125,131.6842543029785,0.014368362441261155
2021-07-29,142.09365844726562,142.98150347673163,141.05947187985987,141.16679397009463,56699500,0.0045524031210621985,141.57022247314453,132.08992950439452,0.014368008250087428
2021-07-30,142.3083038330078,142.76686050541852,140.60091640214495,140.86434605990442,70440600,0.0015105908883459307,141.98926391601563,132.5030194091797,0.014371508862023227
2021-08-02,141.97657775878906,143.37174997131473,141.71314811709883,142.7961201026742,62880000,-0.0023310380721565105,142.2604949951172,132.85835098266602,0.013877733425364839
2021-08-03,143.77178955078125,144.43522442777342,141.64486473611035,142.25952902121162,64786600,0.012644422202105376,142.52099380493163,133.2862710571289,0.013785450073080454
2021-08-04,143.3717498779297,144.191292221281,142.7180662311683,143.6839649919127,56368300,-0.0027824629164142634,142.63709564208983,133.67360366821288,0.013288184770569918
2021-08-05,143.47909545898438,144.2401013148973,142.61076750096896,143.40104166770632,46397700,0.0007487219842547965,142.82344436645508,134.0669857788086,0.013074692607901102
2021-08-06,142.79510498046875,143.74290453377364,142.29678337483543,143.0003050001657,54126800,-0.004767178635518787,142.88437118530274,134.44766387939453,0.012843691843840216
2021-08-09,142.74623107910156,143.3422697557146,142.18928521610837,142.8537139522462,48908700,-0.00034226594373720776,142.9726119995117,134.8579995727539,0.012798095088470006
2021-08-10,142.26748657226562,144.32919310328901,141.9743500451473,143.0882569205625,69023100,-0.0033538153912494595,142.9813034057617,135.27183456420897,0.012712321274225797
2021-08-11,142.52154541015625,143.3618622586966,142.19909668704307,142.7071990606952,48493500,0.0017857828518084151,142.83147201538085,135.69718978881835,0.011411145081042903
2021-08-12,145.48216247558594,145.6385039280885,142.50196876649986,142.84396383015653,72282600,0.020773119298625797,142.862353515625,136.16653732299804,0.012360626159498242
2021-08-13,145.6873321533203,146.0195464885417,144.8763278106057,145.56030288592572,59375000,0.0014102737699461798,143.0054504394531,136.66964797973634,0.011889709718501736
2021-08-16,147.66114807128906,147.72955306203514,143.11758362273994,145.14019753721752,103296000,0.013548301618232061,143.4394416809082,137.16637969970702,0.010201894733247382
2021-08-17,146.75242614746094,148.20831321235303,145.67759718518755,146.7915040599331,92229700,-0.00615410306433084,143.64750137329102,137.64474151611327,0.008847215634779597
2021-08-18,143.01007080078125,147.2702784625577,142.8048707810112,146.37133747643588,86326000,-0.025501148055428136,143.7050308227539,138.0318653869629,0.010638963396661216
2021-08-19,143.34231567382812,144.61256415166383,141.19267243186096,141.71054055666755,86960300,0.0023232271069195676,143.71087646484375,138.4180241394043,0.01043090186632773
2021-08-20,144.79818725585938,145.10108950161558,143.42045616108942,144.06535347049768,60549600,0.010156607106474036,143.7036575317383,138.85320358276368,0.010328440449894942
2021-08-23,146.28341674804688,146.7524262457425,144.50506608373868,144.91545125791524,60131800,0.010257238162540538,143.74972229003907,139.2938917541504,0.010565495573099623
2021-08-24,146.1954803466797,147.40710449199298,145.73623655262395,146.02937310982574,48606400,-0.0006011371850758174,143.89969024658203,139.67174530029297,0.009943297465015991
2021-08-25,144.96429443359375,146.87943995254733,144.41711425947602,146.3811034364789,58991300,-0.008421504619475106,144.07541885375977,140.04136581420897,0.00971109325189421
2021-08-26,144.1630859375,145.7069245583274,144.13377377269998,144.95455911573424,48597200,-0.0055269368172641276,144.17889022827148,140.3850112915039,0.009793129478750755
2021-08-27,145.19882202148438,145.34538283026907,143.46932993010927,144.10444664756716,55802400,0.007184474980185929,144.32341613769532,140.7173696899414,0.009897375793952518
2021-08-30,149.6153564453125,149.97689795560206,145.20858752404757,145.58966053577964,90956700,0.03041715051362215,144.7053550720215,141.16401062011718,0.011828629825789092
2021-08-31,148.3549041748047,149.30270392723426,147.8272553901817,149.16590885521063,86453100,-0.008424618304261666,144.93451080322265,141.54953979492188,0.011833626451658067
2021-09-01,149.01930236816406,151.43276949828842,148.8531951656688,149.33198527371385,80313700,0.004478437683303804,145.21688842773438,141.9155743408203,0.011802259208857602
2021-09-02,150.13320922851562,151.17872592141705,148.91181958328025,150.34817499884036,71115500,0.007474916622543182,145.54959411621093,142.3093505859375,0.011860430366927287
2021-09-03,150.7683563232422,151.0908050119508,149.58604446464392,150.24070759279422,57808700,0.004230556969976096,145.9482566833496,142.72148803710937,0.011746926715934539
2021-09-07,153.1036376953125,153.66058362239795,150.8562777588282,151.4230043452141,82278300,0.015489200977050865,146.46612701416015,143.18618591308595,0.012054432630263756
2021-09-08,151.55978393554688,153.4456022050819,150.45564303417842,153.38697789342345,74420200,-0.010083717036416862,146.9307418823242,143.58741973876954,0.012348441278390201
2021-09-09,150.5436248779297,152.53692642541913,150.42636132134103,151.93112186962642,57305700,-0.00670467475758163,147.33184585571288,143.93808502197265,0.012545469179868648
2021-09-10,145.56033325195312,151.9213251437336,145.2965089144569,151.45231569560596,140893200,-0.033101977118043524,147.33575439453125,144.17679168701173,0.014166183432920476
2021-09-13,146.1270751953125,147.9542695218118,145.34538275990522,147.18235774668085,102404300,0.0038935191387503565,147.35774154663085,144.42078369140626,0.014188928347847017
2021-09-14,144.72979736328125,147.61228914708835,143.54750041568678,146.90876744705565,109296300,-0.009562073490923306,147.21117401123047,144.58434051513672,0.013988270641795626
2021-09-15,145.6189727783203,146.01959220126037,143.01985176888803,145.15972903193406,83281300,0.006143692807136114,147.15450134277344,144.7254837036133,0.014015829297326973
2021-09-16,145.3844451904297,145.56033305169905,143.8503875542624,145.04246503666727,68034100,-0.0016105565326823834,147.27322006225586,144.81217834472656,0.012711822071270848
2021-09-17,142.71694946289062,145.41378761722353,142.4238129361749,145.41378761722353,129868800,-0.018347875689487148,147.241951751709,144.8714749145508,0.01341117533166007
2021-09-20,139.66835021972656,141.52485650500037,138.0365754530921,140.50866688674913,123478900,-0.021361157554427468,146.98545989990234,144.833310546875,0.013978226143148123
2021-09-21,140.14712524414062,141.29035906389458,139.51200859720305,140.6356810985669,75834000,0.0034279421476723915,146.67864532470702,144.81662475585938,0.013752115036090298
2021-09-22,142.51174926757812,143.0784609405733,140.4109501394529,141.14378392401113,76404300,0.01687244043941849,146.49445877075195,144.82498657226563,0.014389318073520906
2021-09-23,143.4693145751953,143.71359250338787,142.30654925147212,143.29342671393508,64838200,0.006719202539709812,146.41970977783203,144.78400939941406,0.01438638093564624
2021-09-24,143.5572509765625,144.09466540021555,142.2283784515029,142.32609558654582,53477900,0.0006129282880285025,146.38941802978516,144.75786376953124,0.01433708392216546
2021-09-27,142.04273986816406,142.6192471706429,140.52822848156046,142.14045701354505,74150700,-0.010549875384878282,146.23161392211915,144.74221069335937,0.014410250838210825
2021-09-28,138.66192626953125,141.43691994614318,138.44696050068399,139.97125238193445,108972300,-0.023801382610407873,145.68394241333007,144.73582275390626,0.013241496738062736
2021-09-29,139.5608673095703,141.14378350850296,138.77917495976774,139.2091064976362,74602000,0.006482969508815994,145.24424057006837,144.67521545410156,0.013381000343747892
2021-09-30,138.26132202148438,141.07540882378817,138.04635622911155,140.37188712321222,89056700,-0.009311673917899332,144.7063415527344,144.60325225830078,0.013332474897709938
2021-10-01,139.3849639892578,139.64878829633227,135.9259954801677,138.65213028813756,94639600,0.008126943611886261,144.16892929077147,144.5264434814453,0.013361885969330328
2021-10-04,135.95533752441406,138.9550779570537,135.10525501528176,138.5153657120816,98322000,-0.024605426343605186,143.42827835083008,144.34669891357422,0.014010031276560553
2021-10-05,137.8802032470703,138.9843440041992,136.17025813588964,136.29728740091528,80861100,0.014158073950650163,142.66710662841797,144.197060546875,0.013910059096528255
2021-10-06,138.7498779296875,138.8964387383312,135.20295726507902,136.27778622694314,83221100,0.006307465917052557,142.026611328125,144.10813568115233,0.014084617023119913
2021-10-07,140.01036071777344,140.9190825580318,139.45341467529775,139.78562915042673,61732700,0.009084568627330203,141.49994812011718,144.07934844970703,0.014382711548154632
2021-10-08,139.62928771972656,140.8799897873894,139.29707324446653,140.73342896287608,58773200,-0.0027217485627012428,141.20339584350586,144.03006103515625,0.012586226724252646
2021-10-11,139.54132080078125,141.49554421911762,138.56420909161307,139.01368703802868,64452200,-0.0006300033494540669,140.8741081237793,143.97472137451172,0.012515149053681847
2021-10-12,138.27108764648438,139.97126757292082,137.8118439004276,139.9517211619384,73035900,-0.009102917666304333,140.55117263793946,143.90061157226563,0.012501401465131887
2021-10-13,137.68482971191406,138.163604960137,136.01396194464323,138.00727840066958,78762700,-0.004239916996018667,140.15446548461915,143.77887237548828,0.012351131093162097
2021-10-14,140.4696044921875,140.58686806127858,138.27110266842462,138.85737578524592,69907100,0.020225719755039062,139.90872344970703,143.72082946777343,0.013377295993893494
2021-10-15,141.5248565673828,141.58348088448486,140.22529620330172,140.47935479013262,67940300,0.00751231612710912,139.84911880493163,143.6817446899414,0.012918540214242867
2021-10-18,143.19569396972656,143.4790497458413,139.88328656577576,140.1666423418905,85589200,0.01180596428690417,140.02548599243164,143.68975646972658,0.012186048914531273
2021-10-19,145.3551483154297,145.75576773810008,143.19573955238386,143.64520263819782,76378900,0.015080441917196596,140.2858871459961,143.74193481445312,0.012564871777126499
2021-10-20,145.84368896484375,146.32247907181252,144.7297822080243,145.29650879090318,58418800,0.003361013731373985,140.45248413085938,143.81345886230469,0.01207108759775872
2021-10-21,146.05865478515625,146.21499623763387,144.4855043297612,145.40399172614036,61421000,0.0014739466742665908,140.58195114135742,143.8842010498047,0.012002236039152805
2021-10-22,145.28672790527344,146.7426146643611,145.23786934278849,146.26383951681254,58883400,-0.005285047168333001,140.66842498779297,143.88029235839844,0.012083484846986323
2021-10-25,145.23788452148438,145.95117189778182,144.24122639888336,145.27696242983234,50720600,-0.000336186136843164,140.82818222045898,143.87130340576172,0.011796836167611197
2021-10-26,145.90231323242188,147.387512149544,145.5993961083312,145.912078981119,60893400,0.0045747616961413495,141.19020156860353,143.83612670898438,0.010237645697592336
2021-10-27,145.44309997558594,146.30294823636,145.0913391249601,145.94142163499626,56094900,-0.0031474021669856134,141.48431320190429,143.80994018554688,0.010271726839612211
2021-10-28,149.0779571533203,149.66421529809745,146.29318250961379,146.39089965518153,100077900,0.0249916096284013,142.0251449584961,143.93129791259764,0.011094066040069463
2021-10-29,146.371337890625,146.50813293434493,143.05892977311782,143.85038787675046,124953200,-0.018155730829552907,142.37446365356445,143.9918783569336,0.012072036498804083
2021-11-01,145.55059814453125,146.2736514231289,144.41714473918745,145.57991030936387,74588300,-0.005607243589636712,142.8542266845703,144.00692657470702,0.010466126215706138
2021-11-02,146.58633422851562,148.10086068451773,145.24768076131065,145.25746142260692,69122000,0.007115986448615663,143.28953323364257,144.0129849243164,0.010202681464411254
2021-11-03,148.022705078125,148.49171467242118,146.3909297960655,146.94787589375233,54511500,0.00979880462369831,143.75317459106446,144.04952941894533,0.010289669711592122
2021-11-04,147.50479125976562,148.94113176601576,147.192108353955,148.11059575284676,60394600,-0.003498880918883507,144.12789611816407,144.10033935546875,0.010301410566600873
2021-11-05,148.03321838378906,148.93347149692437,146.83940090236302,148.63012712450208,65463900,0.003582440404209297,144.5480926513672,144.17774200439453,0.010224204791461898
2021-11-08,147.2112579345703,148.3170106437663,146.93726849126057,148.1604409815022,55020900,-0.005552540559428665,144.93158950805665,144.21799072265625,0.010373736891449232
2021-11-09,147.5732879638672,148.17997664131613,146.83938459031998,146.97637928946335,56787900,0.002459255048671505,145.39669952392578,144.17714935302735,0.00999486289850874
2021-11-10,144.7453155517578,146.9078907486886,144.67682566721112,146.8002509889988,65187100,-0.019163172760654268,145.74972381591797,144.1049575805664,0.011085540017740024
2021-11-11,144.69635009765625,146.22286636426517,144.5104255646951,145.76296742917557,41000000,-0.00033828696918380974,145.9610610961914,144.01849853515625,0.010285778102990056
2021-11-12,146.77090454101562,147.17209373098063,144.3147648635999,145.24437287945577,63804000,0.014337296289500312,146.22336349487304,143.95125244140624,0.010602899139670703
2021-11-15,146.78067016601562,148.62032601011296,146.22289645235986,147.14272437440852,59222800,6.653651846422193e-05,146.4026123046875,143.8714987182617,0.01034601430099835
2021-11-16,147.7591552734375,148.23864400025383,146.13477951937065,146.72190796317446,59256200,0.006666307670588845,146.5228126525879,143.76460906982422,0.009917854885873288
2021-11-17,150.19573974609375,151.67332612859514,147.7493957762777,147.75917577688946,88807000,0.01649024365459595,146.74041519165038,143.73732818603514,0.01050853116169592
2021-11-18,154.4817352294922,155.26456834184324,149.765191484069,150.4110299216061,137827700,0.028536065607745797,147.16156921386718,143.81609039306642,0.01212046192299778
2021-11-19,157.104248046875,157.5641620110988,153.1705218782956,154.2664794451428,117305600,0.016976199895003097,147.75244522094727,144.04696868896485,0.01235145027518614
2021-11-22,157.5641632080078,162.14371301680876,157.54458827093626,158.20998681834752,117467900,0.0029274521017126354,148.36875915527344,144.27571044921876,0.012312787519782386
2021-11-23,157.94580078125,158.32742995233392,155.64623082003743,157.6620164381372,96041900,0.002422108971177561,148.97093353271484,144.54003051757812,0.012318313996439938
2021-11-24,158.46444702148438,158.66015163635032,156.2138066222637,157.29998440577035,69463600,0.0032836975574468408,149.62200088500975,144.7969400024414,0.012204082107296392
2021-11-26,153.44451904296875,157.00639624695634,153.00417999336176,156.1452930856568,76959800,-0.03167857568603405,149.8403289794922,144.95814147949218,0.013655875542396034
2021-11-29,156.8009033203125,157.73051124922804,155.38201155737082,155.9495652762871,88748200,0.021873601600614245,150.36180725097657,145.23982055664064,0.013551306989876883
2021-11-30,161.75228881835938,161.96756831221649,156.48775108343634,156.55625589116394,174048100,0.03157753171824651,151.17189178466796,145.68149932861328,0.014730559263742678
2021-12-01,161.23370361328125,166.64501732963333,160.99884912795645,163.88553311945805,152052500,-0.00320604554573245,151.90426025390624,146.1032308959961,0.01484741447451161
2021-12-02,160.24533081054688,160.6758897940943,154.41325439149716,155.33308223247562,136739200,-0.006130063259633278,152.51539154052733,146.45790252685546,0.01499604399489178
2021-12-03,158.3665313720703,161.41957902573364,156.29203631008477,160.4997512359703,118023100,-0.011724519079422069,153.05847854614257,146.75584686279296,0.015324097545412016
2021-12-06,161.77188110351562,164.27693555746282,160.7541933995356,160.76397340255957,107497000,0.021502963422522114,153.74541168212892,147.12013946533204,0.01583412552349859
2021-12-07,167.506103515625,167.89752761795768,164.72705957992557,165.4511829707639,120405400,0.03544634811064684,154.76015396118163,147.62940673828126,0.01706151695271179
2021-12-08,171.32240295410156,172.18352101189242,167.03640253357247,168.43571937748263,116998900,0.022783047055479955,155.94760971069337,148.28261627197264,0.017402727946789355
2021-12-09,170.81356811523438,172.95656843850207,170.18730447599066,171.15606234208923,108923700,-0.002970042621941893,157.2510223388672,148.90767028808594,0.016440548177851254
2021-12-10,175.5985870361328,175.77473158616564,170.94075296583623,171.4495967498973,115402700,0.028013107938066995,158.796134185791,149.6544155883789,0.01686054303480348
2021-12-13,171.96824645996094,178.22110269969062,171.76274694249355,177.2327699190323,153237000,-0.02067408763047085,160.05600128173828,150.30608123779297,0.01814017234489671
2021-12-14,170.5885009765625,173.92531854630914,168.51400556372403,171.48875398461132,139380400,-0.008023257268717221,161.24639282226562,150.99874450683595,0.018417024429883185
2021-12-15,175.4518280029297,175.6475325738547,168.611843504033,171.35175229088827,131063300,0.028509114028942406,162.63102645874022,151.75017700195312,0.01899091631580419
2021-12-16,168.5629119873047,177.2523322197485,167.08532532021002,175.43225135839342,150185800,-0.03926386002378934,163.54938507080078,152.34643768310548,0.021700896082692253
2021-12-17,167.4669647216797,169.74695967221308,166.0480878451819,166.28292736988075,195432700,-0.0065017105643472295,164.19864654541016,152.8955697631836,0.021194982757983764
2021-12-20,166.10679626464844,166.91898445345717,163.8659512088188,164.66834446331637,107499100,-0.008122010566631865,164.64877395629884,153.42511993408203,0.021145227149284726
2021-12-21,169.2772674560547,169.48275204230814,165.49031583648394,167.8779505711604,91185900,0.019086944439979048,165.23442916870118,154.0198388671875,0.02144877331340297
2021-12-22,171.87037658691406,172.08565609490324,168.45527432954148,169.32617236411534,92135300,0.015318708588750951,165.93065795898437,154.6918246459961,0.021598184789886482
2021-12-23,172.49664306640625,173.05441678226669,171.50832525865067,172.07587897729215,68356600,0.0036438302628347685,166.63226776123048,155.38806091308595,0.021597306932705555
2021-12-27,176.459716796875,176.54778161213417,173.26968906108772,173.2892490658333,74919600,0.022974787566985233,167.78302764892578,156.1078631591797,0.02019438989250908
2021-12-28,175.44203186035156,177.43825729141835,174.69834852343934,176.29336988152778,79144300,-0.005767236596525338,168.71508407592773,156.78620666503906,0.020083253435038764
2021-12-29,175.5300750732422,176.7532470426314,174.31668310434065,175.48114520820693,62348900,0.000501836486713314,169.4039733886719,157.43289428710938,0.019167104969159566
2021-12-30,174.37542724609375,176.69457190920295,174.26778749437727,175.6181743920382,59773000,-0.006578062629248316,170.0610595703125,158.01329986572264,0.01925097441489844
2021-12-31,173.7589569091797,175.38331824017646,173.45559766181222,174.2677857929612,64062300,-0.003535305098028796,170.73674087524415,158.57160522460939,0.01918703050094334
2022-01-03,178.10366821289062,178.9550062933326,173.89596741451703,174.0133871781769,104487900,0.025004243700552653,171.72359771728514,159.21250549316406,0.019336626583602655
2022-01-04,175.84324645996094,179.01371442958575,175.27569272230144,178.71037008888723,99310400,-0.01269160694785787,172.42716598510742,159.82363586425782,0.019411584118874694
2022-01-05,171.1658172607422,176.3031403228598,170.8918278919333,175.75516158524204,94537600,-0.02659999342245878,172.6101516723633,160.34219451904298,0.019137692992702043
2022-01-06,168.30850219726562,171.53767993498516,167.95622799076347,168.99347567343597,96904000,-0.0166932575043528,172.45945663452147,160.79031829833986,0.01883386105054488
2022-01-07,168.47488403320312,170.4026050689991,167.3593513212815,169.17943258086993,86709100,0.000988552769262352,172.34252243041993,161.25095397949218,0.018829752957644507
2022-01-10,168.49441528320312,168.79775959259328,164.5606894006289,165.45116232460057,106765600,0.00011592974295293601,171.98731384277343,161.63928314208985,0.017597786976991783
2022-01-11,171.32240295410156,171.4202477771128,167.15383722500894,168.62164395189677,76138300,0.0167838658993249,171.95502166748048,162.13830444335937,0.017489204868537764
2022-01-12,171.76275634765625,173.3773379097134,171.06800280036754,172.3400901249927,74805200,0.0025703199696112122,172.01373443603515,162.66254760742189,0.01739494027576574
2022-01-13,168.49441528320312,172.82933029006384,168.10299122971512,172.0073621746904,84505800,-0.019028229017458487,171.66586380004884,163.10070922851563,0.01659380755377804
2022-01-14,169.3555450439453,170.05029852382498,167.4180294399018,167.66266389110206,80440800,0.005110731766953869,171.70549545288085,163.52736602783204,0.01411503447918666
2022-01-18,166.1557159423828,168.83689986985863,165.77408681023036,167.82900716362772,90956700,-0.01889415017814855,171.63993301391602,163.90038452148437,0.014690929774245872
2022-01-19,162.66233825683594,167.40825267441707,162.37856885772902,166.35143003303915,94815000,-0.021024721693945536,171.46771011352538,164.1929669189453,0.015322663295305673
2022-01-20,160.979248046875,166.03828667936338,160.65632878123083,163.3962376065405,91420500,-0.010347141372721524,171.0528091430664,164.4683267211914,0.014699177140963075
2022-01-21,158.92433166503906,162.76019814543096,158.81669190708894,160.89118731707072,122848900,-0.012765101134262768,170.40550689697267,164.69534759521486,0.01425128893178041
2022-01-24,158.1512908935547,158.8167044309835,151.3798104055977,156.58563920962845,162294600,-0.00486420652763031,169.68823928833007,164.96346710205077,0.01414360892202541
2022-01-25,156.35076904296875,159.26680751652682,153.65001008067688,155.56793581393717,115798400,-0.011384806538176084,168.68279190063475,165.19655548095704,0.012674833703083829
2022-01-26,156.2626953125,160.86181974023197,154.43283450239605,159.99092174206848,108275300,-0.0005633085849712227,167.72382507324218,165.3863912963867,0.012732174229866852
2022-01-27,155.80279541015625,160.32363543352318,154.88296745549835,158.96346843901696,121954600,-0.0029431202464800243,166.7374610900879,165.56683380126952,0.012667067850775385
2022-01-28,166.6743621826172,166.6939371213685,159.3059729952558,162.15352186578443,179935700,0.06977773886431993,166.35240783691407,165.94513793945313,0.0211246217088848
2022-01-31,171.0288543701172,171.24413390438698,165.8719554140601,166.5080140130585,115541600,0.02612574681839175,166.21590270996094,166.3618002319336,0.022036300357806345
2022-02-01,170.8624725341797,171.0875320298687,168.61183278338754,170.27534392743365,86213900,-0.0009728290384114491,165.85384292602538,166.68941497802734,0.021199495199542236
2022-02-02,172.0661163330078,172.10526621408275,169.60999135687587,170.99951350894017,84914300,0.0070445182079836854,165.66498641967775,166.98865234375,0.021128231158864846
2022-02-03,169.18922424316406,172.45755270443476,168.42596575248498,170.7353161664464,89418100,-0.01671968979805394,165.56615676879883,167.22115356445312,0.02060416600182443
2022-02-04,168.90505981445312,170.580497991328,167.22962163757825,168.20940619823992,82465400,-0.0016795657642033612,165.5959846496582,167.44033874511717,0.020249135498146595
2022-02-07,168.1898193359375,170.43351937589156,167.49416572772904,169.36555780513737,77251200,-0.004234571061999759,165.58173141479492,167.63484619140624,0.020274356908687313
2022-02-08,171.29571533203125,171.80520742660315,167.96443926792173,168.25837758980256,74829200,0.018466611168004965,165.72179641723633,167.9918701171875,0.020685920821601783
2022-02-09,172.71644592285156,173.0789614781724,171.36433825115836,172.49109962767872,71285000,0.00829402293026682,165.79149856567383,168.31018096923827,0.020431009034648163
2022-02-10,168.64048767089844,171.9325638827204,168.08201833200982,170.61965636290995,90865900,-0.023599132266615586,165.63538513183593,168.44794494628906,0.021124302806593956
2022-02-11,165.2308807373047,169.5811269216294,164.64300397443432,168.846288443205,98670700,-0.020218198966831635,165.47220840454102,168.52788848876952,0.021180214923850176
2022-02-14,165.46603393554688,166.15188018995096,163.19292640629095,163.98654956855333,86185500,0.001423179475851466,165.2777328491211,168.63230255126953,0.02114234832727097
2022-02-15,169.2969512939453,169.45372039657573,166.80830532856646,167.51375134007887,62527400,0.023152288522795494,165.4347946166992,168.85091094970704,0.021353962546924992
2022-02-16,169.0618133544922,169.83583650795123,166.612352178537,168.37596721528965,61177400,-0.0013889082919447127,165.75476837158203,168.99670959472655,0.020722928473109904
2022-02-17,165.46603393554688,168.4347801834387,165.06431864713625,167.57256492057238,69589300,-0.021269021948827738,165.97910766601564,168.955908203125,0.021207285459406963
2022-02-18,163.91796875,167.0924613280084,162.83040723152354,166.3870301609273,82772700,-0.009355788307284119,166.22878952026366,168.80781951904297,0.02109930244246893
2022-02-22,160.99819946289062,163.32028399061443,158.87205389872815,161.64484588368407,91162800,-0.01781238084741321,166.37113494873046,168.6115121459961,0.02150777673060279
2022-02-23,156.8341064453125,162.79118283457873,156.5205682404435,162.19351371308113,90009200,-0.025864221037688817,166.39530181884766,168.2362225341797,0.022183478478815737
2022-02-24,159.4501190185547,159.55789590082478,148.92722915533128,149.49550590272597,141147500,0.016680125468463647,166.5546730041504,167.98585998535157,0.022477890678739437
2022-02-25,161.51748657226562,161.78201763247694,157.61793335879435,160.52789462372328,91974200,0.012965606839530519,166.84040756225585,167.80443969726562,0.02260300735399159
2022-02-28,161.78201293945312,162.07595128148682,159.14639022474867,159.76365924798694,95056600,0.0016377568324104086,166.59579010009764,167.5310433959961,0.016037351781279522
2022-03-01,159.9008331298828,163.23210951924372,158.69570233786408,161.37050993245586,83474400,-0.011627867495222377,166.03938903808594,167.35780181884766,0.014805693425287215
2022-03-02,163.1929168701172,163.97674752234462,159.65589394659725,161.06678613054137,79724800,0.02058828384940492,165.65591125488282,167.2723208618164,0.015736255666724805
2022-03-03,162.86956787109375,165.49539801856008,162.20332160924863,165.06429046074288,76678400,-0.001981391136484101,165.19608383178712,167.20757629394532,0.015586624530814155
2022-03-04,159.87142944335938,162.2033212553789,158.82306783943153,161.16475211398938,83737200,-0.01840821748914634,164.73019409179688,167.01945953369142,0.01567131859095572
2022-03-07,156.07969665527344,161.68406601052743,155.8249430798264,160.05761991470098,96418800,-0.023717388411975793,164.08892593383788,166.7036459350586,0.016354800385509346
2022-03-08,154.25726318359375,159.58729287941838,152.65041731502816,155.60937048225745,131148300,-0.011676300702357367,163.3922981262207,166.33885833740234,0.01644926549419103
2022-03-09,159.65586853027344,160.1065759424101,156.187438255504,158.21558423430952,91454900,0.03499741428871572,162.8103057861328,166.0027813720703,0.01799050800424261
2022-03-10,155.31546020507812,157.1476526374479,152.82679892923494,156.96149116992498,105342000,-0.027186024323135327,161.94025650024415,165.60024993896485,0.018522392069717283
2022-03-11,151.60208129882812,156.060104640192,151.37673500562354,155.71717401765326,96970100,-0.023908623786369154,161.0883361816406,165.12169006347656,0.01853875366897018
2022-03-14,147.5751190185547,151.0043643598726,147.0656419035059,148.38834185067742,108732100,-0.026562711051016152,160.20554809570314,164.5856838989258,0.01886166054992968
2022-03-15,151.95477294921875,152.42508026860065,147.33999637401098,147.84947354452075,92964300,0.029677454843274775,159.5299850463867,164.14960021972655,0.0204001451735778
2022-03-16,156.36383056640625,156.7655458657659,151.33754541830783,153.8751841039313,102300200,0.02901559149221944,158.88332901000976,163.71480346679687,0.020848876774271958
2022-03-17,157.37298583984375,157.7453087439647,154.44343967423552,155.40362432397723,75615400,0.006453891988844163,158.29888763427735,163.34539825439452,0.020969226791369387
2022-03-18,160.66506958007812,161.15496186500974,156.53037749922927,157.2652159266267,123511700,0.020918988876430733,158.0588394165039,163.13538330078126,0.021194406773205075
2022-03-21,162.03677368164062,162.9871658912754,159.71467413165345,160.2045664067095,95811400,0.008537662263164325,157.96477966308595,163.00994873046875,0.021212257025656916
2022-03-22,165.4072265625,165.9950882926474,161.5762655771906,162.164127307338,81532000,0.020800543014275474,158.18523101806642,162.9485955810547,0.021297580250505956
2022-03-23,166.7691192626953,169.14998832074127,164.26085849061369,164.59399656875675,98062700,0.008233574363697649,158.68198165893554,162.91408966064452,0.02032885938144218
2022-03-24,170.55111694335938,170.61969409297694,166.769147690774,167.60195565228418,90131400,0.022678045536156155,159.23703155517578,162.89866394042969,0.02057976388745048
2022-03-25,171.18795776367188,171.73663471959298,169.25778100424003,170.36494232979024,80546200,0.003734017294791503,159.7205551147461,162.88716796875,0.0204611683752955
2022-03-28,172.0501708984375,172.1775327221898,168.52294058057433,168.6895021580393,90371900,0.0050366459535426955,160.2339630126953,162.95828308105467,0.020462409771041776
2022-03-29,175.34226989746094,175.391247170357,172.77522391375607,173.11815452599345,100589400,0.019134529084349428,161.00603485107422,163.078017578125,0.02043898280560593
2022-03-30,174.17630004882812,175.979099995584,173.12792342578476,174.94053078604693,92633200,-0.0066496792206161,161.55520401000976,163.2384292602539,0.02023937685141633
2022-03-31,171.0802001953125,174.43106194071976,170.87443883843048,174.24490046314256,103049300,-0.017775666681676405,161.9657356262207,163.40678649902344,0.020764054585300284
2022-04-01,170.78627014160156,171.3447546015878,168.4641851666293,170.51193161925582,78751300,-0.001718083409859128,162.5114776611328,163.60292694091797,0.020200208264829735
2022-04-04,174.83274841308594,174.8817406281064,170.9136104166494,171.0409871856376,76468400,0.02369322936866869,163.44913024902343,163.9210952758789,0.019611219383041407
2022-04-05,171.52105712890625,174.695564012496,170.89399570193683,173.9117334912033,73401800,-0.018942053558266947,164.31231994628905,164.18849060058594,0.020016505596473555
2022-04-06,168.35635375976562,170.1199686542609,166.69072328453476,168.87563829115544,89058800,-0.01845081543989202,164.74734420776366,164.4286022949219,0.019431607182681342
2022-04-07,168.66014099121094,169.85547954484645,166.41644056203972,167.69995615233807,77594700,0.0018044298576269657,165.41457824707032,164.6765512084961,0.018110593250020745
2022-04-08,166.6515350341797,168.30737316185164,165.77952746373003,168.30737316185164,76575500,-0.011909191734494784,166.16705093383788,164.89352600097655,0.017308405488313888
2022-04-11,162.39927673339844,165.61296861541499,162.1543306146452,165.29944535757966,72246700,-0.025515866384963837,166.90825881958008,164.80802429199218,0.017209598566856422
2022-04-12,164.2706756591797,166.4359910689201,163.27129126604743,164.62339868320723,79265200,0.011523443721078941,167.52405395507813,164.67286071777343,0.016290260916791997
2022-04-13,166.9552764892578,167.58233798502656,163.39866884231074,164.00613046155772,70618900,0.016342544518706426,168.0536262512207,164.594716796875,0.015494264099679089
2022-04-14,161.9485626220703,167.80768430539896,161.70361651341247,167.17081545269417,75329400,-0.029988353602646622,168.28240509033202,164.39236572265625,0.0171681648640563
2022-04-18,161.7330322265625,163.23210129361956,160.2633554980497,160.60627109784113,69023900,-0.0013308571068382236,168.33580322265624,164.2432418823242,0.016558741218262302
2022-04-19,164.01589965820312,164.4274222551572,160.59646173132168,161.68402299396155,67723800,0.014115035130502607,168.43475952148438,164.1454586791992,0.01674779020415045
2022-04-20,163.84939575195312,165.466049522113,162.7422491763838,165.3484651886196,67929800,-0.0010151693012505625,168.35686798095702,164.05865020751952,0.016069215053410555
2022-04-21,163.05572509765625,168.062424195949,162.55604041418727,165.4953937411617,87227800,-0.00484390345569774,168.17119827270508,163.89385040283204,0.015967301881891705
2022-04-22,158.51934814453125,164.4764404677371,158.2352171809879,163.09495550660975,84882400,-0.027821022232786374,167.56960983276366,163.60990844726564,0.01601801121666075
2022-04-25,159.5872802734375,159.8714111577949,155.25663522524357,157.8628502431654,96046400,0.006736919760309323,166.98957595825195,163.4288442993164,0.016103518471000992
2022-04-26,153.6302032470703,159.05820246882445,153.55181869779824,158.9700254572649,95623200,-0.037328018975950394,166.0685775756836,163.19683074951172,0.017650321741177862
2022-04-27,153.40487670898438,156.55976925790796,152.23893068313222,152.75821530720194,88063200,-0.0014666812470693902,164.97170791625976,162.95560760498046,0.016713462951046774
2022-04-28,160.33192443847656,161.19413952588084,155.71713316880462,156.0306713643422,130216800,0.04515532933567101,164.27948913574218,162.7763070678711,0.020318925529705295
2022-04-29,154.4630126953125,162.84017274008735,154.0711048951049,158.5683119363977,131747600,-0.03660476080305586,163.4486297607422,162.4843310546875,0.021401270255715463
2022-05-02,154.7667694091797,155.03130046543404,150.17157761678854,153.54203875876948,123055300,0.0019665336611449646,162.64765472412108,162.27034576416017,0.021445718708527985
2022-05-03,156.2560577392578,157.46120366883235,153.1599494897431,154.9529423111533,88966500,0.009622791350904825,161.71882019042968,162.1171075439453,0.02068268550615742
2022-05-04,162.66383361816406,163.1145261346623,156.04048055543203,156.44219580516028,108256500,0.041008175757248466,161.27595901489258,162.15042022705077,0.022847347453470238
2022-05-05,153.600830078125,160.76305283929582,151.8176149978829,160.53770657596968,130525300,-0.055716156065235056,160.53818283081054,162.08575469970702,0.025581217478072474
2022-05-06,154.32693481445312,156.44638259515347,151.28513392702433,153.0807759379822,116124600,0.004727218830515412,159.82152252197267,161.983291015625,0.025626014389963515
2022-05-09,149.20494079589844,152.90416000742098,148.6456508199546,152.0210492953049,131577900,-0.03318924220657171,158.9491928100586,161.73704010009766,0.026396760578758408
2022-05-10,151.6089324951172,153.79707304983472,150.05859659800515,152.59997843272657,115366700,0.016112011347581667,158.40967559814453,161.53357849121093,0.026350112785498512
2022-05-11,143.74932861328125,152.53128118939546,143.07228159830737,150.61789721596364,142689800,-0.05184129821697059,157.38360824584962,161.2105484008789,0.02824087365103948
2022-05-12,139.88328552246094,143.45494014257622,136.1938888181264,140.08934914213407,182602000,-0.02689433841615263,156.03000869750977,160.74435577392578,0.028073338539642317
2022-05-13,144.34786987304688,145.3192870677171,140.42297369266063,141.87518108716213,113990900,0.03191649619831849,155.14997406005858,160.37392181396484,0.028969652849842573
2022-05-16,142.80735778808594,144.75019240669823,141.47289233038416,142.81717961196202,86643800,-0.010672219038048936,154.20369033813478,160.03264038085936,0.028977008217569256
2022-05-17,146.43788146972656,146.95792901438662,143.9259353445969,146.0650115425021,78336300,0.025422525406765262,153.32478942871094,159.83980407714844,0.02949179557890045
2022-05-18,138.1759796142578,144.59317839270622,137.27324030149254,144.09275951105042,109742900,-0.056419157205417125,152.04111862182617,159.51817840576172,0.031601088887694445
2022-05-19,134.77114868164062,139.00022255113117,134.03523053806913,137.25364468817165,136095600,-0.02464126501670094,150.62688980102538,159.02048400878905,0.03180621137291218
2022-05-20,135.00660705566406,138.05821430560903,130.12011571020568,136.47844306099526,137426100,0.0017470977752043204,149.45125274658204,158.6143069458008,0.031571475937987745
2022-05-23,140.42300415039062,140.57018180016163,135.06551311431642,135.202883911534,117726300,0.04011949646651991,148.4930389404297,158.39072540283203,0.03320495026947331
2022-05-24,137.72459411621094,139.30436527340177,134.75148674775386,138.1661418989175,104132700,-0.01921629615109033,147.69775848388673,158.19371490478517,0.03254159423381278
2022-05-25,137.88162231445312,139.12776621000188,135.742545873108,135.8308524536192,92482700,0.001140160907714849,146.92159576416014,157.91225189208984,0.032561466569550904
2022-05-26,141.08038330078125,141.62986633656274,134.56505664226245,134.81036263839988,90601500,0.023199328036864975,145.9590187072754,157.60658294677734,0.03112664546383841
2022-05-27,146.83035278320312,146.86959515379783,142.53258704704527,142.6601509529846,90978500,0.04075669024915407,145.57738571166993,157.39573028564453,0.031908557511981815
2022-05-31,146.04539489746094,147.8312299883083,144.08294665114528,146.27108722583742,103718400,-0.005346019204225394,145.14131698608398,157.10333679199218,0.03190209609228344
2022-06-01,145.91786193847656,148.8909701597807,144.90718720632282,147.08550619630913,74286600,-0.0008732419058740115,144.62440719604493,156.7809585571289,0.03177986285216807
2022-06-02,148.37086486816406,148.429735903567,144.10253513399695,145.0543234657787,72348100,0.016810847535045248,143.9097587585449,156.4402313232422,0.03045181780982385
2022-06-03,142.650390625,145.19175791698237,141.74766608402808,144.14184075062616,88570300,-0.03855523958997631,143.36223678588868,155.95785675048828,0.029135467060249685
2022-06-06,143.39605712890625,145.78043894130977,142.179334128492,144.26934578263374,71598400,0.005227230718676923,142.81569290161133,155.41475555419922,0.029142917455361385
2022-06-07,145.91786193847656,146.20241037757677,141.39441763595644,141.63972369363694,67808200,0.0175862911439979,142.65133895874024,154.90935363769532,0.028605083813250547
2022-06-08,145.18190002441406,147.0560263615052,144.69128805686674,145.79025407304024,53950200,-0.005043672544851274,142.3299873352051,154.37198822021483,0.028339781186564387
2022-06-09,139.96180725097656,145.17210490927135,139.85387199936835,144.31844471982856,69473000,-0.03595553421300923,142.14061126708984,153.66437896728516,0.027056373158250106
2022-06-10,134.55526733398438,138.11710068108783,134.48657445941151,137.6461172993445,91437900,-0.03862868037490608,141.87421035766602,152.87195831298828,0.02776572871508571
2022-06-13,129.40383911132812,132.6614953380435,128.97209811172078,130.37524138815306,122207100,-0.038284849970753765,141.12700881958008,152.03843109130858,0.027746810939380116
2022-06-14,130.26730346679688,131.3760914682962,129.01133784221852,130.63036655754385,84784300,0.006672633218601121,140.50000610351563,151.2280517578125,0.027833792490401542
2022-06-15,132.88717651367188,134.7613181921413,129.67858439406757,131.76858160626196,91533000,0.020111516682639996,139.82247085571288,150.3891403198242,0.027560150472969586
2022-06-16,127.61798095703125,129.90423449299203,126.61712836390117,129.60005747260172,108123900,-0.03965164807379673,139.29457092285156,149.51107879638673,0.02611409681326215
2022-06-17,129.08982849121094,130.58129318016776,127.37268647196602,127.62781429709099,134520300,0.011533230060074784,139.01050491333007,148.72574829101563,0.025834299989473907
2022-06-21,133.3188934326172,134.48655232988557,130.81678433537272,130.91489774710016,81000500,0.03276063645629668,138.92611923217774,148.01892333984375,0.026966442789892065
2022-06-22,132.80870056152344,135.17343948860204,131.395735327504,132.2592024365102,73409200,-0.0038268609793975505,138.54540405273437,147.34206665039062,0.02523607000659957
2022-06-23,135.67384338378906,135.98782727058793,133.08341268546732,134.2510716127321,72433800,0.02157345723700055,138.44286651611327,146.80755798339842,0.025459496173198072
2022-06-24,139.00021362304688,139.24551965514786,137.1457006192552,137.27324957478913,89116800,0.024517402590625403,138.49879608154296,146.30214874267577,0.02606527086139586
2022-06-27,139.00021362304688,140.79585557470105,138.32316657888146,140.02068012877845,70207900,0.0,138.39478759765626,145.74304748535155,0.02552324232176937
2022-06-28,134.85943603515625,140.72715167094702,134.74169394010806,139.46137923230657,67083400,-0.029789721036831973,137.7962417602539,145.20126495361328,0.024380730626149025
2022-06-29,136.61582946777344,138.02879459026983,134.1038981265762,134.87907356263912,66242400,0.013023882378978113,137.32476348876952,144.6989208984375,0.024670000577409052
2022-06-30,134.15296936035156,135.77198324759192,131.25836106107414,134.67301697127326,98964500,-0.018027633525460884,136.73651885986328,144.10166229248046,0.024887963139245937
2022-07-01,136.3214569091797,136.4293921589786,133.11286488498627,133.48571986150768,71051600,0.01616429035576017,136.13404846191406,143.551103515625,0.024860053097918503
2022-07-05,138.902099609375,138.9511638153359,134.3590266331402,135.18326636531972,73353800,0.018930568662529623,135.9466339111328,143.06803100585938,0.023952641151993425
2022-07-06,140.23655700683594,141.41402301996357,138.4311081218874,138.69604284083624,74064300,0.009607179453829273,135.7886589050293,142.70237518310546,0.024032993837745834
2022-07-07,143.6021270751953,143.79836886527636,140.5897624458258,140.59956929502877,66253700,0.023999234865665686,135.67287216186523,142.38267211914064,0.024332637458974012
2022-07-08,144.2791748046875,144.77960864232728,142.27748437099987,142.53259722881296,64547800,0.004714747220545323,135.62773590087892,142.19565155029298,0.024334902299338334
2022-07-11,142.14991760253906,143.88668829327412,141.08038702449986,142.93489980535588,63141600,-0.014757897007872667,135.73714141845704,141.97055236816405,0.02311899301816148
2022-07-12,143.1213836669922,145.66275112908062,142.32659434251858,143.0232552435011,77588800,0.00683409516401845,136.16544723510742,141.62634155273437,0.021166773493002222
2022-07-13,142.75827026367188,143.70023682096436,139.45153554732983,140.30521051946872,71185600,-0.0025371009839115777,136.83316879272462,141.39224670410155,0.018852778526836544
2022-07-14,145.68235778808594,146.1533412106034,140.5603662797928,141.37478416032295,78140700,0.020482788976171618,137.60392150878906,141.2105584716797,0.019164033307367385
2022-07-15,147.35043334960938,148.0274804295402,145.41742051675783,146.96775651820843,76259900,0.011450086248259828,138.32708435058595,141.03244598388673,0.018919502072982732
2022-07-18,144.3086700439453,148.7241795486546,143.94560685906407,147.90976155444392,81420900,-0.020643056396359882,139.16161880493163,140.66534271240235,0.016910642142462334
2022-07-19,148.164794921875,148.39047220534343,144.1515931428367,145.14262379831726,82982400,0.026721366614739228,140.11536712646483,140.55662200927733,0.017489130321360964
2022-07-20,150.16653442382812,150.83377461851506,147.5466677906739,148.28258588894056,64823400,0.013510223552150924,140.9577491760254,140.47341400146485,0.016502109563438522
2022-07-21,152.43316650390625,152.64903699884627,149.08718880462706,151.5991200487024,65086600,0.015094122593791948,141.93897247314453,140.537978515625,0.016445483226298522
2022-07-22,151.1968231201172,153.34570636779952,150.5295978961148,152.47241748797757,66675400,-0.008110724274414283,142.71512145996093,140.529736328125,0.016404575660980934
2022-07-25,150.07821655273438,152.12897123891142,149.42079823109208,151.1183116577891,53623900,-0.00739834703070541,143.2690216064453,140.65631408691405,0.01601092606262853
2022-07-26,148.7535400390625,150.21555397747602,147.96855797310025,149.40113639411533,55138700,-0.008826574196438508,143.7566879272461,140.83371917724608,0.016245849490144126
2022-07-27,153.84609985351562,154.37596918243503,149.30304304810883,149.7151553193297,78620700,0.03423488148998555,144.70602111816407,141.02368377685548,0.01563273880067016
2022-07-28,154.39561462402344,154.68016301876492,151.51081343985047,154.0325515340952,81378700,0.0035718472618482267,145.59501037597656,141.2554489135742,0.015575005821158033
2022-07-29,159.45870971679688,160.5576907977121,156.5052308137223,158.21256599444197,101786900,0.032792998072534774,146.86029739379882,141.51586547851562,0.01555119574908579
2022-08-01,158.47747802734375,160.51842568191043,157.8691239569894,157.9868660422736,67829400,-0.006153515798514975,147.96809844970704,141.92189544677734,0.01579316289289297
2022-08-02,157.00567626953125,159.36062329417274,156.6328212608233,157.0939978250213,59907000,-0.009287135157202253,148.87327728271484,142.36658599853516,0.015993942782417257
2022-08-03,163.0107879638672,163.46214273028536,157.7317967556544,157.82010334400223,82507500,0.038247736241248775,150.0119888305664,142.92666961669923,0.017518458415998667
2022-08-04,162.69676208496094,164.05085610462757,161.3426680652943,162.89300390623217,55474100,-0.001926411637098835,150.9667205810547,143.37214477539064,0.017205065006714135
2022-08-05,162.47076416015625,162.96205765324038,160.16167874542583,160.3680286094797,56697000,-0.0013890745083584566,151.8763000488281,143.86706817626953,0.01729046949818062
2022-08-08,161.9990997314453,164.88790765782107,161.34076829816232,163.47298010260957,60276900,-0.0029030726306302768,152.86875915527344,144.34941772460937,0.016732145718997116
2022-08-09,162.04824829101562,162.93258559805665,160.40732977942574,161.16392597706255,63135500,0.0003033878561782277,153.81510238647462,144.76877502441405,0.016792764859669712
2022-08-10,166.2930450439453,166.39129475740782,163.99377985120265,164.76019658442047,70170500,0.026194647567597595,154.9918411254883,145.1580288696289,0.0172150826430325
2022-08-11,165.55612182617188,168.01258981282774,165.26134266915503,167.0987759253846,57149200,-0.004431473472499725,155.98552932739258,145.54824340820312,0.017150200011522336
2022-08-12,169.103271484375,169.17204479537065,166.45027391863346,166.86297375697356,68039400,0.021425662905582676,157.07317123413085,146.0119515991211,0.017442695587519153
2022-08-15,170.1742401123047,170.370754508125,168.36628368181792,168.53332166791955,54091700,0.006333222406218475,158.36644973754883,146.44801910400392,0.016186175419046326
2022-08-16,170.01705932617188,170.6852264080059,168.6709196812625,169.77141253005902,56377100,-0.0009236461759963843,159.45906295776368,146.99535247802734,0.015712732353501884
2022-08-17,171.5105438232422,173.0826738438294,169.56502598846322,169.76154036690085,79542000,0.008784321426269948,160.52626342773436,147.55764221191407,0.01564535046298618
2022-08-18,171.1175079345703,171.85444813238172,170.10544459568962,170.72447915963892,62290100,-0.0022916135644519553,161.4604804992676,148.06163513183594,0.01564217695074031
2022-08-19,168.5333251953125,170.71466951867444,168.3269753298755,170.0170261568602,70346300,-0.0151018020917294,162.32730560302736,148.5286636352539,0.016044970673942754
2022-08-22,164.652099609375,166.9022170896685,164.22957943165187,166.73517911017834,69026800,-0.023029425079221344,163.05599975585938,149.02246948242188,0.017058240990503844
2022-08-23,164.3180389404297,165.77227866474297,163.74813661491604,164.17065687050786,54147100,-0.0020288879992289566,163.83422470092773,149.6177249145508,0.01683915054115529
2022-08-24,164.61280822753906,165.1827105189657,163.35509799580043,164.40647334198977,53841500,0.0017938948700344515,164.3725601196289,150.321904296875,0.015386976837896783
2022-08-25,167.06927490234375,167.17736007756102,165.41853585512217,165.84104108991514,51218200,0.014922694663037417,165.00624313354493,151.05794372558594,0.015597694818523626
2022-08-26,160.77090454101562,168.07153485537452,160.71195171096292,167.59989722186273,78961000,-0.03769915422814685,165.07185287475585,151.61561828613281,0.01669098759788424
2022-08-29,158.5699005126953,160.06342201093398,157.03706713692557,158.34389469961232,73314000,-0.01369031314841418,165.07647399902345,152.2346566772461,0.016933431866696155
2022-08-30,156.14292907714844,159.72936621122975,154.9736479587286,159.30686092942906,77906200,-0.015305372758006919,165.0333366394043,152.77571868896484,0.017162170665959278
2022-08-31,154.4822998046875,157.7837920932139,154.4036910605458,157.5184894558713,87991100,-0.010635315235059006,164.6069122314453,153.19898681640626,0.014714358763845397
2022-09-01,155.2094268798828,155.66140843899763,151.97670771690994,153.91240502902684,74229900,0.004706863350135482,164.2325454711914,153.64700134277345,0.014804345735510942
2022-09-02,153.0968780517578,157.56765189981036,152.2715085702032,156.9682732301626,76957800,-0.013610956954050901,163.76385116577148,153.9954620361328,0.015017725091939719
2022-09-06,151.8391571044922,154.3545772465812,151.01378768157298,153.74537814772464,73714800,-0.008215196568805427,163.25585403442383,154.2522409057617,0.015065439485746594
2022-09-07,153.24429321289062,153.9419216691413,150.93520749298594,152.1241445003408,87449600,0.00925410898739032,162.81565628051757,154.53712249755858,0.015303703061078276
2022-09-08,151.77041625976562,153.63732582875608,150.0213973567108,151.94727474830393,84923800,-0.00961782603595851,162.0895248413086,154.87534210205078,0.0137655402459098
2022-09-09,154.62969970703125,155.07187581808674,152.0553267593616,152.76279054534643,68028800,0.01883953090285906,161.54320373535157,155.23561950683595,0.014719258861092804
2022-09-12,160.5841827392578,161.39973173078485,156.5261087123494,156.81105233922636,104956000,0.03850801652921931,161.11724929809571,155.76424377441407,0.01660467426095235
2022-09-13,151.1611785888672,157.7445084078153,150.6993615052029,157.11565333541313,122656600,-0.0586795286413162,160.16659622192384,156.0610382080078,0.020662483632069167
2022-09-14,152.6055908203125,154.3644300184662,150.9351958505273,152.0946413613245,87965400,0.009555444360313414,159.29602279663087,156.33510803222657,0.02092124502441476
2022-09-15,149.71678161621094,152.5368165999088,148.74403004784534,151.9570788549336,90481100,-0.018929904131120834,158.2063346862793,156.52471252441407,0.020865597348895662
2022-09-16,148.0758514404297,148.71454195841454,145.7864220311532,148.57698038414023,162278800,-0.010960228760378166,157.05425186157225,156.61418701171874,0.02086223999340404
2022-09-19,151.79000854492188,151.8686172901009,146.5037016211282,146.71003645827363,81474200,0.02508280093183446,156.21708602905272,156.76440368652345,0.021947361564043425
2022-09-20,154.16790771484375,155.3273682721185,150.41443284470995,150.7288529156578,107689800,0.01566571602911626,155.69287643432617,157.00476348876953,0.021978676238148975
2022-09-21,151.0432891845703,155.97588059110078,150.92538353116046,154.60024966459952,101696800,-0.0202676327167447,155.0291389465332,157.1632015991211,0.022309868060297874
2022-09-22,150.08033752441406,151.78020876552435,148.28220159016286,149.7266056194288,86652500,-0.0063753356097771,154.30251541137696,157.30964294433593,0.022273652700101346
2022-09-23,147.8105926513672,148.83249178632698,145.97315929376293,148.5573685560897,96029900,-0.015123532572530629,153.33958129882814,157.35220764160155,0.021914106354222303
2022-09-26,148.1446533203125,151.09241446222893,147.03432515906897,147.05398109807987,93339400,0.0022600590590502456,152.70826873779296,157.36809204101561,0.020644726381527253
2022-09-27,149.11740112304688,152.02586530633175,147.33892101138343,150.08034720002962,84442700,0.006566202565752688,152.23564376831055,157.46426666259765,0.02063483262727805
2022-09-28,147.23086547851562,148.016938253305,142.3179293774459,145.06917659266318,146691400,-0.012651344714454504,151.7900405883789,157.44558807373048,0.020559007188219142
2022-09-29,139.99899291992188,144.16516723784525,138.2303333041484,143.55596808972413,128138200,-0.04911926948937928,151.0658752441406,157.24223724365234,0.02299438644286052
2022-09-30,135.79354858398438,140.60823487907734,135.59703414181732,138.819918971248,124925300,-0.030039104198006483,150.0950813293457,156.90944488525392,0.02355552986288017
2022-10-03,139.96951293945312,140.57872706512543,135.2924042908768,135.80335372086685,114311700,0.030752303029226935,149.43871307373047,156.68489868164062,0.024890980707670266
2022-10-04,143.5559539794922,143.67385961125873,141.74798266491518,142.50457878595228,87830100,0.02562301578909154,149.02455291748046,156.55445343017578,0.02573752835844322
2022-10-05,143.8507537841797,144.81369999304195,140.51978392175167,141.5613389023429,79471000,0.002053553311551326,148.55487594604492,156.45639770507813,0.02561477539936313
2022-10-06,142.8976287841797,144.97088807825529,142.69129389793306,143.27101666436323,68402200,-0.006625790793074238,148.11123657226562,156.2374282836914,0.025581840190080092
2022-10-07,137.6505889892578,140.60818501990053,137.0217340014585,140.05792378662625,85925600,-0.03671887238133642,147.26228103637695,155.9025277709961,0.026131172911796795
2022-10-10,137.97486877441406,139.4192729060871,136.15709176712548,137.97486877441406,74899000,0.0023558183625465023,146.13181533813477,155.47285095214843,0.024100305160194933
2022-10-11,136.55996704101562,138.8887089375452,135.8132061545904,137.46394548029593,77033700,-0.010254778612703519,145.4017547607422,155.03450073242186,0.020882177494843616
2022-10-12,135.93106079101562,137.91589041966,135.75420235526866,136.70731279613284,70433700,-0.004605348577823798,144.56802825927736,154.61300842285155,0.020606008790303675
2022-10-13,140.50013732910156,141.08968060374895,132.03022618093473,132.6394403890868,113224000,0.033613189741162675,144.10719604492186,154.16279541015626,0.02210724667615079
2022-10-14,135.9704132080078,142.00349764686453,135.78371925254498,141.79714775053986,88598000,-0.03223999781924425,143.50192413330078,153.62826843261718,0.02300739925894934
2022-10-17,139.9302215576172,140.41167960335844,137.82748592791265,138.61355854500806,85250900,0.029122573478920444,142.90893478393554,153.1774575805664,0.02329215713951888
2022-10-18,141.24688720703125,144.1455159806622,138.1615644966325,142.95659405664904,99136600,0.009409444469949069,142.26288375854492,152.76241333007812,0.023057799240585108
2022-10-19,141.35496520996094,142.42598143245377,139.03605931008337,139.22275323737964,61758300,0.0007651708654738965,141.77846755981446,152.34854766845703,0.022759955205351345
2022-10-20,140.8931884765625,143.34965665907674,140.1660684970252,140.52963598333983,64522000,-0.0032667882073511567,141.31911010742186,151.84055053710938,0.022746745026730863
2022-10-21,144.7056121826172,145.2755145225026,140.16604940438248,140.38221977444553,86548600,0.027058963937698577,141.1638610839844,151.4235403442383,0.023497537763360766
2022-10-24,146.8476104736328,147.61402706279983,143.45768863799606,144.6269694579804,75981900,0.01480245485097309,141.0990089416504,150.97842712402343,0.02374944253006323
2022-10-25,149.68731689453125,149.83471395703802,146.75921150175503,147.476495894735,74732300,0.019337777521468924,141.12750473022462,150.56868865966797,0.024109076593192565
2022-10-26,146.74937438964844,149.34340346890698,145.4621728259598,148.33134005875115,88194300,-0.019627197319281642,141.10343017578126,150.1033349609375,0.024358052360362217
2022-10-27,142.2786102294922,146.45460526216635,141.6202786941001,145.49167413504986,109180200,-0.03046530302940509,141.21741104125977,149.5186962890625,0.02267219667053289
2022-10-28,153.0281219482422,154.75746986477446,145.24603383421282,145.619406740808,164762400,0.07555254933549937,142.07913970947266,149.15690856933594,0.026943039057572945
2022-10-31,150.66986083984375,151.55419798226043,149.2745893410994,150.49300240721152,97943200,-0.015410638766095941,142.6141571044922,148.79963928222656,0.02671730430718515
2022-11-01,148.02674865722656,152.7431699919974,146.5332269791364,152.37961754304112,80379300,-0.017542408069432747,142.83769683837892,148.4671322631836,0.026623991498206594
2022-11-02,142.504638671875,149.5203115788826,142.47516225154624,146.35637919012498,93604600,-0.037304811700881624,142.77039108276367,148.0308642578125,0.02802700076069931
2022-11-03,136.46168518066406,140.3134243600425,136.33394407491397,139.58630459413143,97918500,-0.04240531078518206,142.4485939025879,147.467841796875,0.029565030846345566
2022-11-04,136.1959686279297,140.4182534262788,132.25910018387182,139.84740569973505,140814800,-0.001947187977215603,142.3758628845215,146.85037567138673,0.028408959951406916
2022-11-07,136.7274169921875,136.95378268582516,133.52871190234,134.94598671425354,83374600,0.003902085866503535,142.31349029541016,146.36950592041015,0.02841824825704122
2022-11-08,137.2982940673828,139.1978259809836,135.3200229786847,138.19393528890745,89908500,0.004175293351939224,142.35040664672852,145.9440737915039,0.028329242491197552
2022-11-09,132.7413330078125,136.363259132224,132.46575346788492,136.31404528196006,74917800,-0.033190223451238676,142.19092025756837,145.4760418701172,0.029312154044168884
2022-11-10,144.55194091796875,144.55194091796875,137.298266687944,139.0108096143879,118854000,0.0889746067975763,142.3935104370117,145.27743469238283,0.034826587633280455
2022-11-11,147.33729553222656,147.64240042758996,142.09141663457416,143.51854343102002,93979700,0.019268884226455674,142.96185455322265,145.1199920654297,0.034058503400261994
2022-11-14,145.939697265625,147.90813128864986,145.10310679865555,146.61880940644215,73374100,-0.009485705988785953,143.26232833862304,144.97684844970703,0.03368516904713463
2022-11-15,147.67193603515625,151.1659099557232,146.21529884381314,149.8175372526668,89868300,0.011869551616092489,143.5835807800293,144.8935040283203,0.033715705456341935
2022-11-16,146.441650390625,147.50460662223392,144.96532479416157,146.77629560614008,64218300,-0.008331208200848317,143.8379150390625,144.757451171875,0.03380516909935423
2022-11-17,148.34120178222656,149.08920136807347,143.84332244877638,144.1189020339811,80389400,0.012971387488017294,144.2103157043457,144.68886688232422,0.03385943184419044
2022-11-18,148.90220642089844,150.28995621048665,147.6030475887024,149.90611212166033,74829600,0.0037818531327220573,144.42014541625977,144.57431701660155,0.03338970608463639
2022-11-21,145.6739501953125,147.99670287508093,145.3885338782466,147.790025718782,58724100,-0.021680378707490067,144.36146240234376,144.27611236572267,0.03364596478943965
2022-11-22,147.8096923828125,148.04590985414606,144.6109873377189,145.79205967642807,51804100,0.014661112605489857,144.2675811767578,144.20908264160155,0.0335214117011087
2022-11-23,148.68563842773438,149.43363778546234,146.98293255947328,147.09119700764043,58301400,0.005926174601955436,144.3643943786621,144.13068359375,0.033224092345035275
2022-11-25,145.77239990234375,146.5302512983949,144.7980195359923,145.9692403249909,35195900,-0.019593274482972656,144.5390838623047,144.05179595947266,0.03276508385132892
2022-11-28,141.94381713867188,144.32562115102257,141.11707822885703,142.8492952329401,69246000,-0.026264112865238776,143.98486862182617,143.9291552734375,0.028292534870332602
2022-11-29,138.94190979003906,142.5244590100729,138.13485967272496,142.01266197350824,83763800,-0.02114856010741284,143.39847106933593,143.67219329833983,0.028449593819001848
2022-11-30,145.69366455078125,146.3727767919922,138.3317244213744,139.16829999405587,111380900,0.04859408346225447,143.28181686401368,143.5027084350586,0.030520353467423975
2022-12-01,145.96923828125,146.77630352615344,144.29607218523327,145.87082558028513,71250400,0.00189145994315143,143.4550468444824,143.40122741699219,0.029255481726608204
2022-12-02,145.47711181640625,145.66411544857186,143.35119950014382,143.65631938407483,65447400,-0.0033714395624613314,143.90581817626952,143.30916290283204,0.02740914342228037
2022-12-05,144.31573486328125,148.53801893223152,143.4693076933105,145.43774157529282,68826400,-0.007983228004902032,144.31180648803712,143.2392657470703,0.02750592181238146
2022-12-06,140.6544647216797,144.97517704731527,139.68008441838234,144.74881132681773,64727200,-0.025369861055484333,144.5081588745117,143.08946197509766,0.028238342015453523
2022-12-07,138.71556091308594,141.10720126498546,137.79039443330282,139.9458322919547,69721100,-0.013784872115011448,144.5790222167969,142.88142517089844,0.02844315460607966
2022-12-08,140.39857482910156,141.25485398858248,138.87305021328396,140.11315845458282,62128300,0.012132841513506465,144.96188430786134,142.74477935791015,0.027370525461227667
2022-12-09,139.9163055419922,143.2724894333561,138.6761823933455,140.09345741010685,76097000,-0.0034350013003793256,144.7301025390625,142.74312561035157,0.018474503147321606
2022-12-12,142.20953369140625,142.21937045590607,138.8336612407948,140.44777667846864,70462700,0.016389999296585245,144.47371444702148,142.8714453125,0.018314958268417864
2022-12-13,143.17404174804688,147.6030180487257,141.9634590975565,147.14043487810696,93886200,0.006782302364717774,144.33543167114257,142.93553588867186,0.01830808749743035
2022-12-14,140.94973754882812,144.34528354143862,138.93208948952125,143.05596154285573,82291200,-0.01553566674560325,143.99932174682618,142.8834115600586,0.0183356307406581
2022-12-15,134.34564208984375,139.5619960317231,133.88305882406812,138.88288378971373,98931900,-0.04685425864448001,143.3945213317871,142.69330932617189,0.020865941063274374
2022-12-16,132.38702392578125,135.47746472052233,131.61933586337778,134.5326248058533,160156900,-0.014578948253138546,142.59681243896483,142.4830972290039,0.020587543585971018
2022-12-19,130.28079223632812,133.0661279935264,129.24737645818792,132.97755207276447,79592600,-0.015909653582317218,141.66574172973634,142.3357012939453,0.020592558125712486
2022-12-20,130.2119140625,131.14691722297425,127.83994745250583,129.31627297471567,77432800,-0.0005286901671827104,140.89263992309571,142.18044219970704,0.0203107710782233
2022-12-21,133.31216430664062,134.65069977293228,130.65478191534362,130.88114757728772,85928000,0.023809267120154187,140.16776351928712,142.11548614501953,0.02088130737446973
2022-12-22,130.1429901123047,132.43621717922085,128.24345879689446,132.2295400503929,77852100,-0.023772580775496932,139.24063110351562,141.99972473144533,0.02112238664200068
2022-12-23,129.77886962890625,130.3300288114699,127.5939064280565,128.85370313619094,63814900,-0.0027978493738635146,138.44095458984376,141.78529937744142,0.02090410221293452
2022-12-27,127.97773742675781,129.33596171498522,126.68841553829142,129.3064364059333,69007800,-0.013878470411236021,137.74265060424804,141.62544586181642,0.020437551991015792
2022-12-28,124.05071258544922,128.96195335269854,123.88339749624971,127.62341762114275,85438400,-0.030685218540889125,136.99809074401855,141.30785568237306,0.020940020707641522
2022-12-29,127.56438446044922,128.42064856881274,125.7140589354878,125.9699499861123,75703700,0.02832447957588058,136.09162673950195,141.0342056274414,0.018539922867004066
2022-12-30,127.87931060791016,127.89899915340173,125.41877555904108,126.38331154566909,77034200,0.0024687623335695186,135.18713035583497,140.7646925354004,0.018554050107838713
2023-01-03,123.09602355957031,128.8340031338152,122.21022673136561,128.22379338136977,112117500,-0.03740469842698668,134.06807594299318,140.40874923706053,0.019779097589031746
2023-01-04,124.36565399169922,126.62935597280962,123.10585750129947,124.88728777203856,89113600,0.010314146593975781,133.07057189941406,140.0019500732422,0.020204855320230045
2023-01-05,123.04681396484375,125.75341088924934,122.79092293482029,125.12351256937882,80962700,-0.010604535774350499,132.19018936157227,139.5259341430664,0.01977171990367997
2023-01-06,127.57421875,128.2336424206293,122.91887596059405,124.02120184221346,87754700,0.03679416507647071,131.63312225341798,139.08367218017577,0.021907241965621355
2023-01-09,128.09584045410156,131.30439758356596,127.83994943275363,128.41079711233908,70790800,0.004088770515018769,131.01798553466796,138.71060150146485,0.021669006357664607
2023-01-10,128.6667022705078,129.18833615231142,126.09789493911427,128.20411901412172,63896200,0.004456521104686528,130.45550537109375,138.43836334228516,0.021758223459313535
2023-01-11,131.38314819335938,131.402821722743,128.40097153395064,129.17849644752224,69458900,0.021112268169743986,129.9141860961914,138.0054638671875,0.022014743723420323
2023-01-12,131.3043975830078,132.14097304777255,129.36548883237654,131.76698078856714,71379600,-0.000599396584984091,129.32070388793946,137.6181546020508,0.02189093215596769
2023-01-13,132.63308715820312,132.79056549396478,129.58202324711493,129.94617875784812,57809700,0.010119155181800732,128.9048713684082,137.3102813720703,0.021936494913906947
2023-01-17,133.79444885253906,135.12313266732727,132.01301865225,132.7019674841355,63646600,0.008756198918529856,128.87731170654297,137.1360775756836,0.01944199632032065
2023-01-18,133.07598876953125,136.42232060237055,132.8988218980733,134.6605787592018,69672800,-0.005369879611370587,128.91175994873046,137.06836364746093,0.01918656080645419
2023-01-19,133.13502502441406,134.09955338686564,131.65869966602656,131.96380450388668,58280400,0.00044362815131937516,129.05447158813476,137.00714477539063,0.018797887501895306
2023-01-20,135.69400024414062,135.84164181281548,132.10161400912494,133.14488168206822,80223600,0.01922090163168777,129.3285758972168,136.9864764404297,0.0192135467983632
2023-01-23,138.8828887939453,141.05801539977267,135.72354499448727,135.94007397852303,81760300,0.0235005862018014,129.60711212158202,137.01816833496093,0.019195423760406567
2023-01-24,140.28045654296875,140.90051809732327,138.0856567013407,138.0954934654877,66435100,0.010062922518100592,130.11398544311524,137.16895080566405,0.0182514346581066
2023-01-25,139.62103271484375,140.18202862963406,136.61916767862735,138.6663409653264,65799300,-0.004700753364906607,130.6060935974121,137.07033264160157,0.018293189061924807
2023-01-26,141.68789672851562,141.9733130723702,139.66039693887691,140.91035682918778,54105100,0.014803385804294633,131.2916015625,136.95734466552733,0.017953719652291224
2023-01-27,143.62681579589844,144.90630122192567,140.82180564980067,140.9005448317984,70555800,0.01368443679489384,132.27040672302246,136.9110870361328,0.01590316331343988
2023-01-30,140.7430419921875,143.2527985417942,140.59541543784155,142.6721140707524,64015300,-0.020078240875359477,132.92933959960936,136.77250915527344,0.016242407986350304
2023-01-31,142.0126495361328,142.0618633846007,140.03437897857034,140.4477482733763,65874500,0.009020748208751872,133.6360065460205,136.6839291381836,0.016253604256288186
2023-02-01,143.13467407226562,144.29605796571016,139.08955653554688,141.69772563249788,77663600,0.007900877420411234,134.63793907165527,136.57979858398437,0.012757899330313861
2023-02-02,148.43960571289062,148.7939093931277,145.831421817907,146.5498959772077,118339000,0.037062519441981356,135.84163665771484,136.57054656982422,0.014354421564643218
2023-02-03,152.06153869628906,154.8960886893848,145.496812581912,145.6936529941079,154357300,0.024400044489500505,137.2923728942871,136.69829833984375,0.013969207940044415
2023-02-06,149.33522033691406,150.68360765070338,148.400217321163,150.16197391503306,69858300,-0.01792904624502223,138.38042297363282,136.7288088989258,0.013955449641949254
2023-02-07,152.2091522216797,152.77999988075524,148.2624474794368,148.2624474794368,83322600,0.019244836404176846,139.58608856201172,136.7992791748047,0.01414226113995039
2023-02-08,149.5222625732422,152.14028370808583,148.7840997356859,151.45133472995892,64120100,-0.017652615557074203,140.62886657714844,136.87427642822266,0.015311739378957034
2023-02-09,148.48878479003906,151.89418154841005,148.04589023070798,151.3528593012469,56007100,-0.00691186560059498,141.48414840698243,137.00517578125,0.015297218146283034
2023-02-10,148.8535614013672,149.17885078358248,147.08912934244577,147.32570754066396,57450700,0.002456593687152342,142.3616065979004,137.20340881347656,0.01524036901927739
2023-02-13,151.6529998779297,152.05713357186568,148.76483299254943,148.79440338379132,62199000,0.018806661058072605,143.3126022338867,137.32259552001952,0.015473912988345766
2023-02-14,151.01223754882812,151.5741049324063,148.70565732767898,149.94765859116993,61707600,-0.004225187300068822,144.17349166870116,137.4234555053711,0.01566027001035764
2023-02-15,153.1118621826172,153.279432747917,150.696851620169,150.923562968411,65573800,0.013903672098826814,145.17528533935547,137.5761505126953,0.015503901181345271
2023-02-16,151.51498413085938,154.09756497312395,151.16012443154224,151.3178281549916,68167900,-0.010429486187381154,146.09428329467772,137.7201354980469,0.015936081374532667
2023-02-17,150.37155151367188,150.81512239489066,148.69583093968438,150.17441057100683,59144100,-0.007546663610510929,146.8281608581543,137.9144772338867,0.01594498486637222
2023-02-21,146.3596649169922,149.1394018439348,146.29067235544917,148.05510409777494,58867200,-0.02667982445013828,147.20199966430664,138.06735931396486,0.016847627165993813
2023-02-22,146.7835235595703,147.80866542554767,145.0585140913541,146.74408634882758,51011300,0.002896007194458372,147.52715301513672,138.19505828857422,0.016760104355237976
2023-02-23,147.26654052734375,148.19311959888688,145.13739706863274,147.946689634791,48394200,0.0032906756566408735,147.90942840576173,138.34206298828124,0.016676929325295676
2023-02-24,144.6149444580078,145.0880857046954,143.6390765358812,145.0092263234326,55469600,-0.018005421053831294,148.05578079223633,138.39017120361328,0.017043752297947964
2023-02-27,145.80767822265625,147.03982803359767,145.344388690471,145.6006854773172,44998500,0.008247652198869249,148.16482391357422,138.44284393310548,0.01687601920905019
2023-02-28,145.304931640625,146.9510815880518,144.7332124606566,144.95007197860627,50547000,-0.003448011710765475,148.3929183959961,138.5299478149414,0.016184089207548623
2023-03-01,143.23492431640625,145.12750429739225,142.9392054041828,144.73322244168676,55479000,-0.014245953670302014,148.45403213500975,138.70773345947265,0.016465464571193824
2023-03-02,143.82635498046875,144.61493369350907,141.8450488958328,142.31820514818978,52238100,0.004129095378694325,148.4886161804199,138.9365200805664,0.016398384466992773
2023-03-03,148.87322998046875,148.952089353373,145.2260704687506,145.9259229618336,70732300,0.03509005703916612,148.51029739379882,139.30836883544922,0.01617042936851432
2023-03-06,151.63323974609375,154.067968230875,151.26852832672452,151.59380254131042,87558000,0.018539328836937985,148.48888244628907,139.73679534912108,0.015757971611979487
2023-03-07,149.4351043701172,151.83039589059405,148.9718149331636,151.50510660246357,56182000,-0.014496395247224791,148.4938766479492,140.05925415039061,0.01557025926828877
2023-03-08,150.68695068359375,151.2783884609091,149.66180891591966,150.62780991403972,47204800,0.008377190344619478,148.41776657104492,140.4701333618164,0.015049663495820076
2023-03-09,148.43951416015625,152.33310365607178,148.08465449485655,151.36710263865677,53833600,-0.014914606163585975,148.36362915039064,140.8433462524414,0.014896087650754087
2023-03-10,146.37939453125,148.78455331931613,145.50210448552664,148.0649820559655,68572400,-0.013878512339265181,148.25815963745117,141.21137939453126,0.015139332398305878
2023-03-13,148.32125854492188,150.9531285889032,145.59081050522525,145.69924028415588,84457100,0.013265965608686203,148.2315444946289,141.6967903137207,0.015444318216628306
2023-03-14,150.41098022460938,151.209410853691,147.95654755608294,149.11968969699433,73695900,0.014089158224440235,148.1694435119629,142.1537222290039,0.01517457880037274
2023-03-15,150.80526733398438,151.06154904978908,147.7791005346977,149.03096880678774,77167900,0.002621398443027223,148.1590950012207,142.61224136352538,0.01515863646267479
2023-03-16,153.6244354248047,154.22572509887632,149.47454848721353,149.98712698991974,76161100,0.01869409564174429,148.1847236633301,143.2228096008301,0.015424732104372955
2023-03-17,152.7865753173828,154.50173325502132,152.07685582876627,153.85115455030763,98944600,-0.005453950767044358,148.24830322265626,143.79122802734375,0.015282384532944377
2023-03-20,155.15231323242188,155.56632884505603,151.94872341311736,152.85559899795223,73641400,0.015483938363856531,148.48734130859376,144.43333801269532,0.015507905862370245
2023-03-21,157.0054168701172,157.12369840917287,154.30453974820858,155.0734148747329,73938300,0.011943770602500292,149.01962890625,145.02196197509767,0.014134460855001228
2023-03-22,155.57615661621094,159.82460651427928,155.5564380089166,157.0251659140942,75701800,-0.00910325441248061,149.45926055908203,145.57156829833986,0.014418236268625987
2023-03-23,156.66041564941406,159.2430113419942,155.4282660956086,156.5618527096425,67622100,0.006969313658248266,149.92895431518554,146.13144256591798,0.014445426021765944
2023-03-24,157.96157836914062,158.0502895303303,155.59585715875076,156.59142861861952,59196500,0.008305625351067603,150.59628601074218,146.6630111694336,0.013585539181237952
2023-03-27,156.01974487304688,158.47419284355544,155.6155961034445,157.65604352005258,52390300,-0.012293074785286517,151.1068893432617,147.15731811523438,0.014056428568436648
2023-03-28,155.398681640625,156.2266974968931,153.75253179068108,155.71411911746748,45992200,-0.003980670734510139,151.61157684326173,147.61263000488282,0.014070750882592038
2023-03-29,158.4741668701172,158.75016719414856,157.074446643704,157.09415020907082,51305700,0.019790935141937416,152.37353897094727,148.10622436523437,0.01387387431375548
2023-03-30,160.0414581298828,160.1498879032855,158.96702721945866,159.22330893800608,49501700,0.009889884835615925,153.18429412841797,148.6455337524414,0.013911118149043271
2023-03-31,162.54518127441406,162.64375926608275,159.59788883873148,160.120319104618,68749800,0.015644216028695146,153.86789169311524,149.2337368774414,0.012318643736836542
2023-04-03,163.79705810546875,163.91533966892132,161.87490749491164,161.92419649331373,56976200,0.007701716047436857,154.476082611084,149.79579803466797,0.011898602812696118
2023-04-04,163.26478576660156,164.4574983782598,162.75220722625122,164.22093523724538,46278300,-0.0032495842417661347,155.1675666809082,150.2834359741211,0.011228685681284378
2023-04-05,161.4214630126953,162.69304993016723,159.48946069965245,162.38747921010668,51511700,-0.011290387852169181,155.70429229736328,150.7062561035156,0.011721230486291747
2023-04-06,162.30860900878906,162.60432792623257,159.68659100348637,160.1104432538072,45390100,0.005495836672128052,156.39774703979492,151.16000762939453,0.010891648984361174
2023-04-10,159.71615600585938,159.71615600585938,157.79400566862077,159.11486640899105,47716900,-0.015972369049070623,157.0645851135254,151.5205728149414,0.011086256670288796
2023-04-11,158.50375366210938,160.0414742096721,158.21788648492154,160.03162242596915,47644200,-0.007590981238651429,157.57370986938477,151.81811157226562,0.011191577666826708
2023-04-12,157.813720703125,159.74572277857914,157.49828319805357,158.9177218890988,50133100,-0.004353417146545024,157.94384689331054,152.15952514648438,0.01102166857352843
2023-04-13,163.1957550048828,163.4323331532267,159.11487595150933,159.32188371142138,68445600,0.03410371593660311,158.56337127685546,152.58318725585937,0.013098094063559248
2023-04-14,162.8507843017578,163.94493394539444,161.48063430124813,162.23962776220338,49386500,-0.0021138460563185912,159.02468872070312,152.97750946044923,0.012692694889484086
2023-04-17,162.87046813964844,163.02818690758198,161.68760746192598,162.73246797792896,41516200,0.00012087039049291093,159.5288833618164,153.2661267089844,0.012557849723469008
2023-04-18,164.09275817871094,165.019337094876,163.28446081239204,163.72804670609275,49923000,0.007504675666643701,159.97590560913085,153.5067510986328,0.012273082523297642
2023-04-19,165.2362060546875,165.7586363174907,163.17604035173306,163.43233711220313,47720200,0.0069683018840553945,160.38744506835937,153.82477081298828,0.012129192112033624
2023-04-20,164.2701873779297,165.47276665465435,163.1957564794937,163.71818673436218,52456400,-0.005846289380658454,160.8221466064453,154.0659915161133,0.011984405773421662
2023-04-21,162.66348266601562,164.07305473489896,162.14105238473394,162.69305305620966,58337300,-0.009780866130124855,161.1222999572754,154.32881591796874,0.012259116325967562
2023-04-24,162.9690399169922,163.23518844762253,161.5496011414824,162.64375061086378,41949600,0.0018784624918177784,161.37267303466797,154.6184210205078,0.01216771687617774
2023-04-25,161.43133544921875,163.93505711689548,161.3918982344198,162.83105575677226,48714100,-0.009435561923643032,161.64325256347655,154.86997650146483,0.012011380511000962
2023-04-26,161.4214630126953,162.91976126426218,160.47518046288778,160.73146218660858,45498800,-6.115563930608747e-05,161.94439163208008,155.06534576416016,0.011944330488757997
2023-04-27,166.0050811767578,166.15293313578908,162.8310621018307,162.8310621018307,64902300,0.028395345194597965,162.3209373474121,155.36520263671875,0.01274792316419182
2023-04-28,167.25692749023438,167.424513091262,165.4826438930684,166.08393356927388,55275900,0.007541012025671812,162.68171081542968,155.6481039428711,0.012685962272456455
2023-05-01,167.16819763183594,168.0159171618742,166.23176694003394,166.86262693627947,52472900,-0.000530500348953411,162.9128616333008,155.9611682128906,0.012299018487314392
2023-05-02,166.1331787109375,167.917343863649,165.14745908753102,167.6610471353951,48425700,-0.006191482205113674,163.02966766357423,156.27640075683593,0.012321103626073908
2023-05-03,165.0587615966797,168.47921017635485,164.77290950021637,167.07949000013943,65136000,-0.006467203737353655,163.11936645507814,156.6503826904297,0.01239725438750958
2023-05-04,163.42247009277344,164.65461977543495,161.96360907995128,162.535328337613,81235400,-0.009913387741903201,163.21941680908202,156.98316162109376,0.01233128260055565
2023-05-05,171.0913848876953,171.8109560965244,168.32149974515366,168.5383592942621,113453200,0.04692692988037872,163.65855560302734,157.45965850830078,0.01608903398394254
2023-05-08,171.0223846435547,171.36739258858663,169.65223472844943,170.0169462399646,55962800,-0.00040329467311239764,164.2238670349121,157.9878073120117,0.015500926773616633
2023-05-09,169.3170623779297,171.0617752659888,169.14949184838724,170.57878228109809,45326900,-0.009971339536512969,164.76453247070313,158.4579949951172,0.015599693903162801
2023-05-10,171.08152770996094,171.54481722364216,169.4452292165715,170.54924563088602,53724500,0.010421072201765469,165.42792282104492,158.9735269165039,0.015562059396481809
2023-05-11,171.268798828125,172.09679977091955,169.71135988855104,171.3673768150292,49514700,0.001094630850395184,165.83157501220703,159.53420440673827,0.013878204233879322
2023-05-12,170.34097290039062,171.81171738299747,168.79124488441096,171.3773983196224,45533100,-0.005417366934799883,166.20608444213866,160.0644967651367,0.013955536563639992
2023-05-15,169.847412109375,170.97268634600138,169.2551561693846,170.92332917405315,37266700,-0.002897487214096439,166.554931640625,160.48398040771485,0.013997075150816805
2023-05-16,169.847412109375,170.903583292935,169.58089543020992,169.76844364659667,42110300,0.0,166.8426643371582,160.84826385498047,0.013947626350244246
2023-05-17,170.45941162109375,170.69630196545663,168.21872838992437,169.4920742376562,57951600,0.0036032313010729844,167.10382461547852,161.26875,0.013902418769815544
2023-05-18,172.7888946533203,172.97644284674885,170.350798262134,170.7653713447007,65496700,0.013665910318901409,167.52975997924804,161.71078887939453,0.014032906745258976
2023-05-19,172.89749145507812,174.11159953538055,172.68033195301507,174.11159953538055,55809500,0.0006284941053398274,168.04146041870118,162.19994842529297,0.013738602087808261
2023-05-22,171.94992065429688,172.45334281427654,171.20960812415922,171.7327611071874,43570900,-0.005480535274437148,168.4905044555664,162.7113589477539,0.013872156445823094
2023-05-23,169.34396362304688,171.14046198217582,169.06758157728734,170.8936912226268,50747300,-0.015155325581622359,168.88613586425782,163.1318130493164,0.014192408857453785
2023-05-24,169.620361328125,170.19287135053577,168.3174194294986,168.88004898113246,45143500,0.001632167448810673,169.29608078002929,163.5160006713867,0.014181439199286584
2023-05-25,170.7555389404297,171.65377326209193,169.47232768730396,170.18302884098296,56058300,0.006692460760113095,169.5336036682129,163.91500610351562,0.012871474208202078
2023-05-26,173.16400146484375,173.49962120538788,170.87397623432938,171.08127033696854,54835000,0.014104740258260584,169.82895736694337,164.3057974243164,0.01311527708239808
2023-05-30,175.00985717773438,176.67803022234617,174.28929064745816,174.6742524991613,55964400,0.01065958107502718,170.22104034423828,164.75026306152344,0.013247873780222262
2023-05-31,174.96051025390625,177.03339115324283,174.47683402760893,175.03947872320146,99625300,-0.00028196653962186957,170.66240692138672,165.14642700195313,0.013111921011865126
2023-06-01,177.76377868652344,177.79338997239293,174.64459270694314,175.40465085487386,68901800,0.01602229227926366,171.29765777587892,165.56159423828126,0.01325050231211399
2023-06-02,178.61268615722656,179.4319669478336,176.94451328757913,178.69165461361322,61996900,0.004775480567388968,172.05716857910156,166.02232482910156,0.012851681176164318
2023-06-05,177.2604217529297,182.5610542820425,175.7403050283916,180.27102884609,121946500,-0.007570931457279162,172.3656204223633,166.43432495117187,0.0083938816454893
2023-06-06,176.8951873779297,177.79342164547316,175.13816542041533,177.64536518975015,64848400,-0.0020604395013178456,172.65926055908204,166.81299713134766,0.008424960090817165
2023-06-07,175.52313232421875,178.8693435880805,175.0295907510138,176.13511905525095,61944600,-0.007756316460885926,172.96956405639648,167.2030648803711,0.008276385592032769
2023-06-08,178.23760986328125,178.50411146672758,175.16778069465795,175.60208462454239,50214900,0.01546507006295017,173.3273681640625,167.65984344482422,0.008621481532491633
2023-06-09,178.62255859375,179.87614324556046,178.29681937394096,179.15557682326966,48900000,0.00215975029492399,173.69505615234374,168.06281127929688,0.008618323325134573
2023-06-12,181.41603088378906,181.51474523727245,178.63246384356634,178.92859184232086,54274900,0.015638966948135602,174.24880905151366,168.490302734375,0.008927184558586931
2023-06-13,180.9422149658203,181.7713612206094,180.08345742062403,180.4388079672042,54929100,-0.0026117643278849023,174.80354919433594,168.85824340820312,0.00891714922502093
2023-06-14,181.57394409179688,182.00826309164242,179.668880824476,181.00143405215442,57462900,0.0034913307880966027,175.38987579345704,169.21378112792968,0.008885189243824105
2023-06-15,183.60733032226562,184.11075236554325,181.40613912687283,181.58382192499832,65433200,0.011198667521595151,176.04727172851562,169.62063201904297,0.009055866105412218
2023-06-16,182.53140258789062,184.57467180700263,181.88980460620309,184.31802056497352,101256200,-0.005859938884174909,176.53439712524414,170.0428308105469,0.008984059460733386
2023-06-20,182.62025451660156,183.69618663444365,182.02801364300083,182.02801364300083,49799100,0.0004867761242790536,177.02053527832032,170.44906372070312,0.008985905215102936
2023-06-21,181.58383178710938,183.015099412311,180.23151756348105,182.51167734169172,49515700,-0.005675289043023279,177.50223083496093,170.88641723632813,0.008995425618230721
2023-06-22,184.5845489501953,184.63390612000734,181.29756025506936,181.3666633051449,51245300,0.016525244200177536,178.26426010131837,171.40803314208983,0.008445752756326254
2023-06-23,184.2686767578125,185.13731475683954,182.6202496908907,183.15328303090953,53117000,-0.0017112602012427924,178.99667587280274,171.9371322631836,0.008535034257485759
2023-06-26,182.87689208984375,185.62098193195177,182.83740033087778,184.41673933227065,48088700,-0.007553018193092065,179.60274353027344,172.3307550048828,0.008901288093907004
2023-06-27,185.63088989257812,185.95662920109734,183.27176132029933,183.48892085931215,50730800,0.015059299024949402,180.22608795166016,172.7863571166992,0.008963639337263789
2023-06-28,186.8054962158203,187.44709427325768,185.17681495512898,185.50253915791174,51216800,0.006327644735862226,180.81586990356445,173.26505767822266,0.008833433513930232
2023-06-29,187.14108276367188,187.61489349976054,186.49948476837957,186.6376758009822,46347300,0.0017964490052468918,181.42489852905274,173.72602416992189,0.008801199471649881
2023-06-30,191.4645233154297,191.96793030893548,188.7895213028153,189.15475231695294,85213200,0.023102573138457316,182.10993576049805,174.2505905151367,0.009453539966295936
2023-07-03,189.97401428222656,191.37567043424474,189.2830440838622,191.27695610256632,31458200,-0.007784779171583489,182.67800216674806,174.76466705322267,0.009793706887924518
2023-07-05,188.85865783691406,190.48733932830032,188.15782203618815,189.0955632614615,46920300,-0.005871100052955214,183.25791397094727,175.28857055664062,0.009702878112241022
2023-07-06,189.33241271972656,189.53970680413252,186.75612514844465,187.3878577490578,45094300,0.0025085155652309066,183.8797752380371,175.8158380126953,0.00962552831821185
2023-07-07,188.21701049804688,190.1813114167851,187.7827065576724,188.9375920522482,46815000,-0.005891237562851148,184.51446914672852,176.35155151367186,0.009519730648214516
2023-07-10,186.1737518310547,187.53593138541007,184.62402407003376,186.8153498480431,59922200,-0.010855866117443158,184.9112762451172,176.84659729003906,0.009603396446263615
2023-07-11,185.65060424804688,186.85484691926047,184.18972537508213,186.71665587805697,46638100,-0.002809996456871855,185.26267852783204,177.23950775146486,0.00966921810076475
2023-07-12,187.31878662109375,189.22385000348103,186.03557542450565,187.22993768452707,60750200,0.008985601634875495,185.55781631469728,177.64074493408202,0.009281051542776078
2023-07-13,188.0788116455078,188.72042471252908,187.32863389417258,188.0393349477294,41342300,0.0040573881462910855,185.91464614868164,178.05895721435547,0.009239857143655768
2023-07-14,188.22689819335938,188.71055932283986,187.18059240914323,187.77283329330808,41616200,0.0007873643317710677,186.24729385375977,178.5008316040039,0.009236304769781349
2023-07-17,191.4842987060547,191.81003800912126,189.3324492359564,189.4212831199665,50520200,0.017305712116389982,186.64114227294922,179.0293423461914,0.009653474735077106
2023-07-18,191.2276153564453,191.81987127398517,189.93453883356673,190.85253399958415,48288200,-0.0013404929351591433,187.07595291137696,179.58544525146485,0.009507992936917354
2023-07-19,192.57992553710938,195.6694855056854,190.1615598085878,190.60575926840173,80507300,0.00707173060827726,187.57393646240234,180.0152160644531,0.009553163452894786
2023-07-20,190.6353759765625,193.93223012421538,190.01350876450033,192.57005054034346,59581200,-0.01009736375753334,188.026513671875,180.40747589111328,0.009805101440969032
2023-07-21,189.4607696533203,192.4516308259383,188.75993388819955,191.5928731808388,71951700,-0.006161533856059331,188.27032470703125,180.8103500366211,0.009398659335491815
2023-07-24,190.26031494140625,192.39241858357238,189.7667732684065,190.91179356457312,45377800,0.004220109997172372,188.56990661621094,181.19392578125,0.009390679646221433
2023-07-25,191.1190185546875,191.92843389899372,190.42806342033606,190.83277109248917,37283200,0.004513309113073349,188.9820129394531,181.59093017578124,0.009153394972303466
2023-07-26,191.9876708984375,193.112945076557,190.82292002182845,191.16839008411552,47471900,0.004545085833524309,189.2998519897461,182.0238641357422,0.00866781517814814
2023-07-27,190.72421264648438,194.65279947329122,190.06286872536143,193.48804855415668,47460200,-0.006580934317503617,189.49578781127929,182.44140014648437,0.008786486916813626
2023-07-28,193.30050659179688,194.09017617119656,191.63233355900982,192.15548645475204,48291400,0.013507954284167178,189.80375900268555,182.9104620361328,0.009216815191881717
2023-07-31,193.91250610351562,193.9519978690126,192.73787459795656,193.52754422924545,38824100,0.003166052290856758,189.92615814208983,183.37952392578126,0.007734675768131523
2023-08-01,193.08335876464844,194.1888872056883,192.7576194786216,193.70522604358104,35175100,-0.0042758837762870705,190.08162536621094,183.7854132080078,0.007571016453016929
2023-08-02,190.09246826171875,192.65887532596588,189.37190180440743,192.52068429221174,50389300,-0.015490151621897819,190.14331588745117,184.12931274414063,0.00829101987796058
2023-08-03,188.70068359375,189.8851803589987,188.22688789998924,189.09552588996192,61235200,-0.007321619213511155,190.11172943115236,184.46432800292968,0.008446751884944018
2023-08-04,179.63925170898438,184.95962880576235,179.57014866509618,183.12365370967743,115956800,-0.04802013279545825,189.6828414916992,184.67023376464843,0.013624402694368612
2023-08-07,176.5398406982422,180.7645556934903,175.0592158617292,179.77747246914834,97576100,-0.017253528843257704,189.2011459350586,184.80862335205077,0.013909468705486493
2023-08-08,177.47755432128906,177.94148460917899,175.2862285117603,177.36897457174686,67823000,0.005311626085862997,188.7924934387207,184.94306365966796,0.014019888116149327
2023-08-09,175.8883514404297,178.59294967088076,174.72358547458126,178.53372709089916,60378500,-0.008954387989719703,188.2209716796875,184.9975506591797,0.013842476295909418
2023-08-10,175.67117309570312,178.41526279292168,175.30595718386297,177.16166309157035,54686900,-0.0012347511529217092,187.60058975219727,185.01077697753905,0.01374972448304565
2023-08-11,175.73048400878906,176.55087114534,174.50485775151037,175.26594233781003,52036700,0.00033762462013964267,186.97576904296875,185.02617645263672,0.013743028130070258
2023-08-14,177.38116455078125,177.60849603671858,175.2560608313475,175.90841909398483,43675600,0.009393250984898183,186.27061233520507,185.01852416992188,0.013221481398677048
2023-08-15,175.39442443847656,177.40090780634856,174.99906405268155,176.80786722765603,43622600,-0.011200400658864296,185.47895278930665,184.95415893554687,0.013311089462254047
2023-08-16,174.524658203125,176.47182426987777,174.4554618287455,175.0781688700227,46964900,-0.0049589161008744,184.57618942260743,184.89944366455077,0.013042791579998993
2023-08-17,171.9844207763672,175.4537562487029,171.47044012349116,175.08804707675128,66062900,-0.014555177777808903,183.64364166259764,184.80122833251954,0.013175005105150656
2023-08-18,172.46876525878906,173.07169980381985,169.968073231539,170.30413115315332,61172200,0.002816211376794886,182.7940414428711,184.74014099121095,0.013287622547101058
2023-08-21,173.8031005859375,174.08974972921308,171.7274356199635,173.04203097276417,46311900,0.007736678146598175,181.97118072509767,184.65145080566407,0.013432973000849743
2023-08-22,175.17698669433594,175.62177093693052,174.2083431088137,175.00895776189057,42038900,0.007904842340364926,181.17407913208007,184.5825393676758,0.013572443371622112
2023-08-23,179.0219268798828,179.44695366375947,176.264252478764,176.45205395893973,52722800,0.02194888871022682,180.52579193115236,184.53465728759767,0.014679231729303825
2023-08-24,174.33685302734375,179.00217866700072,173.9711287799832,178.57715186115848,54945800,-0.026170391159305195,179.7064239501953,184.40255004882812,0.015532385819437895
2023-08-25,176.54100036621094,177.07473842454561,173.78332608108835,175.3252527852027,51449600,0.012643037318801786,178.86844863891602,184.3018911743164,0.015481121872004707
2023-08-28,178.10272216796875,178.49808262553688,176.48172016068384,178.00387451255935,43820700,0.008846227213611835,178.07795944213868,184.19179901123047,0.015678248987829407
2023-08-29,181.98716735839844,182.75813070921157,177.4206898063463,177.61837000977968,53003900,0.021810139357478553,177.52314987182618,184.18091430664063,0.01671576477390646
2023-08-30,185.4762725830078,185.67396786591692,182.5999932338842,182.79767343476072,60813900,0.01917225964475877,177.29234008789064,184.23803466796875,0.01712494263072507
2023-08-31,185.69374084472656,186.92926105598286,185.30825914209595,185.66408956621913,60794500,0.001172485616031782,177.14199295043946,184.32023284912108,0.01706742678869439
2023-09-01,187.26527404785156,187.71993689405832,186.09893549926448,187.29492531686378,45766500,0.008463038096901077,177.5232940673828,184.37384735107423,0.013009473584764347
2023-09-05,187.5025177001953,187.77927298177536,185.43673181910435,186.09896874874457,45280000,0.0012668854572746024,178.07142791748046,184.43852416992186,0.012187980842354085
2023-09-06,180.79116821289062,186.6623614722439,179.36784680674066,186.21756222129898,81755800,-0.03579338330824822,178.23710861206055,184.39680969238282,0.014946716788218645
2023-09-07,175.503173828125,176.1456533918577,171.52973657694065,173.15073850258275,112488800,-0.029249185328227734,178.2178497314453,184.19425537109376,0.016289032888124284
2023-09-08,176.115966796875,178.15211655476327,175.7304851357375,176.2840107997074,65551300,0.003491634683200129,178.2400894165039,183.98046478271485,0.016304187546945955
2023-09-11,177.28231811523438,178.21143169284028,175.28571330476424,177.98410020535158,58953100,0.006622632459580391,178.31768112182618,183.7832894897461,0.016366339319203334
2023-09-12,174.2577667236328,178.043402311121,172.79491507430095,177.4108165912451,90370200,-0.01706064893417958,178.16151123046876,183.43915435791016,0.016681505614113402
2023-09-13,172.19198608398438,175.24618840249718,171.96463950783718,174.46533118918654,84267900,-0.011854740701025435,178.00138931274415,183.08351379394531,0.01670369774831239
2023-09-14,173.7042694091797,174.06009984649242,171.5692867853032,171.98441978182902,60895800,0.008782541856841686,177.9603698730469,182.78042602539062,0.016805382905656068
2023-09-15,172.98269653320312,174.45544195430384,171.806494041059,174.43566940930017,109259500,-0.004154030746802317,178.01028366088866,182.45343170166015,0.016492545480111177
2023-09-18,175.90841674804688,177.30208708635865,174.1292647291417,174.43567131089117,67257600,0.01691336921830322,178.18226623535156,182.20725982666016,0.016896646902733497
2023-09-19,176.99566650390625,177.54917706999674,175.07813698421282,175.46361863431386,51826900,0.006180771653562456,178.34189453125,182.0236981201172,0.016868159276603793
2023-09-20,173.45716857910156,177.61839243619755,173.3681996565953,177.1834868845125,58436200,-0.019992003164250316,178.2559036254883,181.7798294067383,0.01741573545363405
2023-09-21,171.91522216796875,174.25777881422758,171.84604087673065,172.52805046683002,63149100,-0.008889493722074926,177.90056838989258,181.4717581176758,0.01668769339802241
2023-09-22,172.76524353027344,175.0287248458324,172.03382526857388,172.6466384244914,56725400,0.00494442174221299,177.82198791503907,181.1654867553711,0.015727724247911426
2023-09-25,174.04029846191406,174.91998813589507,172.13264765845275,172.18207147695253,46172700,0.0073802745597797426,177.69695281982422,180.88175476074218,0.015542106583788039
2023-09-26,169.96804809570312,173.1705067749598,169.67152023376326,172.7949188930673,64588900,-0.023398318677912866,177.29021911621095,180.45142974853516,0.01617064035468161
2023-09-27,168.4557647705078,171.03553164114703,167.0917606780329,170.62039864934732,66921800,-0.008897456563976114,176.6136489868164,179.99599273681642,0.015198573859084052
2023-09-28,168.71273803710938,170.03721192481018,165.678293523344,167.3783703364052,56294400,0.0015254643671687163,175.77547225952148,179.5186489868164,0.014282754959050658
2023-09-29,169.2267303466797,171.06518493104676,168.36679806748614,170.02734498983367,51861100,0.0030465530673637886,174.95212173461914,179.09047607421874,0.014328880567426204
2023-10-02,171.73728942871094,172.28092127496365,168.94994891630552,169.2365980179806,52164500,0.014835475913811624,174.17572250366212,178.73600646972656,0.01469915400714762
2023-10-03,170.40293884277344,171.61870157072957,168.84125459232132,170.26456118455488,49594600,-0.007769719612882309,173.32074356079102,178.33885894775392,0.014660616925405148
2023-10-04,171.64834594726562,172.19197782627828,168.98950418793981,169.10810929534875,53020300,0.007308601089569766,172.86360244750978,177.94944549560546,0.01290735487924888
2023-10-05,172.88385009765625,173.4175881136583,170.6796715086417,171.77681389678688,48527900,0.007197879732381507,172.73263626098634,177.56736907958984,0.011421031516571296
2023-10-06,175.4340057373047,175.92821386257307,171.17391902858174,171.78674735969838,57266700,0.01475068745986352,172.69853820800782,177.26156494140625,0.011905184260119354
2023-10-09,176.91661071777344,176.9759132731787,173.76356081110382,174.76185568517045,42390800,0.008451069530321265,172.68025283813478,176.9338870239258,0.011966600824698442
2023-10-10,176.32354736328125,177.6381425852869,175.88864186643335,176.03691333055846,43698000,-0.0033522197383617502,172.78354187011718,176.5821078491211,0.011314930488718098
2023-10-11,177.71722412109375,177.76664794425923,175.54271164011269,176.13575227199846,47551100,0.007904087563194828,173.05980377197267,176.27478515625,0.01102447047201388
2023-10-12,178.61668395996094,180.227791982292,176.96601576479657,177.98409824545533,56743100,0.005061185505881527,173.30542449951173,176.04526947021483,0.010928534093257392
2023-10-13,176.7782440185547,179.82255265296823,176.0764618780152,179.31846581874476,51427100,-0.010292655202457812,173.4952018737793,175.80682067871095,0.011177641102452483
2023-10-16,176.6497039794922,177.0055343332113,174.46529804209953,174.70252330525588,52517000,-0.000727125895927605,173.53226623535156,175.7470297241211,0.010546068495851758
2023-10-17,175.097900390625,176.35319301979084,172.7751316803463,174.60369235668924,57549400,-0.008784637358052683,173.4373779296875,175.71819091796874,0.010634661289926642
2023-10-18,173.8031005859375,175.5229501994882,173.08156098457755,173.5461178040648,54764400,-0.0073947191930853196,173.4546745300293,175.6447018432617,0.009755182845394188
2023-10-19,173.42750549316406,175.77992569036093,173.16062890788183,174.0007735918687,59302900,-0.0021610379303200755,173.53028869628906,175.5954849243164,0.009540883819608381
2023-10-20,170.8773956298828,173.3879661145723,170.64017031492207,173.27923973046956,64244000,-0.01470418349171132,173.43589630126954,175.499609375,0.01005490308005691
2023-10-23,170.99598693847656,171.99428177951037,167.96154224302492,168.93020088937016,55980100,0.0006940140219049429,173.28368072509767,175.40491943359376,0.009888851184913536
2023-10-24,171.43089294433594,171.65822442721412,169.4639394511676,171.045411263789,43816600,0.00254336966408375,173.3568229675293,175.28591400146485,0.008356144768490784
2023-10-25,169.1179962158203,171.05528327402416,168.6731969171006,169.88895954662036,57157000,-0.01349171487584,173.38993453979492,175.1603854370117,0.008683701787249908
2023-10-26,164.95675659179688,169.39475015606334,163.75088778515044,168.39644027726376,70625300,-0.024605540020194328,173.2021354675293,174.96902740478515,0.010295161641967294
2023-10-27,166.2713623046875,167.00279566914165,164.89746448966903,164.97653958977486,58499100,0.00796939598020674,173.0543670654297,174.85476623535158,0.010456461810957168
2023-10-30,168.31741333007812,169.18722454290702,166.91386392521838,167.06213542669778,51131000,0.012305492641849547,172.88337326049805,174.77173919677733,0.01027064395797248
2023-10-31,168.79183959960938,168.92032345051314,165.95507483465602,167.3882903979478,44846000,0.00281864044928537,172.80281829833984,174.67151397705078,0.010173309631342553
2023-11-01,171.9547576904297,172.2117404582064,168.14934950515965,169.01916053768616,56934900,0.01873857230493514,172.81813888549806,174.60706939697266,0.010923997748806875
2023-11-02,175.5130615234375,175.7206204672586,173.42750286114074,173.4868054165182,77334800,0.020693256068051502,172.9495994567871,174.53689208984375,0.011766801016903375
2023-11-03,174.6037139892578,174.77175801380423,171.34195262679097,172.2216424329047,79829200,-0.005181081831099221,172.90808486938477,174.54222930908202,0.011362012984564846
2023-11-06,177.15382385253906,177.35150406781844,174.16881791314302,174.33684685023218,63841300,0.014605129553189933,172.91994552612306,174.55448577880858,0.011686633652630531
2023-11-07,179.71383666992188,180.32664987384885,176.89684453064555,177.10440348202485,70530000,0.014450790627662302,173.08945999145507,174.58670806884766,0.012078720936432096
2023-11-08,180.77146911621094,181.32497986970384,179.48652482015274,180.2377309130676,49340300,0.00588509190993225,173.24217224121094,174.5623941040039,0.012026500248546537
2023-11-09,180.2969970703125,181.98718027395728,179.70394133589065,180.8406289798602,53763500,-0.002624706477289407,173.32618789672853,174.45880859375,0.012010031841513292
2023-11-10,184.48348999023438,184.65175539538808,181.6430032262288,182.07848170612579,66133400,0.02321998140817194,173.7114501953125,174.43460357666015,0.012735507829693803
2023-11-13,182.89993286132812,184.1172820619318,182.31600272709323,183.9094496896321,43627500,-0.00858373358499498,174.0239616394043,174.34729675292968,0.012950310265498205
2023-11-14,185.51280212402344,186.17591157835597,184.38452385663774,185.77012344749633,60108400,0.014285785794554418,174.54470672607422,174.30750244140626,0.012983477403402473
2023-11-15,186.07693481445312,187.55162053928348,185.84930383072194,185.91859136162876,53790500,0.0030409367114865304,175.1583984375,174.4132177734375,0.012752522903117668
2023-11-16,187.7594451904297,188.99659293267834,186.71033121940587,187.62088524737388,54412900,0.009042014678790178,175.87499542236327,174.6583432006836,0.012737046838922784
2023-11-17,187.7396697998047,188.42257785422723,186.63119011836693,188.29390964052354,50922700,-0.00010532301373677999,176.71810913085938,174.89081726074218,0.012002538460973048
2023-11-20,189.48155212402344,189.9368291546864,187.9277023558229,187.93759410143886,46505100,0.00927817933245656,177.64238739013672,175.13480194091798,0.01200202930392225
2023-11-21,188.67990112304688,189.55085808280586,187.78916067013205,189.44198846283598,38134500,-0.004230760155753077,178.50483779907228,175.42324462890625,0.01217569905210295
2023-11-22,189.343017578125,190.94635649331246,188.8679569924961,189.52117473642568,39617700,0.0035145049956628593,179.5160888671875,175.76626525878908,0.011394231590277323
2023-11-24,188.01681518554688,188.93724609528368,187.30421669327737,188.90755574993122,24048300,-0.007004231840928132,180.669091796875,176.0525161743164,0.009440433402280799
2023-11-27,187.83863830566406,188.70959528304604,186.95778958150402,187.96730652329646,40552600,-0.0009476645996102651,181.74745559692383,176.34963500976562,0.009582152638520039
2023-11-28,188.4423828125,189.11539919710927,187.45266438364885,187.8287622192218,38415400,0.0032141656917969996,182.75370407104492,176.60031433105468,0.009490478271767609
2023-11-29,187.42295837402344,190.11499348364924,187.02707707633283,188.93722623545,43014200,-0.005409740756095682,183.6852600097656,176.80886016845704,0.009795657773094291
2023-11-30,187.99697875976562,188.36318478193425,186.2550800746654,187.888109148078,48794400,0.0030627004862266993,184.48737106323242,177.0996563720703,0.009276684602938238
2023-12-01,189.2737274169922,189.59042941044567,187.2843840288066,188.37308016671426,45704800,0.006791325401340975,185.17540435791017,177.4468264770508,0.008487549745936473
2023-12-04,187.48231506347656,188.09595062883508,185.52267721747734,188.0266631045601,43389500,-0.009464664631287811,185.8193344116211,177.74116790771484,0.008775670628360417
2023-12-05,191.43130493164062,192.40122460244103,188.22461231756913,188.25431775925796,66628400,0.021063265976991152,186.53320846557617,178.08898803710937,0.009304752987999846
2023-12-06,190.3426513671875,192.75755159573393,190.1348038567878,192.4507413057332,41089700,-0.005686915025950867,187.06464920043945,178.49648010253907,0.009194580639799676
2023-12-07,192.27256774902344,192.99505783958267,191.5995514892092,191.63914867608756,47477700,0.01013916937677295,187.63970413208008,178.97281616210938,0.009315270884965081
2023-12-08,193.69778442382812,193.9749043529612,191.67875053796885,192.20330005396386,53406400,0.007412480581551639,188.30974349975585,179.47251708984376,0.009259142367071453
2023-12-11,191.1937713623047,191.5005967167582,189.4518726145205,191.12449893522992,60943700,-0.01292742231911348,188.64525756835937,179.91185791015624,0.008748129222955436
2023-12-12,192.70806884765625,192.71796059458774,189.7488055095461,191.09482308550778,52696900,0.007920223941197513,189.1356643676758,180.33127349853515,0.00848925887337853
2023-12-13,195.9246368408203,195.96421892707963,192.8466123940007,193.08413511536142,70404200,0.016691402764805296,189.65625610351563,180.8417074584961,0.008677756860395472
2023-12-14,196.0730743408203,197.5675433947849,194.1431268600313,195.98400332676113,66831600,0.0007576254951571215,190.15606307983398,181.33020202636717,0.008689012835105274
2023-12-15,195.53863525390625,196.36008808380646,194.97448862167192,195.49903806818725,128538400,-0.002725713812112174,190.5450225830078,181.78329772949218,0.008632028039515084
2023-12-18,193.8759002685547,194.60829718334298,192.39132294807408,194.07384089090513,55751900,-0.008503357831011304,190.85183410644532,182.15213562011718,0.008941963670773108
2023-12-19,194.91513061523438,194.92502236186388,193.87592334681435,194.1431515248431,40714100,0.00536028637515118,191.12351303100587,182.51210601806642,0.008807901556103854
2023-12-20,192.8268280029297,195.6475162401682,192.8268280029297,194.87553713507947,52242800,-0.010713907153914182,191.330859375,182.84217163085938,0.009141026100645013
2023-12-21,192.6783447265625,195.0536776254948,191.51048442189503,194.08375795359612,46482500,-0.000770034325124791,191.49762573242188,183.14139404296876,0.009132334152326772
2023-12-22,191.60948181152344,193.4008696387368,190.98595440796598,193.17322354105164,37149600,-0.0055473951499631635,191.6772590637207,183.40125,0.009071468249193217
2023-12-26,191.0651092529297,191.89646895007564,190.8473700319769,191.61934905102697,28919300,-0.0028410522978671304,191.83858261108398,183.6869873046875,0.009102534126430549
2023-12-27,191.16409301757812,191.5105004803971,189.12527563548673,190.5108903848591,48087700,0.0005180630049905766,191.97466812133788,183.9772750854492,0.009086269619076541
2023-12-28,191.5896759033203,192.65857351066379,191.18388776405135,192.14391575114956,34049900,0.002226270001987496,192.18300399780273,184.30711059570314,0.008973266367395776
2023-12-29,190.5504608154297,192.40122918172025,189.758683164504,191.9063700376295,42672100,-0.005424170603091527,192.31067810058593,184.64205780029297,0.009077528454106008
2024-01-02,183.73130798339844,186.5025222946912,181.99930092657837,185.22577720716953,82488700,-0.03578659848341381,192.03355712890624,184.84813385009767,0.012075040619230074
2024-01-03,182.3555908203125,183.96883642924203,181.5440145919006,182.32590048043423,58414500,-0.007487657809578385,191.77722091674804,185.07769775390625,0.012013612105847386
2024-01-04,180.0396270751953,181.20748720945008,179.0202186183797,180.27714975909794,71983600,-0.012700261805514201,191.20763702392577,185.25857055664062,0.011035739460401301
2024-01-05,179.31716918945312,180.88092604513352,178.31755906038765,180.11885376441708,62379700,-0.004012771507466262,190.65636291503907,185.41629608154298,0.01102066077227418
2024-01-08,183.65213012695312,183.6917273170526,179.63387614033877,180.21780632812883,59144500,0.024174823621713637,190.22534103393554,185.70697875976563,0.012271924953224668
2024-01-09,183.23643493652344,183.24632668227045,180.8512103460259,182.0289774717032,42841800,-0.00226349234360812,189.7022735595703,186.07257232666015,0.012061157410583133
2024-01-10,184.27565002441406,184.48348240733844,182.02898528742006,182.45457200324566,46792900,0.005671443500036677,189.3563674926758,186.43265808105468,0.011947795230774404
2024-01-11,183.68182373046875,185.12681915669637,181.73207738578324,184.62205313633504,49128400,-0.003222489210411905,188.9050552368164,186.7399462890625,0.01172982026097612
2024-01-12,184.0084228515625,184.8199990991005,183.28593272766105,184.14698280822722,40477800,0.0017780698953262508,188.30924453735352,187.04427795410157,0.010901783035895793
2024-01-16,181.74197387695312,182.36548612847807,179.0697224204938,180.28708678689063,65603000,-0.012317093638901988,187.59268951416016,187.24002227783203,0.01105082123137404
2024-01-17,180.80174255371094,181.04917214343425,178.44622312883942,179.40625114511818,47317400,-0.005173440692785469,186.8558448791504,187.3457958984375,0.011052675032647449
2024-01-18,186.69058227539062,187.1953332109462,183.9193677995691,184.17668914088887,78005800,0.032570702242708194,186.4965789794922,187.58753326416016,0.013652980346141121
2024-01-19,189.59043884277344,189.97642838325277,186.8786203129096,187.38337121910467,68903000,0.015532955824762329,186.23034439086913,187.83626556396484,0.014115353899904773
2024-01-22,191.89646911621094,193.3216657993532,190.28322355100102,190.32282073770045,60133900,0.012163220294826527,186.1838264465332,188.07991821289062,0.014237838194947073
2024-01-23,193.17320251464844,193.7373491711095,191.83709192633378,193.01485907067706,42355600,0.006653240699620699,186.2085693359375,188.32795288085939,0.014317238320419694
2024-01-24,192.5001983642578,194.36087349468033,192.3418398208385,193.41073733606618,53631300,-0.0034839415696884535,186.25310516357422,188.57201690673827,0.014280835902749388
2024-01-25,192.17361450195312,194.2520291241628,191.1245154438125,193.21282181305796,54822100,-0.0016965377962193662,186.30853042602538,188.72581939697267,0.014269754105084053
2024-01-26,190.4415740966797,192.75751105858055,189.966513589549,192.27255880614135,44594000,-0.009012893938443511,186.27240447998048,188.87665222167968,0.014423431027989935
2024-01-29,189.75868225097656,190.22385105233468,187.63079398239137,190.03580216218106,47145600,-0.0035858338650175403,186.18085479736328,188.96156982421874,0.014432843458225632
2024-01-30,186.1066131591797,189.82796344587697,185.54248160944437,188.9768051464624,55859400,-0.019245860313082397,185.9586624145508,188.96216339111328,0.015006535586117586
2024-01-31,182.50404357910156,185.17629499887522,182.45456974695213,185.11689921687164,55467800,-0.019357558116415707,185.89729919433594,188.85705535888673,0.013366289040522141
2024-02-01,184.9387664794922,185.02783750412453,181.93002942176474,182.0982797244824,64885400,0.013340651815943794,186.0264579772949,188.80103729248046,0.013582417427671167
2024-02-02,183.9391632080078,185.40394215196616,177.40701599262258,178.01074479617154,102551700,-0.00540504995525215,186.22143478393554,188.69018951416015,0.013295983247843608
2024-02-05,185.75030517578125,187.30417000412038,183.92922730587782,186.21547393955785,69668800,0.0098464184363245,186.54309158325196,188.63159759521486,0.013373382807418085
2024-02-06,187.3536834716797,187.36357521832525,184.8496972971495,184.93876832266957,43490800,0.008631901274030795,186.7281692504883,188.59181091308594,0.012425708766889103
2024-02-07,187.46255493164062,189.0856924097343,186.67077723703076,188.67990426473503,53439000,0.0005811012516196978,186.93947525024413,188.5807257080078,0.012401786479119945
2024-02-08,186.38377380371094,187.59121634154823,185.42374576060666,187.44276462432762,40962000,-0.00575464859274466,187.04488143920898,188.55162841796874,0.012448704793208564
2024-02-09,187.14682006835938,188.27653811843788,186.30447993507684,186.9486117161699,45155200,0.004093952220604935,187.2181312561035,188.52571716308594,0.012436655962391904
2024-02-12,185.46212768554688,186.96842336096995,185.1053738445565,186.72067805809255,41781900,-0.009001982412509713,187.29081649780272,188.48650054931642,0.012633567209035686
2024-02-13,183.3711700439453,184.53063145226378,181.85496988989732,184.09459726813964,56529500,-0.011274310651427477,187.37227630615234,188.393984375,0.012580059922538935
2024-02-14,182.4891815185547,183.85674041023526,180.79461213824646,183.64864282656313,54630500,-0.004809853834598199,187.45664825439454,188.25829345703124,0.01257165757111239
2024-02-15,182.20179748535156,182.82612045767794,179.71444020641266,181.89459574378543,65434500,-0.0015748003843937264,187.2322090148926,188.15268310546875,0.010060466438994395
2024-02-16,180.66578674316406,183.18288755084293,180.03155935687485,181.76577652013776,49752500,-0.008430272167380681,186.7859764099121,187.93737274169922,0.009370036172258726
2024-02-20,179.92254638671875,180.78469520216953,178.3766181157698,180.15046783149373,53665600,-0.00411389654811567,186.1872802734375,187.72897064208985,0.008726422899967877
2024-02-21,180.67572021484375,181.24057170015067,179.03068760645021,180.29914247718926,41371400,0.004186100315110908,185.56240615844726,187.49703369140624,0.008596575526966011
2024-02-22,182.70721435546875,183.29190480468338,180.81445159653885,181.82524161821627,52292200,0.011243869061151823,185.0727569580078,187.27722229003905,0.00919057044648163
2024-02-23,180.87388610839844,183.37114775196545,180.58649310326592,183.34141952676862,45119700,-0.010034241141148703,184.50777053833008,187.07082458496095,0.00933694318242323
2024-02-26,179.52615356445312,181.11171437415507,179.0207434868858,180.59641504961763,40867400,-0.007451227885586609,183.96199951171874,186.80718627929687,0.009290283091754413
2024-02-27,180.98289489746094,182.2612539462515,177.94057546451762,179.4666949255866,54318900,0.008114368319515064,183.52321014404296,186.5083514404297,0.009608149581656282
2024-02-28,179.7838134765625,181.46847854843006,178.50545433930714,180.8639793914523,48953900,-0.006625385352454383,183.20707015991212,186.18256622314453,0.0088201962160577
2024-02-29,179.11985778808594,180.92345088953732,177.9108594746495,179.63517226295397,136682600,-0.003693078234560443,183.03786087036133,185.85419067382813,0.007805916230963713
2024-03-01,178.0396728515625,178.90182159301432,175.78023709238585,177.93066432277888,73563100,-0.006030514705976264,182.69290618896486,185.5374661254883,0.007116421255969602
2024-03-04,173.5208282470703,175.30458245485661,172.2226300679557,174.56134649455421,81510100,-0.025381110468899237,182.17198944091797,185.109580078125,0.008832792689150142
2024-03-05,168.58572387695312,170.48840604509627,168.0902332564625,169.21995126633416,95132400,-0.028440991320593856,181.31376037597656,184.62475799560548,0.010002423823991554
2024-03-06,167.59475708007812,169.69564777442116,167.1587228770791,169.5172632726602,68587700,-0.005878118111580344,180.3258140563965,184.12308624267578,0.009490941534594238
2024-03-07,167.47581481933594,169.1902079797121,166.97041987504164,167.62445594378354,71765100,-0.0007097015611613466,179.32647705078125,183.64041290283203,0.00945162143937153
2024-03-08,169.19021606445312,172.13343143853632,167.41636636953461,167.4758228221548,76267000,0.010236709383779408,178.46679916381837,183.2029150390625,0.010090711740018634
2024-03-11,171.1920166015625,172.80732093128213,170.49833272784605,171.38030546468005,60139500,0.011831656603280116,177.6690589904785,182.80347351074218,0.010585028071557975
2024-03-12,171.66766357421875,172.46045153320196,169.4676841705973,171.58838326620315,59825400,0.0027784413204459124,176.9793357849121,182.40503326416015,0.01064260095325476
2024-03-13,169.58660888671875,171.6280276345068,169.21993557914925,171.21181736641944,52488700,-0.01212257826646701,176.29010772705078,181.98575622558593,0.010675583003262826
2024-03-14,171.4397430419922,172.73792596009017,170.49831395125625,171.35055836544484,72913500,0.010927361349098552,175.73763580322264,181.73992492675782,0.011169293845135854
2024-03-15,171.06317138671875,171.06317138671875,168.75418335618096,169.62625165850892,121752700,-0.002196524846524106,175.18070449829102,181.51407653808593,0.011165812119733694
2024-03-18,172.15325927734375,176.107279800922,171.95506605696912,173.98658058844927,75604200,0.0063724288623217,174.755078125,181.3563491821289,0.0112831472293901
2024-03-19,174.49197387695312,175.01719271038215,171.46947815172825,172.76766112194616,55215200,0.013585073029849681,174.48354949951172,181.25984527587892,0.011818823857331713
2024-03-20,177.05862426757812,177.05862426757812,173.51090945491785,174.1352325028599,53423100,0.014709274779795445,174.30269470214844,181.1279751586914,0.012307741525395186
2024-03-21,169.82444763183594,175.8892630091755,169.29922879245808,175.45322885093574,106181300,-0.040857521996836565,173.6585563659668,180.85973541259764,0.014845785748882227
2024-03-22,170.72625732421875,171.48931715990707,168.5262776263353,170.210942813777,71160100,0.005310246580856548,173.15117492675782,180.58874755859375,0.014889115681689519
2024-03-25,169.3091278076172,170.38929358279395,167.92174518816086,169.03165430796025,54288300,-0.00830059499231195,172.64032363891602,180.30129364013672,0.01490435607713372
2024-03-26,168.179443359375,169.8740129173693,168.05061095138228,168.46682128354186,57388400,-0.006672318633203389,172.00015106201172,179.98471405029298,0.014698814751205226
2024-03-27,171.74696350097656,172.0343565405087,168.57582642397568,168.87312383270142,60273300,0.02121258145669014,171.59830856323242,179.78481384277345,0.015678455742221483
2024-03-28,169.93344116210938,170.67667701496117,168.97218824939392,170.2010103030642,65672700,-0.010559268716601622,171.13898773193358,179.5674478149414,0.015788443095980473
2024-04-01,168.49652099609375,169.70551918920845,167.95147834818596,169.64606274055888,46240500,-0.008455782194423223,170.66183013916014,179.20356658935546,0.015826180013120673
2024-04-02,167.31729125976562,167.81278194588518,166.71279201785276,167.55513223272627,49329500,-0.006998540559513766,170.3516532897949,178.7581036376953,0.0149446107454104
2024-04-03,168.11996459960938,169.14067408704202,167.05962251511946,167.2677201117247,47691700,0.004797312541939158,170.32836532592773,178.28257354736328,0.013603676010082073
2024-04-04,167.29745483398438,170.3694875068381,167.29745483398438,168.7541832986243,53704400,-0.004892397923018099,170.31350021362306,177.76505859375,0.01358321776918565
2024-04-05,168.0506134033203,168.85330584999502,167.4262903353845,168.06051777285862,42104800,0.004501912895706228,170.34224014282228,177.27606689453125,0.013618833613919742
2024-04-08,166.9307861328125,167.67402205960258,166.72268854116854,167.50555706407098,37425500,-0.006663630961109557,170.22926864624023,176.77121032714842,0.013490958838251136
2024-04-09,168.1397705078125,168.54607640984824,166.83168324813985,167.17851757917794,42373800,0.007242429051032673,170.07665634155273,176.32517425537108,0.013306426906360296
2024-04-10,166.266845703125,167.56502882108228,165.60289002910008,167.27765088979615,49709300,-0.011139094570136066,169.80661544799804,175.85533752441407,0.013471554978885136
2024-04-11,173.4613494873047,173.87757491447604,166.64340884278624,166.8217782077108,91070300,0.04327082620563871,170.00035247802734,175.60243225097656,0.016523420635360025
2024-04-12,174.95773315429688,176.75140669942581,172.63884078505302,172.68837774790788,101670900,0.008626611469442658,170.17625198364257,175.45150604248047,0.01646046003050402
2024-04-15,171.132568359375,175.03703722038412,170.94427948721847,173.77848669689703,73531800,-0.02186336508800346,170.1797218322754,175.17538208007812,0.017239572385746874
2024-04-16,167.8524169921875,172.1929047923956,166.75242714722782,170.20103782824683,73711200,-0.019167312210842558,169.96467971801758,174.8536471557617,0.017695164277357518
2024-04-17,166.48484802246094,169.11094225529814,166.48484802246094,168.08032842085646,50901200,-0.008147448778114463,169.56432342529297,174.4683380126953,0.017409883055075716
2024-04-18,165.53347778320312,167.11905360596796,165.04790671737481,166.51455452467067,43122900,-0.0057144554027490635,168.98806610107422,174.0319338989258,0.016958857026722254
2024-04-19,163.51190185546875,164.89926951971245,162.6002009445124,164.7109957890585,68149400,-0.01221248991326096,168.67243881225585,173.55292083740235,0.014668097672420902
2024-04-22,164.34432983398438,165.75152141981465,163.28398774037723,164.0272236912775,48116400,0.005090932030448858,168.35334243774415,173.1121319580078,0.014662590194320705
2024-04-23,165.39476013183594,165.54341638804536,163.43262154349364,163.85875133255257,49537800,0.006391643075928988,168.1576240539551,172.67709075927735,0.014687904879733671
2024-04-24,167.49566650390625,167.77314006308927,164.71101142134987,165.03802194946388,48251800,0.012702375639927599,168.12343521118163,172.31776153564454,0.014935627814518616
2024-04-25,168.35780334472656,169.07131105182287,166.63349053238153,168.0010494911784,50558300,0.005147218783718266,167.95397720336913,172.01749420166016,0.01413995023244058
2024-04-26,167.77313232421875,169.79472746518425,167.65420428921547,168.34790327634968,44838400,-0.003472788364378032,167.8459617614746,171.72317321777345,0.013973024107699183
2024-04-29,171.93524169921875,174.44242297655094,171.53885525962073,171.80640930182136,68169400,0.024807961306681614,168.01789779663085,171.5178421020508,0.014929161530912914
2024-04-30,168.7938232421875,173.4117990890393,168.46679764398493,171.76676673002254,65934800,-0.01827093983749306,168.09172439575195,171.28040283203126,0.01545512667264465
2024-05-01,167.77313232421875,171.1523820898212,167.58484346320657,168.05060587060277,50383100,-0.006046968416043574,168.07438278198242,171.03741455078125,0.015488529807094708
2024-05-02,171.46949768066406,171.85597979307556,169.34879824722077,170.95418315705703,94214900,0.022031926716979733,168.2829849243164,170.85329010009767,0.016194064092714847
2024-05-03,181.7261199951172,185.31346675883958,181.01261238934663,184.96661732338913,163224100,0.0598160165696322,168.96676025390624,170.83366821289061,0.020821833868532542
2024-05-06,180.07122802734375,182.53876191493006,178.7928536161005,180.70545548743195,78569700,-0.009106516816723476,169.6237823486328,170.81761505126954,0.02089546589800631
2024-05-07,180.75498962402344,183.23244296383282,179.6847430878599,181.79552305097843,77305800,0.003797172953004191,170.25454330444336,170.84219177246095,0.020881519253128887
2024-05-08,181.09190368652344,181.41892928578648,179.81352951475225,181.20091221961113,45057100,0.0018639267618603128,170.99579620361328,170.84437194824218,0.020591430415244076
2024-05-09,182.90542602539062,182.99461071341904,180.46760537105857,180.9135439323752,48983000,0.010014375584711077,171.46800003051757,170.90680419921875,0.01853382329785971
2024-05-10,181.64517211914062,183.66950932429603,180.7322345449188,183.4809650708303,50759500,-0.00689019420383441,171.80237197875977,170.95731048583986,0.01860235993229434
2024-05-13,184.85035705566406,185.6640710757596,183.2030934113359,184.01680743143146,72044800,0.017645307602346616,172.4882614135742,171.09352416992186,0.01801918627310362
2024-05-14,185.9915313720703,186.8548647149755,184.8602810891409,186.07091921634225,52393600,0.00617350344669676,173.39521713256835,171.3429382324219,0.017174512064490482
2024-05-15,188.26397705078125,189.18683240943687,185.9320062923224,186.46787049037354,70400000,0.012218006174512297,174.4841735839844,171.73650329589844,0.016938547630560512
2024-05-16,188.38302612304688,189.63336565724362,188.2044148419799,189.00819589014523,52845200,0.0006323518398505534,175.62665100097655,172.1522686767578,0.01676013973782431
2024-05-17,188.41281127929688,189.34559954047234,187.72810435814964,188.0555735439889,41282900,0.0001581095540452715,176.87169647216797,172.57100860595702,0.01624915911406702
2024-05-20,189.57383728027344,190.44708847543168,187.55941793463836,187.8769693298537,44361300,0.006162139363524943,178.13317184448243,172.97868103027344,0.016243483759414423
2024-05-21,190.873779296875,191.25085261805762,189.4547462309282,189.62343971650407,42309400,0.0068571804804460346,179.40712280273436,173.37231628417967,0.016242464099906723
2024-05-22,189.43492126464844,191.3401994424317,188.8097665310703,190.79441741971692,34648500,-0.007538269727392133,180.50408554077148,173.72766143798827,0.016517177135754357
2024-05-23,185.4457550048828,189.5341303535584,185.1976736824305,189.5142796080912,51005900,-0.021058241179262804,181.3584831237793,174.04484436035156,0.017616279195199546
2024-05-24,188.52195739746094,189.11735863774422,186.59684388111853,187.37087155015982,36327000,0.016588152112174903,182.39592437744142,174.38648864746094,0.017680082097391213
2024-05-28,188.5319061279297,191.51880009814326,187.64873713728954,190.04022981736387,52280100,5.277226380462352e-05,183.22575759887695,174.73586334228514,0.017152184066714527
2024-05-29,188.82960510253906,190.77456966628964,188.05559245514976,188.15483105781396,53068000,0.0015790376320035104,184.22754669189453,175.06939025878907,0.016302959164518665
2024-05-30,189.82191467285156,190.70508365256933,189.16699143181853,189.29598343446253,49889100,0.005255052933959448,185.32998580932616,175.37598907470704,0.016066784216682096
2024-05-31,190.77455139160156,191.09210277636024,188.45251367186646,189.9707702687458,75158300,0.005018581339208517,186.29523849487305,175.6503076171875,0.015635307175390824
2024-06-03,192.5408935546875,193.49353258818425,191.04248767189634,191.41956102246726,50080500,0.009258793430263035,186.83597717285156,176.10463653564454,0.009110551717366201
2024-06-04,192.8584442138672,193.82100104656786,191.548567440495,193.1462119125533,47471400,0.0016492634542049078,187.47533798217773,176.5472802734375,0.008669158054909431
2024-06-05,194.36676025390625,195.38885414673365,193.3744349100596,193.90036613096368,54156800,0.007820845212079153,188.1559265136719,177.04843292236328,0.008723622330894189
2024-06-06,192.9874267578125,194.9919281725913,192.67980832687616,194.1881470745491,41181800,-0.007096550327287954,188.75070266723634,177.54459259033203,0.009045576783511701
2024-06-07,195.37893676757812,195.42855606321456,192.65004206608782,193.1561225415401,53103900,0.012392050870582594,189.3743782043457,178.01723205566407,0.009154473194290837
2024-06-10,191.6378631591797,195.7857909182053,190.6753063763642,195.3888517006261,97010200,-0.019147783636722315,189.87401275634767,178.45132049560547,0.010223579045500477
2024-06-11,205.56016540527344,205.57009834825277,192.14393919328205,192.16377479587797,172373300,0.07264901630910736,190.9095031738281,179.19259338378907,0.018497126619720656
2024-06-12,211.4347686767578,218.51003809526938,205.3121079690946,205.77850209290926,198134300,0.028578510140339075,192.1816650390625,180.07494293212892,0.019206135779559746
2024-06-13,212.59579467773438,215.08652592836702,209.9760562824749,213.09195736730385,97862700,0.005491178240185857,193.39825592041015,180.9644595336914,0.01916144962343933
2024-06-14,210.85922241210938,213.5186471242216,209.67835280423736,212.20878551515116,70122700,-0.008168422466951486,194.52206573486328,181.8356948852539,0.019397216412877474
2024-06-17,215.0071258544922,217.2696263789355,211.08744385812574,211.73244926121387,93728300,0.01967143478446509,195.85178146362304,182.77482513427734,0.019586994798570175
2024-06-18,212.64540100097656,216.95210469802018,211.36530791117931,215.92007781385274,79943300,-0.01098440269888512,197.0053596496582,183.68911743164062,0.01998757526378586
2024-06-20,208.07077026367188,212.59578653831548,207.24715355520107,212.28815296354617,86172500,-0.02151295403413722,197.86520919799804,184.4877374267578,0.020904965230002657
2024-06-21,205.89761352539062,210.26383945834172,205.52052500822026,208.77535128006048,241805100,-0.010444315342935329,198.68834381103517,185.2803527832031,0.021003093709371524
2024-06-24,206.5426025390625,211.06760381745957,205.00449518251241,206.12582769938734,80727000,0.0031325715855969882,199.74318618774413,185.9419778442383,0.020139879867895245
2024-06-25,207.46548461914062,209.75775393646785,207.0090082596573,207.54485732874397,55549700,0.004468240782932842,200.69036254882812,186.59213287353515,0.019973158349189286
2024-06-26,211.61338806152344,213.2110325348534,209.0234182045521,209.87681864015101,66213200,0.019993221764080138,201.8444366455078,187.4017492675781,0.02021037610838395
2024-06-27,212.45689392089844,214.08430712231802,210.72032430967755,213.04236232724844,49772700,0.003986070385725071,203.0258010864258,188.29383880615234,0.02018994477515109
2024-06-28,209.00355529785156,214.41174043740799,208.68601906723538,214.1140398112984,82542700,-0.016254302504924212,203.9848831176758,189.14421295166017,0.020800979471383582
2024-07-01,215.08651733398438,215.84067914098924,210.29358412725625,210.46227761796723,60402900,0.029104586414637534,205.20048141479492,190.1352737426758,0.021486533516539084
2024-07-02,218.57949829101562,218.68865467979296,213.4491783018458,214.49110775455017,58046200,0.016239888024256688,206.50241165161134,191.23662567138672,0.021594770141702736
2024-07-03,219.84967041015625,219.84967041015625,217.34900644671097,218.3115631866412,37369800,0.005811030444628162,207.8519729614258,192.34673248291017,0.021564803493497438
2024-07-05,224.6029052734375,224.71206166235044,219.94889718329503,219.94889718329503,60412400,0.02162038657785348,209.36378021240233,193.53089538574218,0.021818904547241544
2024-07-08,226.07159423828125,226.10136279083508,221.53665960457084,225.34718574831138,59085900,0.006539047048637725,211.0179885864258,194.7024139404297,0.0215509635958818
2024-07-09,226.92494201660156,227.63941744293055,224.63267299949706,226.18069804264906,48076100,0.003774679349679344,212.59528884887695,195.87375671386718,0.021548005548140507
2024-07-10,231.19195556640625,231.29119415797783,227.49058625437067,227.54020555015646,62627700,0.01880363397643836,214.57299346923827,197.14213317871094,0.02071156235385684
2024-07-11,225.823486328125,230.60648662367137,224.03729767642758,229.61416127735984,64710600,-0.02322083060861191,215.58615951538087,198.21989807128907,0.015890529166901174
2024-07-12,228.77069091796875,230.8545803134063,226.92496506939614,227.1631286162611,53046500,0.013050921486357003,216.4529556274414,199.41943542480467,0.015024981589789781
2024-07-15,232.60104370117188,235.40932611038664,231.3010999839828,234.66508213718535,62631300,0.016743197163209045,217.45321807861328,200.71599365234374,0.015289912111333317
2024-07-16,233.01783752441406,234.4567062015191,230.54694204130521,233.19644881294397,43234300,0.0017918828592087266,218.5611488342285,201.94696044921875,0.01501120122537206
2024-07-17,227.12342834472656,229.6836295353235,224.9006141352506,227.68904591405493,57345900,-0.02529595692033626,219.16696395874024,202.85490661621094,0.016048090838467474
2024-07-18,222.45950317382812,228.67146993188885,220.5641731481692,228.51269423226466,66034600,-0.0205347603498639,219.6576690673828,203.70267211914063,0.016614055614064722
2024-07-19,222.5885009765625,225.0593965950336,221.56640705838353,223.09459660515446,49151500,0.0005798709468194385,220.38355560302733,204.5393423461914,0.015647496951238026
2024-07-22,222.2412109375,226.03188622300922,221.3778775132773,225.26779139889447,48201800,-0.0015602335140352253,221.20073547363282,205.36232849121095,0.015354329580630342
2024-07-23,223.2831268310547,225.19832267550643,220.97100689389265,222.64803919770813,39960300,0.004688220916181374,222.03776168823242,206.16988250732422,0.015353971490181363
2024-07-24,216.86279296875,223.0747598557794,215.46362561910502,222.28089648286087,61777600,-0.028754227663439047,222.50762710571288,206.8742349243164,0.017010322354467047
2024-07-25,215.8208465576172,219.15506035064124,212.97286249707204,217.24978234747041,51391200,-0.00480463428912381,222.71800003051757,207.49364471435547,0.016554682538384574
2024-07-26,216.28724670410156,217.80550332568987,214.35220009781358,217.02155779536062,41601300,0.0021610523446808916,222.90951766967774,208.09955902099608,0.016543052217163488
2024-07-29,216.5651092529297,217.61697179557376,214.0942134588753,215.29493390237633,36311800,0.00128469224636385,223.28759536743163,208.66558166503907,0.01603601261100964
2024-07-30,217.1207733154297,218.63902977566391,214.4613337033208,217.50777956722112,41643800,0.002565806026727291,223.3893081665039,209.2403366088867,0.01470967871728412
2024-07-31,220.3756103515625,222.10226187087767,218.93674165630796,219.7405227481965,50036300,0.01499090569009831,223.47911376953124,209.87959259033204,0.014642166746257401
2024-08-01,216.6841583251953,222.7571844619209,215.35444602521784,222.64802807062824,62501000,-0.01675072854241111,223.3208381652832,210.42179901123046,0.015075121233148567
2024-08-02,218.17266845703125,223.8686218452105,216.03917485082664,217.468110743228,105568600,0.006869492183189552,222.99932632446288,210.9677767944336,0.014269238440871334
2024-08-05,207.66392517089844,211.8614570593827,194.49576385779395,197.56204548052773,119548600,-0.048167093341494716,222.07894287109374,211.3323568725586,0.017544155844902883
2024-08-06,205.63958740234375,208.37841518370308,199.52687447574846,203.72440665766518,69660500,-0.009748143626240102,221.01467514038086,211.73623352050782,0.017485618512555236
2024-08-07,208.20970153808594,212.00037630720823,204.80601788828693,205.31209833985366,63516400,0.012498148669757958,219.86556243896484,212.1299884033203,0.01709067721579231
2024-08-08,211.67294311523438,212.5561121759152,207.22732925913098,211.47448105000998,47161100,0.01663343039044185,219.1580352783203,212.5928091430664,0.017187431786143337
2024-08-09,214.58042907714844,215.1162780786914,210.3431957915856,210.47220292637738,42201600,0.013735746851364139,218.4485221862793,213.1078256225586,0.017221923776272567
2024-08-12,216.1103973388672,218.07747160820446,214.1929998012183,214.65993379251097,38028100,0.007130045681699615,217.62398986816407,213.63359527587892,0.016768501266088892
2024-08-13,219.8259735107422,220.44192247615112,217.58071280084246,217.58071280084246,44155300,0.017192954238332447,216.96439666748046,214.21462371826172,0.017368849912665334
2024-08-14,220.27305603027344,221.57450454206742,218.2662343099079,219.13056699635618,41960600,0.0020338020680226165,216.62187805175782,214.76926696777343,0.016559082140251303
2024-08-15,223.2534637451172,223.87935717471936,221.30624816369337,223.13425172393934,46414000,0.013530514210662759,216.66157608032228,215.37716735839842,0.01623587452559012
2024-08-16,224.57479858398438,225.34970708383625,222.19045191126241,222.45869413327577,44340200,0.005918541270095279,216.76089096069336,215.981328125,0.01628443702551452
2024-08-19,224.4158477783203,224.515201244893,221.5844407323156,224.24695901251525,40687800,-0.000707785587101939,216.86962280273437,216.60989654541015,0.016279676200556727
2024-08-20,225.03179931640625,225.68749582093912,223.97871925960482,224.2966382287883,30299000,0.0027446882391941596,216.95705642700196,217.2029537963867,0.016259871508322126
2024-08-21,224.9224853515625,226.4921759358446,223.58130467937312,225.04171252806572,34765500,-0.0004857711895643879,217.36004104614258,217.86864624023437,0.01473892423720937
2024-08-22,223.06472778320312,226.8498614975527,222.43883427921395,226.3034477368646,43695300,-0.008259545796213463,217.72223510742188,218.21873748779296,0.014841913368116251
2024-08-23,225.359619140625,226.7306179936649,222.8660050723941,224.18732719786422,38677300,0.010288006446506737,218.17585372924805,218.4972344970703,0.014964260770282744
2024-08-26,225.69740295410156,225.79675641202357,222.4288803537143,225.28014571740593,30602200,0.001498865745179323,218.63246841430663,218.75926666259767,0.014963674359380456
2024-08-27,226.54185485839844,227.356510742363,223.42234738221904,224.52510403050715,35934600,0.003741522468774683,219.10352249145507,219.07291931152344,0.014967596944325116
2024-08-28,225.0119171142578,228.35991942602843,224.20719049274723,226.43257756563742,38052200,-0.006753444060466962,219.33533782958983,219.27301513671875,0.014780786595546713
2024-08-29,228.29039001464844,231.3999685703833,227.38634017099784,228.59837969678284,51906300,0.014570218957451253,219.9156494140625,219.58591491699218,0.014439994277745588
2024-08-30,227.5055389404297,228.89639643358683,225.99545426270925,228.68777538921813,52990800,-0.0034379505601106475,220.3822929382324,219.97461029052735,0.014467759400909322
2024-09-03,221.31617736816406,227.50551530861938,219.72661311891838,227.0584551007716,50190600,-0.027205322565294843,221.0649055480957,220.28298156738282,0.01096154750111885
2024-09-04,219.40872192382812,220.33264539565292,216.06070449558098,220.2134333758585,43840200,-0.00861868963678536,221.75336227416992,220.54030395507812,0.010893780031207919
2024-09-05,220.92872619628906,224.00848612752256,220.07433805346514,220.18362078658942,36615400,0.006927729486472467,222.3893135070801,220.8095687866211,0.010716058172411773
2024-09-06,219.37893676757812,223.77009004470926,218.33578603187902,222.48850009081283,48423000,-0.007014884190904125,222.77461318969728,220.96487976074218,0.01043637070251126
2024-09-09,219.4683380126953,219.82598924771256,215.2957503769675,219.37892899374344,67180000,0.000407519730173167,223.0190086364746,221.10510864257813,0.01005547490184554
2024-09-10,218.6735382080078,220.0345925843304,215.31559161387113,217.49130185519834,51591000,-0.0036214782135978174,223.14716567993165,221.29850830078124,0.010007638915618402
2024-09-11,221.2069091796875,221.63409569372266,216.46803428284608,220.01474349397893,44587100,0.011585173919259839,223.2162124633789,221.42091613769531,0.009589192794194113
2024-09-12,221.31617736816406,222.09108577088907,218.385432495375,221.0479351797721,37455600,0.0004939637232930227,223.26836853027345,221.47564971923828,0.009581200212275943
2024-09-13,221.04795837402344,222.57790161811045,220.46181236980377,222.12091208096655,36766600,-0.0012119267435856118,223.15809326171876,221.49961547851564,0.009061120104204748
2024-09-16,214.9082794189453,215.80239985733417,212.52393298456082,215.12682972853557,59357400,-0.02777532531962812,222.6747673034668,221.30572296142577,0.010782177490066304
2024-09-17,215.3751983642578,215.48448109873988,213.10014982176025,214.3419921866889,45519300,0.002172642890143184,222.22273483276368,221.09179504394533,0.010821504913047494
2024-09-18,219.24977111816406,221.25659276615585,216.12031904206836,216.13026348358338,59894900,0.017989874337124512,221.93363342285156,220.93829162597658,0.011676306440958033
2024-09-19,227.3763885498047,228.32020097310811,223.16406850984052,223.52171975466862,66781300,0.03706556859875043,222.05632858276368,220.86198028564453,0.014484631942294653
2024-09-20,226.71075439453125,231.56884144729943,226.1345376792504,228.46920754640476,318679900,-0.0029274550427984547,222.23862991333007,220.87972564697264,0.014360705297978426
2024-09-23,224.99205017089844,227.95259834339626,224.33635371548323,225.8563676699032,54146000,-0.007581044085107069,222.22025146484376,220.80415283203126,0.014302203700789726
2024-09-24,225.88616943359375,227.85325878901892,224.25687274556688,227.15781488965328,43556100,0.00397400380153945,222.22968978881835,220.6698553466797,0.014326405038786592
2024-09-25,224.89268493652344,225.80667911779153,222.5580303354434,223.46208007568333,42308700,-0.004398164347828248,222.1472312927246,220.50735229492187,0.014334293219993773
2024-09-26,226.0352020263672,227.00880227293717,223.9389713421174,225.81663654010723,36636700,0.005080276800315753,222.1983955383301,220.4855877685547,0.014296682200336554
2024-09-27,226.3034210205078,228.02214184296878,225.8166284941723,226.9690618971705,34026000,0.0011866248784970779,222.09904708862305,220.56246612548827,0.013902543506950403
2024-09-30,231.4794464111328,231.4794464111328,228.15130238402674,228.53875664504176,54541900,0.0228720598534653,222.2977424621582,220.7402850341797,0.014809690307925278
2024-10-01,224.7337646484375,228.15130254219565,222.27988260723768,228.02216122790813,63285000,-0.02914160141334643,222.46862182617187,220.79013610839843,0.015008566176486897
2024-10-02,225.30001831054688,225.8861642954019,221.56456176324298,224.41582711263038,32880600,0.002519664381519071,222.7631866455078,220.83047393798827,0.014843561206312342
2024-10-03,224.197265625,225.3298253274289,221.8626109260752,223.67072564154154,34044200,-0.004894596519858574,222.92661361694337,220.9771633911133,0.014848508358249777
2024-10-04,225.3199005126953,226.5120662505933,222.66732681912907,226.41271278943105,37245100,0.00500735316537293,223.22366180419922,221.16714447021485,0.014756889010453777
2024-10-07,220.24322509765625,224.2171205854488,219.8855738973866,223.0348842523572,39505400,-0.02253096776399932,223.26240615844728,221.24626403808594,0.015702479608923237
2024-10-08,224.29661560058594,224.5052366387564,221.79305702807565,222.83620769655573,31855700,0.01840415522943961,223.54356002807617,221.40089416503906,0.01617863047038081
2024-10-09,228.04202270507812,228.25065892191472,223.36276850208282,223.76015205132026,33591100,0.016698455723298977,223.88531570434571,221.61931915283202,0.016387201992970862
2024-10-10,227.54525756835938,228.00226223679437,225.68746620848788,226.2934858996686,28183500,-0.0021783929594467732,224.19676971435547,221.76271209716796,0.01640800742290123
2024-10-11,226.0650177001953,227.91287999534921,225.8563814846346,227.80359724609562,31759200,-0.006505254752318335,224.44762268066407,221.95032928466796,0.016496786534036908
2024-10-14,229.79054260253906,230.21772915238438,227.1081657950345,227.2075041009655,39882100,0.016479882381822186,225.19173583984374,222.18268676757813,0.015324767298991586
2024-10-15,232.32388305664062,235.9401275315396,230.853530735341,232.08544385770335,64751400,0.01102456361088544,226.0391700744629,222.67588592529296,0.015413060889399642
2024-10-16,230.2673797607422,230.60515724916505,228.34003796565733,230.0885617348273,34082200,-0.008851880697074321,226.5900505065918,223.16844177246094,0.015290412556240852
2024-10-17,230.63499450683594,232.32391251820164,229.0156421145612,231.9066400773438,32993800,0.0015964690546950155,226.75298080444335,223.61694763183593,0.012957207107569183
2024-10-18,233.4663543701172,234.63864623478992,232.48280980290272,234.63864623478992,46431500,0.012276367119983256,227.09076080322265,224.0528158569336,0.013171745136174792
2024-10-21,234.9367218017578,235.30431748145634,232.9199708414818,232.9199708414818,36254500,0.006297984288175629,227.58799438476564,224.45994171142578,0.013030098441536216
2024-10-22,234.32077026367188,234.67842149785605,231.0820505913223,232.36362533760988,38846600,-0.002621776337739523,228.00972442626954,224.82414916992187,0.01306747247045639
2024-10-23,229.25404357910156,233.60546433739609,226.27362172475395,232.55238437433343,52287000,-0.02162303699697188,228.22779235839843,225.01271057128906,0.014037173921519205
2024-10-24,229.06532287597656,229.31369139269552,226.91941525331413,228.4791616555193,31109500,-0.0008231946541866764,228.3792984008789,225.1885559082031,0.014010114466841254
2024-10-25,229.8998260498047,231.69801159617745,228.07183749564092,228.24072625952675,38802300,0.003643079464629162,228.55911865234376,225.32148315429689,0.014024814511670963
2024-10-28,231.8768310546875,233.1981533252385,231.03238723011694,231.79736647290133,36087100,0.00859941931602215,228.5789878845215,225.46752380371095,0.013184992973026126
2024-10-29,232.1450653076172,232.80076177889833,230.80388451731673,231.5787930163908,35417200,0.0011567962685603561,228.94955291748047,225.62210815429688,0.011236715007944997
2024-10-30,228.59835815429688,231.94636045913163,228.05194445904854,231.09197226998216,47070900,-0.015277977796428921,229.11446990966797,225.6934393310547,0.011854768820209229
2024-10-31,224.43569946289062,228.330115454563,223.89921505082026,227.84330777090054,64370100,-0.018209486389209273,229.1263916015625,225.68370361328124,0.012544824856029084
2024-11-01,221.4552764892578,223.87935529424118,218.83250593091054,219.5279346472888,65276700,-0.013279629670170268,228.93316040039062,225.65151458740235,0.012833591650090983
2024-11-04,220.56114196777344,221.33605042122997,218.2761640538016,219.54780947276666,44944500,-0.004037539929773293,228.94905624389648,225.5555450439453,0.011809802235000158
2024-11-05,221.99176025390625,222.48849724939907,219.69683776020295,220.3525342324639,28111300,0.0064862662269939975,228.8338134765625,225.48143218994142,0.011120190574583402
2024-11-06,221.26651000976562,224.59465366535846,219.7464961432124,221.15722727351368,54561100,-0.0032670142500383914,228.4950378417969,225.37592529296876,0.010369875161822655
2024-11-07,225.99545288085938,226.39285156162418,223.10445516924474,223.16406118155706,42137700,0.021372158266901975,228.41754760742188,225.39559600830077,0.011553104279581351
2024-11-08,225.7269287109375,227.4176895436531,225.17991383614745,225.9357792784742,38328800,-0.0011881839501586278,228.400643157959,225.34432678222657,0.011463094892507417
2024-11-11,223.01174926757812,224.47376393957063,220.29658566640109,223.77757009002366,42005600,-0.012028602253461695,228.06170349121095,225.25445098876952,0.011070132901445333
2024-11-12,223.01174926757812,224.36436096493557,222.14648085284745,223.33001798502116,40398300,0.0,227.59609680175782,225.2883624267578,0.010684690422985197
2024-11-13,223.8969268798828,225.41861323491412,221.54974806168275,222.79295685996902,48566200,0.003969197206926678,227.27757415771484,225.3781265258789,0.010635767068340705
2024-11-14,226.98007202148438,227.62653447284012,223.77756520755418,223.7974607959322,44923900,0.013770377220298391,227.09482803344727,225.4991534423828,0.011149120651578014
2024-11-15,223.7775421142578,225.68710865252652,223.05151256020181,225.1699296392811,47923700,-0.014109299898906635,226.6103874206543,225.5871255493164,0.011088868873250769
2024-11-18,226.78115844726562,228.49181480220403,223.94663659117114,224.02620376766677,44633700,0.013422331412837663,226.20260925292968,225.7333819580078,0.0114790084635698
2024-11-19,227.0397491455078,228.90953992555222,225.4285554930197,225.74680903538962,36211800,0.0011402653554322129,225.83855819702148,225.9007061767578,0.011493962277570708
2024-11-20,227.75582885742188,228.68076882556113,224.66272507245372,226.82093350733243,35169600,0.003153983893168899,225.7636474609375,226.0316845703125,0.010505246737149884
2024-11-21,227.2784423828125,228.9095315645878,224.48371169719937,227.63648708983084,42108300,-0.0020960450364948535,225.6743034362793,226.15092987060547,0.010512593333991448
2024-11-22,228.62110900878906,229.46649702017746,226.82094518602503,226.82094518602503,38168300,0.005907584599313065,225.61036758422853,226.30239288330077,0.010569778653794368
2024-11-25,231.60479736328125,231.982737654973,228.4918131754458,230.2024695182051,90152800,0.013050799934565482,225.5967658996582,226.6363232421875,0.010809539641698842
2024-11-26,233.7829132080078,234.29015208323423,232.06231657216094,232.06231657216094,45986200,0.009404450467017211,225.67865829467775,227.0044775390625,0.011011558328263877
2024-11-27,233.6536407470703,234.40952145314378,232.539730455033,233.19614838107907,33498400,-0.000552959406500686,225.9314224243164,227.29255493164064,0.010381743468723163
2024-11-29,236.04058837890625,236.51797629056327,232.698842645531,233.5342752849028,28481400,0.010215751931808459,226.51166687011718,227.46583892822267,0.0095009402345407
2024-12-02,238.2882843017578,239.4817615684827,235.8714939748314,235.98089694287458,48137100,0.009522497542852282,227.3533172607422,227.69738952636717,0.0088447718503953
2024-12-03,241.33168029785156,241.441083276618,237.60205398884364,238.50711361537608,38861000,0.012771907796523152,228.3918441772461,228.02418212890626,0.008868760258403082
2024-12-04,241.68972778320312,242.78375758332757,239.9392952788925,241.55048900644988,44383900,0.001483632339151164,229.37674255371093,228.34025329589844,0.008881732131636243
2024-12-05,241.7195587158203,243.21140922639395,240.81451427308068,242.6644095132275,40033900,0.0001234265638461185,230.39939498901367,228.67679077148438,0.008761298978856353
2024-12-06,241.52064514160156,243.3009285590703,240.76477968960373,241.5902721155965,36870600,-0.0008229105467324471,231.17565460205077,228.98649963378907,0.007867319583957475
2024-12-09,245.40940856933594,245.89675186527563,240.43657354260168,240.516140724136,44649200,0.01610116363118541,232.1597785949707,229.36861938476562,0.008280642191457332
2024-12-10,246.42385864257812,246.86147053083658,244.00705305092782,245.54863486606115,36914800,0.0041337048940224275,233.33038406372071,229.66750762939452,0.007347382270642769
2024-12-11,245.15081787109375,249.43739908317045,244.92205654138039,246.61283253090062,45205800,-0.005166061348511053,234.43733749389648,230.07584869384766,0.007619281695251249
2024-12-12,246.6128387451172,247.3885997871069,244.34521203481492,245.54864477609476,32777500,0.005963760948136887,235.5731330871582,230.50210510253908,0.007621285071117004
2024-12-13,246.78192138671875,247.9356076049288,244.9021903118032,246.4736080363398,33155300,0.0006856197854983037,236.56322555541993,230.95379821777342,0.007374749032104212
2024-12-16,249.67608642578125,250.01425073054844,246.3045049916291,246.6426692963963,51694800,0.011727621791740583,237.8581527709961,231.44092193603515,0.00615820766437232
2024-12-17,252.1028289794922,252.45093348613432,248.42293425963442,248.72130738305802,51356400,0.009719563408938203,239.1242362976074,232.07811401367186,0.005960245089188513
2024-12-18,246.70233154296875,252.89847930582897,246.39401822090946,250.79000225751088,56774100,-0.021421804183572868,240.10736541748048,232.52622833251954,0.00842090239707578
2024-12-19,248.43289184570312,250.63089166027345,245.74756389880645,246.15534002348284,60882300,0.0070147707640653145,241.14121856689454,232.93404571533202,0.008440005796021261
2024-12-20,253.10736083984375,253.6145845456153,244.35516822034685,246.69239156062656,147495300,0.018815821686944068,242.4326644897461,233.44528778076173,0.008878361058851338
2024-12-23,253.88311767578125,254.26104280923545,252.07299848460428,253.38583418491564,40858800,0.0030649319457300983,243.6957649230957,234.00164978027342,0.008893120649846122
2024-12-24,256.79718017578125,256.80710520536127,253.90297174117552,254.10189725758943,23234700,0.011477968786098636,244.95538406372071,234.54178253173828,0.008827609703800306
2024-12-26,257.6127014160156,258.6868506395932,256.2302692406472,256.7872242633273,27237100,0.0031757406357662,246.1468734741211,235.0475588989258,0.008781713286333715
2024-12-27,254.2013702392578,257.29448932345014,251.68511699924173,256.42919055718573,42355300,-0.013242092326996358,247.17425994873048,235.5262387084961,0.009615351354394784
2024-12-30,250.8297882080078,252.1227283114492,249.38766912858338,250.85962400320443,35557500,-0.013263429807937821,247.91371994018556,235.93013458251954,0.010262402380877937
2024-12-31,249.05947875976562,251.90394112888606,248.07485191726244,251.06850844936815,39480700,-0.007057811836822636,248.45227966308593,236.2419970703125,0.010384669958295489
2025-01-02,242.5251922607422,247.7466695110991,240.50622227134204,247.5775797501143,55740700,-0.026235847483348285,248.51195526123047,236.3937664794922,0.011864925124361202
2025-01-03,242.037841796875,242.8533788995599,240.57582699573507,242.037841796875,40244100,-0.0020094838780427837,248.52936096191405,236.54810791015626,0.011872507342411088
2025-01-06,243.66891479492188,245.98625772407811,241.87869116125097,242.98266113735735,45045600,0.006738917294658808,248.62682876586913,236.83640533447266,0.011963848027172132
2025-01-07,240.8940887451172,244.21593900697974,240.03876048613398,241.6598944370817,40856000,-0.01138768994042616,248.59550094604492,237.07298065185546,0.012253661428947906
2025-01-08,241.3813934326172,242.3859157551251,238.74579711055483,240.605632433071,37628900,0.002022900146859241,248.39410018920898,237.30261199951173,0.011666838577132611
2025-01-10,235.56320190429688,238.85521627248303,231.73411285331812,238.70602211575698,61710900,-0.024103728318001005,247.85106735229493,237.3763394165039,0.012705531043441035
2025-01-13,233.12649536132812,233.39503269669683,228.47192915300568,232.2612269401141,49630700,-0.010344173127510459,247.24985122680664,237.39596801757813,0.012821935042986668
2025-01-14,232.0125732421875,234.83713969366363,231.2069764534674,233.47458784982285,39435300,-0.004778187556134017,246.51983795166015,237.46425231933594,0.012675847020001843
2025-01-15,236.57762145996094,237.66171090461415,233.15630892744326,233.36517465190275,39832000,0.019675865639437573,246.00962295532227,237.70709075927735,0.01363877175227059
2025-01-16,227.01986694335938,236.71689557722044,226.79112077355302,236.06049286491137,71759100,-0.04040007866178985,244.87681198120117,237.81838256835937,0.015698510469223364
2025-01-17,228.7305145263672,231.0279618693864,227.2386640256131,230.85888730040747,68488300,0.0075352329557774045,243.70819625854492,237.98177001953124,0.01560074107934227
2025-01-21,221.43038940429688,223.20071739531107,218.1881065481907,222.783001089375,98070400,-0.03191583395502218,242.44459915161133,237.97054260253907,0.016349952707107002
2025-01-22,222.61392211914062,222.90233985709415,218.59586314481808,218.59586314481808,64126500,0.0053449425710163645,241.1536506652832,237.99749084472657,0.016288114497816926
2025-01-23,222.44485473632812,225.7965406078772,221.09224303438072,223.51898889751178,60234800,-0.0007594645528145039,239.62052536010742,237.92647888183595,0.015319235207659085
2025-01-24,221.5696258544922,224.4041477572621,220.2070739772995,223.55875977197638,54697900,-0.00393458811566294,238.00485076904297,237.84333282470703,0.015172726632272778
2025-01-27,228.61117553710938,230.888727332658,222.76311661057002,222.80290778981754,94863400,0.03178030226598594,236.59555053710938,237.95532135009765,0.017017966194041
2025-01-28,236.9655303955078,238.88505261672515,229.5560092044273,229.59580038333414,75707600,0.03654394776970249,235.56319198608398,238.23439697265624,0.01939873147704668
2025-01-29,238.05955505371094,238.55683854812662,232.73861559310797,232.84801856891494,45486100,0.004616809273387368,234.75610122680663,238.5176495361328,0.019361405572451956
2025-01-30,236.2991485595703,239.48175963713217,235.92122345328548,237.3732826437262,55658300,-0.007394815527330678,234.02956924438476,238.70403106689454,0.019243323289496815
2025-01-31,234.71780395507812,245.8470107317681,232.1717149504871,245.8470107317681,100959800,-0.006692129929928736,233.3124855041504,238.92283630371094,0.019239241226945928
2025-02-03,226.77122497558594,230.5704783469237,224.47377754488917,228.74047863837345,73063300,-0.03385588500569414,232.52478713989257,238.92263763427735,0.019795502230993148
2025-02-04,231.5352020263672,231.86341095944582,225.4186058340825,226.0153521080233,45067300,0.02100785516898873,231.9996551513672,239.01254669189453,0.02052202607579825
2025-02-05,231.2069854736328,231.4058958330951,227.0298072213747,227.2883891710869,39620300,-0.0014175665292441852,231.37655868530274,239.08156982421875,0.02041969784302952
2025-02-06,231.95291137695312,232.5297620441898,229.17806101517482,230.03338922164468,29925300,0.0032262256341100137,230.92949981689452,239.17505920410156,0.02034334427519674
2025-02-07,226.39328002929688,232.72866665415378,226.0252799376335,231.33627899238985,39707200,-0.023968793125519916,230.18009414672852,239.1305026245117,0.020915685291352064
2025-02-10,226.66209411621094,229.58933825388894,226.21404995469493,228.57377553913867,33115600,0.0011873766168293276,229.73503875732422,239.0316485595703,0.020328379222953597
2025-02-11,231.6105499267578,234.20922454356437,227.1400438259152,227.2097321635687,53718400,0.02183186310812868,229.65924148559571,238.9882012939453,0.020876360398087192
2025-02-12,235.8420867919922,235.9317077791751,229.67894615315132,230.19669384296432,45243300,0.018270052320900287,229.85071716308593,239.03197021484374,0.02123859948284542
2025-02-13,240.48187255859375,241.28835511000761,234.54774465400956,235.8819260401158,53614100,0.019673273034993777,230.0459297180176,239.1207958984375,0.021238479721364636
2025-02-14,243.53855895996094,244.484433375407,239.94422402720738,240.2030902821229,40896200,0.012710672820557045,230.87186431884766,239.22580139160155,0.018986031408180185
2025-02-18,243.40911865234375,244.11602908498713,240.7905267294893,243.0905000064508,48822500,-0.0005314982077990749,231.60579452514648,239.2673501586914,0.01898571695593053
2025-02-19,243.807373046875,244.94242536854557,242.10480216065562,243.5982928571997,32204200,0.0016361523213930251,232.7246437072754,239.30970306396483,0.01710024376640921
2025-02-20,244.76321411132812,245.70908851524857,243.2298884862767,243.87707690453925,32316900,0.0039204764503546485,233.83210830688478,239.370576171875,0.01710153889519002
2025-02-21,244.4844207763672,247.6107939080121,244.155851012499,244.88267886995578,53197400,-0.0011390328239199166,234.93408660888673,239.4298516845703,0.01710835054720504
2025-02-24,246.0277099609375,247.7800669312537,243.3593319822528,243.86711335623195,51326400,0.006312423424239322,236.156990814209,239.44221771240234,0.016983668343778447
2025-02-25,245.9679718017578,248.91513366913293,243.84722519384715,246.92381259977986,48013300,-0.000242810694735085,237.02483062744142,239.43309997558595,0.015835000890863562
2025-02-26,239.31695556640625,243.91690216055417,238.0922974197643,243.26972892021308,44433600,-0.0270401718834844,237.14240188598632,239.3164227294922,0.015285113156439286
2025-02-27,236.27023315429688,241.4078448384303,236.0312691715791,238.3710773588995,41153600,-0.012730909119658906,237.0529357910156,239.1095706176758,0.015535666715948117
2025-02-28,240.79052734375,241.03944246427386,229.2010399398617,235.92174819400608,56833400,0.019131881867239464,237.27750473022462,238.9897427368164,0.01601945669370366
2025-03-03,236.9970703125,242.97103338088397,235.08540395372597,240.7407483660274,47184000,-0.015754178842070865,237.3914680480957,238.7361624145508,0.016374616078408375
2025-03-04,234.9061737060547,239.02822274747484,233.6615980851158,236.6784633674393,53798100,-0.008822457609658607,237.79821548461913,238.39222930908204,0.014444275459796022
2025-03-05,234.7169952392578,235.5234777567522,228.23523611666363,234.3983766092207,47227600,-0.0008053362915595441,237.95730514526366,238.15252258300782,0.013728400009738701
2025-03-06,234.3087921142578,236.82781201573715,232.1482106078643,233.42265485870865,45170400,-0.001739128965006942,238.1123954772949,237.8700405883789,0.013731287769651325
2025-03-07,238.03256225585938,240.32256924437755,233.74125275300776,234.08974000390756,46273600,0.015892575383111174,238.41637802124023,237.56854461669923,0.014137299284457517
2025-03-10,226.4928436279297,235.13518456664028,223.24699590534985,234.5178647329352,72071200,-0.04847957993043717,238.42135620117188,237.0207391357422,0.017185138186173128
2025-03-11,219.88165283203125,224.8599551431671,216.50636447278404,222.8387656202518,76137400,-0.029189402587743385,238.08233413696288,236.2824285888672,0.018390061695265626
2025-03-12,216.0384063720703,220.78771110845915,213.9773970817033,219.18469713036333,62547500,-0.017478704614326435,237.30372695922853,235.4509426879883,0.01787498888729098
2025-03-13,208.77008056640625,215.899013195213,207.51555384047248,215.01287598245443,61368300,-0.03364367441753047,235.95012664794922,234.54231689453124,0.018338057687346535
2025-03-14,212.5635528564453,213.02154815111564,208.67051688888432,210.3332680009786,60107600,0.018170574441256804,234.5542106628418,233.7769921875,0.018230457726442925
2025-03-17,213.0713348388672,214.28604179494317,209.05882446828872,212.3843267022667,48073400,0.0023888478320872597,233.0308494567871,233.05722930908203,0.0178145154762813
2025-03-18,211.7670440673828,214.2163605039484,210.57225445008928,213.23066628615402,42432400,-0.006121380768890017,231.44874572753906,232.44206634521484,0.01775959311147759
2025-03-19,214.3059539794922,217.81066771448715,212.82241448637808,213.29037609854922,54385400,0.011989164429671684,229.97367477416992,231.88742858886718,0.018164292667580028
2025-03-20,213.17092895507812,216.54621759798974,211.29908226715483,213.0614056873257,48862900,-0.005296283203231389,228.39406051635743,231.2774688720703,0.0180084214053486
2025-03-21,217.32281494140625,217.89033350890864,210.36314278996363,210.64192650603025,94127800,0.019476792669055998,227.03598022460938,230.80604339599608,0.01891260101197598
2025-03-24,219.77212524414062,220.5188705761007,217.63146136955083,220.0409578175666,44299500,0.011270378139519144,225.72320098876952,230.37385803222656,0.019109794088219674
2025-03-25,222.77903747558594,223.12752472855482,219.1249652538438,219.81197343150768,34493600,0.013681954561366672,224.56375427246093,230.11817474365233,0.019557950905796432
2025-03-26,220.56866455078125,224.04352508950674,219.51326687455483,222.5400680439697,34466100,-0.009921817374971442,223.6263397216797,229.8670181274414,0.01889467900127858
2025-03-27,222.8786163330078,224.0136687326393,219.60288467242046,220.42928473771144,37094800,0.010472710559004783,222.95675888061524,229.6843389892578,0.019035691728559113
2025-03-28,216.9544219970703,222.8387793372666,216.73537546649092,220.7080664246457,39818600,-0.026580362142440972,221.76495361328125,229.291875,0.019015785219066255
2025-03-31,221.1660614013672,224.6409066608951,215.29165561007284,216.0682695484103,65299300,0.019412553869742055,220.9734031677246,229.17479888916014,0.019588675394878026
2025-04-01,222.22146606445312,222.70932997882656,217.95007407622174,218.85612876373423,36412700,0.004772000986040137,220.33916778564452,229.04461791992188,0.01962155923067022
2025-04-02,222.91842651367188,224.21278818927524,220.06088576879955,220.3595869543347,35905900,0.003136332693514765,219.74923934936524,229.07437866210938,0.019660147823405492
2025-04-03,202.30824279785156,206.58958563447752,200.37665915579902,204.64803566499702,103419000,-0.09245616900384979,218.14921188354492,228.6682650756836,0.028138793104631202
2025-04-04,187.56253051757812,199.01262630823254,186.52703508606032,193.0486144227304,125910900,-0.07288735286484349,215.62571029663087,227.9706185913086,0.031187301199234883
2025-04-07,180.6725616455078,193.30748067285785,173.86223225537526,176.43103817745248,160466300,-0.03673424992218577,213.33469619750977,227.1526773071289,0.030555813511372865
2025-04-08,171.67178344726562,189.5140179775097,168.47572171547168,185.88981432593783,120859500,-0.04981818000622773,210.9242027282715,226.01388946533203,0.0315423031221113
2025-04-09,197.9871063232422,199.73946342084193,171.1440912269536,171.2038284291051,184395900,0.15328857397267126,210.0216377258301,225.23432098388673,0.04848775576890239
2025-04-10,189.5936737060547,193.93475416517637,182.20587449762067,188.24954112448538,121880000,-0.042393834492858495,209.0628173828125,224.2650033569336,0.048814618796106796
2025-04-11,197.29013061523438,198.67409816298056,185.25259829067514,185.29243322025624,87435900,0.04059448165508006,208.29914627075195,223.48482299804687,0.04959485671664241
2025-04-14,201.64117431640625,212.01595519155484,200.28707539108044,210.52246440005902,101352900,0.02205403629468683,207.7276382446289,222.82329040527344,0.049892729255809065
2025-04-15,201.26280212402344,202.62685207462172,198.93296032454862,200.98401841430368,51343900,-0.001876462947934865,207.20242614746093,222.31312194824218,0.049881524132593585
2025-04-16,193.4269561767578,199.8290454554037,191.53519224238798,197.49920369317184,59732400,-0.03893340381118693,206.15847625732422,221.55095703125,0.050458910936504654
2025-04-17,196.1251983642578,197.9671763411939,193.5763099497932,196.34424488667963,52164700,0.01394966989520463,205.3061897277832,220.8493212890625,0.05061489996326876
2025-04-21,192.32177734375,192.958999427942,188.98630873883343,192.43130060162235,46742500,-0.019392821790516823,204.0561378479004,220.05669860839845,0.050453440311098274
2025-04-22,198.8732452392578,200.715208155226,195.1196006832811,195.26894368988752,52976400,0.034065138051412314,203.01119384765624,219.50629791259766,0.05109181056458317
2025-04-23,203.71214294433594,207.09738254349836,201.9199510184256,205.10606155750318,52929200,0.02433156707055595,202.05784912109374,219.04729888916015,0.0513382609620352
2025-04-24,207.46578979492188,207.923800345576,202.0593601483308,204.00089523709073,47311000,0.018426230249865894,201.40270538330077,218.56440368652343,0.05153519764805037
2025-04-25,208.371826171875,208.8397878176709,205.30519003897632,205.47445049920006,38222300,0.0043671603778567825,200.67736587524413,218.0149984741211,0.051476544558931595
2025-04-28,209.2281036376953,210.5822025692478,206.55974070372147,209.08871177088434,38743100,0.004109372565147096,200.2910499572754,217.38992309570312,0.05116593499794136
2025-04-29,210.29345703125,211.31898611202763,207.46576971677675,207.78438836336602,36827600,0.005091827412437189,199.74741973876954,216.7250210571289,0.05097097552646056
2025-04-30,211.57785034179688,212.65316547487808,205.7731479657814,208.39173986928208,52286500,0.006107623740076784,199.21523895263672,216.08839569091796,0.05098024486147288
2025-05-01,212.39430236816406,213.62891164873253,207.99346964638974,208.1726964341785,57365700,0.003858872869008989,198.68903274536132,215.46013427734374,0.0509837716112922
2025-05-02,204.45887756347656,206.09176007843143,201.28271832700744,205.19565656630735,101010600,-0.037361759313732645,198.79656448364258,214.65404754638672,0.04713761211789651
2025-05-05,198.02691650390625,203.21431440062256,197.34987465543003,202.21865389928206,69018500,-0.031458458229936426,199.31978378295898,213.7248974609375,0.04453301092218437
2025-05-06,197.6485595703125,199.77927242381972,196.16503515467957,197.3498735756035,51216500,-0.0019106338687361335,200.16858367919923,212.757314453125,0.04354218423177193
2025-05-07,195.39837646484375,198.574535944944,192.41139491378883,198.30570335142838,68536700,-0.011384768552630153,201.35491333007812,211.7459225463867,0.041791967179375056
2025-05-08,196.63299560546875,199.18188402861682,193.83517686729027,196.86199326420865,50478900,0.006318471846909812,201.28720779418944,210.89224334716798,0.023826366262874276
2025-05-09,197.66847229003906,199.6697443694255,196.6827629534363,198.1364339272832,36453900,0.00526603727610353,201.69094772338866,210.12020812988283,0.02165518249636357
2025-05-12,210.15049743652344,210.6290521628615,206.1227607044075,210.32995926202443,63775800,0.06314626203094997,202.33396606445314,209.5074075317383,0.024192062346356347
2025-05-13,212.28399658203125,212.75257189298435,208.36592688565332,209.79158118866218,51909300,0.01015224408951143,202.86610717773436,209.0131460571289,0.023854073888632747
2025-05-14,211.68582153320312,213.29093762104833,209.94113079478424,211.78550901932945,49325800,-0.0028178056681582575,203.38725814819335,208.54873901367188,0.023864803648126234
2025-05-15,210.80850219726562,212.31393091132972,208.90429308394448,210.31001909194578,45029500,-0.0041444407073805145,204.25633544921874,208.07056915283204,0.021845538535031697
2025-05-16,210.6190643310547,211.92510277199543,209.1335944967917,211.71573318604425,54737900,-0.0008986253601558358,204.98102874755858,207.59677459716798,0.021760922955159138
2025-05-19,208.14659118652344,208.84446444770495,203.64029993754312,207.27923550566183,46140500,-0.011739075721298287,205.77226943969725,206.99905517578125,0.021395945071720417
2025-05-20,206.232421875,207.83753801206538,204.40797196423648,207.03996203611737,42496600,-0.009196255872420789,206.14022827148438,206.59384674072265,0.020377806242437325
2025-05-21,201.4768829345703,206.41186226922272,200.10108001028593,204.5475404614086,59211800,-0.023059123765283074,206.0284652709961,206.22575134277344,0.02040131840492618
2025-05-22,200.74908447265625,202.13486667390606,199.09411717835945,200.1010626250374,46742400,-0.0036123174595192875,205.6926300048828,205.91996490478516,0.019923001157082613
2025-05-23,194.67759704589844,197.1002176461426,192.8730906309023,193.082445017036,78432900,-0.030244159980638896,205.00791854858397,205.638115234375,0.020871017680848137
2025-05-27,199.60260009765625,200.1309909415137,196.83102019804124,197.6983910952664,56288500,0.02529825273422026,204.52664337158203,205.37889617919922,0.02177902193235407
2025-05-28,199.81195068359375,202.11494001836002,199.2935240345892,199.98143310081724,45339700,0.0010488369682313259,204.00256805419923,205.11370849609375,0.021727169474726863
2025-05-29,199.3433837890625,203.19167383577107,197.90775006205254,202.9623758748587,51396800,-0.0023450393879255182,203.3908447265625,204.86523529052735,0.02163639268113831
2025-05-30,200.24066162109375,201.3472946799051,196.18300200128658,198.7651407343476,70819900,0.004501166855784389,202.78316268920898,204.58392944335938,0.021647198958403717
2025-06-02,201.08807373046875,201.51677709467234,199.51286535414474,199.67238359256916,35423300,0.004231968185255619,202.6146224975586,204.3422723388672,0.020085830342393984
2025-06-03,202.65330505371094,203.1517881077627,200.35031577799097,200.73913195165156,46381600,0.0077838098212634765,202.84594192504883,204.04888214111327,0.018792135415863238
2025-06-04,202.20468139648438,205.6143037964219,201.48686455307688,202.29440469878628,43604000,-0.0022137495221588033,203.07374801635743,203.69753326416014,0.01879499983239679
2025-06-05,200.02133178710938,204.12882762641604,199.54277706238673,202.88261988754903,55126100,-0.010797720380636866,203.3048957824707,203.24237915039063,0.01877458700460534
2025-06-06,203.30133056640625,205.07592905349443,201.4370087789868,202.3841235560851,46607700,0.01639824487714092,203.63831253051757,202.89703247070312,0.019048725504660267
2025-06-09,200.83883666992188,205.37503589356555,199.4131823149893,203.76991971327615,72862600,-0.012112532119803454,203.7968307495117,202.4562368774414,0.01927909626855305
2025-06-10,202.05511474609375,203.73002568042446,199.96149509379936,199.9914028593682,54672600,0.006055990446562909,203.39206161499024,202.15825073242186,0.01268834476294003
2025-06-11,198.1769256591797,203.8795731269679,197.80805305990708,202.88260699920767,60989900,-0.019193718960232586,202.68670806884765,201.69846801757814,0.01291774518554741
2025-06-12,198.5956573486328,199.07419684911244,196.7612432530472,198.47602627663701,43904600,0.0021129184846335747,202.03219985961914,201.22595184326173,0.012975416180213886
2025-06-13,195.85400390625,199.76210952406473,195.1062792678608,199.12405177447246,51447300,-0.013805203391582088,201.28447494506835,200.68466339111328,0.013194077162829318
2025-06-16,197.81802368164062,198.08720880439395,195.96366601516638,196.701426450214,43020700,0.010027978679112204,200.64442291259766,200.59485900878906,0.013533216738758501
2025-06-17,195.04644775390625,197.78810453675544,194.61775963167673,196.6017124403596,38856200,-0.014010735099622806,199.9894157409668,200.74453735351562,0.013619302614808213
2025-06-18,195.9835968017578,196.97059871241268,194.4781834746436,195.34553910938874,45394700,0.004804748092792632,199.4769744873047,201.05075805664063,0.013652310445946848
2025-06-20,200.3901824951172,201.08805571006383,196.26274352386682,197.63856158511533,96813500,0.022484461787976695,199.42263946533203,201.62512603759765,0.013832076265458003
2025-06-23,200.88868713378906,201.68626312768808,198.35639970659372,201.01829760639046,55814300,0.002487669966985573,199.42961959838868,201.6831576538086,0.013819641738190731
2025-06-24,199.69232177734375,202.8227948624406,199.59261907789957,201.97536755465325,54064000,-0.0059553645031715785,199.68035583496095,201.88513061523437,0.01195126749661793
2025-06-25,200.94850158691406,203.05210084338043,200.01135094007643,200.83883469818846,39525700,0.006290576414705429,199.74765090942384,201.95829803466796,0.010628344961482392
2025-06-26,200.3901824951172,202.0252062612044,198.85486142223453,200.81887060840756,50799100,-0.002778418785846948,199.7765625,201.9332781982422,0.01065028503234153
2025-06-27,200.46995544433594,202.60346239871808,199.39323017588663,201.2774955925489,73188600,0.00039808811103148045,199.83289108276367,201.91742126464842,0.010633456803698656
2025-06-30,204.54754638671875,206.7608124915243,198.6554726965608,201.39712965217615,91912800,0.020340159867571872,200.04823532104493,202.13983306884765,0.01151344142605765
2025-07-01,207.18951416015625,209.55231908550664,205.51460310500556,206.04299395149746,78788900,0.012916154801693835,200.3533073425293,202.36111938476563,0.011796948667680118
2025-07-02,211.7954864501953,212.69274987948137,207.5085290616707,208.2761972389462,67941800,0.02223072103194701,200.8104164123535,202.75059356689454,0.012612130759805214
2025-07-03,212.90213012695312,213.9987837940836,211.16740350258758,211.5063683517463,34955800,0.005225057886292905,201.34528884887695,203.03117126464844,0.012582159635960674
2025-07-07,209.3130340576172,215.57398008038285,208.16652910348648,212.03474730839852,50229000,-0.01685796223455238,201.80987396240235,203.14318908691405,0.012989589607393087
2025-07-08,209.37286376953125,210.78855393169587,207.8175989494771,209.46260228799343,42848900,0.00028583844376162126,202.1134506225586,203.18133056640625,0.012565368488665171
2025-07-09,210.4994354248047,210.6888614301138,206.59132988433592,208.8943192909964,48749400,0.0053806956402597805,202.59648056030272,203.22388275146486,0.012167003971620514
2025-07-10,211.7655792236328,212.83232507172787,209.39279496736208,209.87133445003573,44443600,0.006014951043801897,203.08200378417968,203.2746322631836,0.012166362281825749
2025-07-11,210.5193634033203,211.48642172848318,209.22330444266433,209.93115706069412,39765800,-0.005884883770447158,203.69912567138672,203.279150390625,0.011251551670689685
2025-07-14,207.98707580566406,210.27013683517245,206.91035052542594,209.29309904361602,38840100,-0.012028763324753222,204.16869659423827,203.20733489990235,0.011749228340063835
2025-07-15,208.47560119628906,211.2471659954246,208.2861751856472,208.5852680860029,42296300,0.0023488257081967223,204.79977645874024,203.12896087646484,0.011116348296499672
2025-07-16,209.5224151611328,211.7556096589697,208.0070223143888,209.66198981724762,47490500,0.005021278072047108,205.38499603271484,203.23023162841798,0.011010026315961898
2025-07-17,209.38282775878906,211.15742622671814,208.95412441878605,209.93116216460888,48068100,-0.0006662170357114583,206.101815032959,203.45734985351564,0.01031116525104763
2025-07-18,210.539306640625,211.1474566075158,209.06380098140497,210.23024956462245,48974600,0.005523274731814354,206.82960052490233,203.71516479492186,0.010316823413608104
2025-07-21,211.83535766601562,215.12534891613055,210.98794558852114,211.45652088357517,51377400,0.006155862513610666,207.40185928344727,204.04390441894532,0.009347518033242656
2025-07-22,213.74954223632812,214.29787667610697,211.5861274580158,212.49337032996837,46404100,0.009036190140318423,208.0449020385742,204.3862353515625,0.009449313704896165
2025-07-23,213.50030517578125,214.49727137359017,211.76559372759175,214.3477325289176,46989300,-0.0011660238330303274,208.73530120849608,204.70287200927734,0.009265318624027376
2025-07-24,213.11146545410156,215.0356179140754,212.88216751340357,213.25104009789538,46022600,-0.00182126073009381,209.34344940185548,204.7620913696289,0.00930907428201416
2025-07-25,213.2311248779297,214.58699944946258,212.7525701732737,214.04862920984866,40268800,0.000561487499385116,209.9854965209961,204.78103393554687,0.009229888269154501
2025-07-28,213.40061950683594,214.1981955143971,212.41361748607306,213.38067592321022,37858000,0.0007948869050111718,210.63202972412108,204.81532989501954,0.009224084730726454
2025-07-29,210.62904357910156,214.1582970701604,210.18041185237743,213.53020352524888,51411700,-0.012987665800312187,210.93610458374025,204.81174072265625,0.008965852934995792
2025-07-30,208.415771484375,211.74563469104578,207.0898047125579,211.25711581327238,45512500,-0.010507915039244642,210.99741744995117,204.76767486572265,0.008926495348616005
2025-07-31,206.94027709960938,209.20337937318874,206.5315173151756,207.85748415888986,80698400,-0.007079571638254123,210.75465698242186,204.74354858398436,0.007421308862688393
2025-08-01,201.76602172851562,212.93203997684435,200.88868661623732,210.23025491744008,104434500,-0.02500361671306328,210.1978515625,204.6542205810547,0.008974108733548716
2025-08-04,202.7330780029297,207.24933356384108,201.06813110178,203.8895472057539,75109300,0.004792959023176335,209.8688537597656,204.67934448242187,0.008460411578151179
2025-08-05,202.3043670654297,204.71702329589334,201.54667827641916,202.78290655256814,44155100,-0.0021146570738387327,209.51542892456055,204.71045013427735,0.0084498458457001
2025-08-06,212.60304260253906,214.72658548105818,204.96627784328447,205.00616501036765,108483100,0.05090683748699587,209.62060928344727,205.06895904541017,0.014452510070636696
2025-08-07,219.36245727539062,220.1799768073744,215.92292715514498,218.2159523061407,90224800,0.03179359330942533,210.00045318603514,205.46415618896484,0.01602528545201878
2025-08-08,228.65419006347656,230.29917810781973,218.58482597462978,220.16003429974123,113854000,0.042357898901638213,210.90719451904297,206.0410009765625,0.018268212669114214
2025-08-11,226.747802734375,229.12327986736793,224.3324083989562,227.48640043221798,61806100,-0.008337425736971271,211.84523086547853,206.58908935546876,0.018112585761724916
2025-08-12,229.21310424804688,230.36092560837628,226.63802588155738,227.57622481823222,55626200,0.010872438382831362,212.8821060180664,207.16853820800782,0.018160006393865256
2025-08-13,232.88612365722656,234.55294488479396,229.99163136972763,230.6304284784954,69878500,0.016024473911425474,214.0502914428711,207.80449920654297,0.018329543131499107
2025-08-14,232.337158203125,234.67270293292236,230.41083714463488,233.6147219132583,51916300,-0.0023572269806403368,215.1980079650879,208.39817626953126,0.01836314315609458
2025-08-15,231.1494140625,233.834298979768,228.9036945156081,233.5548328767578,56038700,-0.005112157477567991,216.22851333618163,208.97707092285157,0.01851192984566919
2025-08-18,230.4507598876953,232.67651332576617,229.672244959047,231.25921652669462,37476200,-0.0030225219373292145,217.15928344726564,209.58565948486327,0.01859120245313233
2025-08-19,230.1213836669922,232.42698672077375,228.9136940815642,230.84001516813981,39402600,-0.001429269406026834,217.97787551879884,210.122060546875,0.018600575442795638
2025-08-20,225.5800323486328,230.0315543310328,225.3404986724704,229.54248102593337,42263900,-0.019734590701623533,218.5818618774414,210.61688446044923,0.019314279471767747
2025-08-21,224.47215270996094,226.08908123987146,223.35428822884654,225.83955683035407,30621200,-0.004911248691371939,219.14989624023437,211.06522521972656,0.019366572828237505
2025-08-22,227.3267059326172,228.65417758009713,224.98118568943215,225.73973438952316,42477800,0.012716736522523586,219.85467529296875,211.64822082519532,0.019483814536087454
2025-08-25,226.72784423828125,228.86377239669042,225.79960559269966,226.04912998143794,30983100,-0.002634365777127168,220.52103652954102,212.2108645629883,0.0195228403248621
2025-08-26,228.87376403808594,229.0534295301293,224.26255788237486,226.43840339540802,54575100,0.009464738691509877,221.43327255249022,212.871259765625,0.019184921461764003
2025-08-27,230.05152893066406,230.46073738560713,227.82576024347395,228.17510050695543,31259500,0.005145914812595631,222.5150604248047,213.51592987060548,0.01886416773860764
2025-08-28,232.11758422851562,232.9659733126178,228.90370861616245,230.3809040856524,38074700,0.008980837064874514,223.77392578125,214.25735260009765,0.018658365429964883
2025-08-29,231.69837951660156,232.9360260407387,230.92984008944924,232.0676707602769,39418400,-0.0018060015285242814,225.2705436706543,214.97164825439452,0.017306940324803326
2025-09-02,229.28298950195312,230.4108447009183,226.53822101083426,228.81388239599917,44075600,-0.010424716908628007,226.59803924560546,215.54950439453125,0.017741824710915777
2025-09-03,238.01634216308594,238.395624134605,233.9141603097862,236.75874463665696,66427800,0.03808984120498149,228.38363800048828,216.29205749511718,0.018971054266478337
2025-09-04,239.32383728027344,239.44360411673358,236.28962732845326,237.99636566705198,47549400,0.005493299768011717,229.719677734375,217.08468780517578,0.01610848708903418
2025-09-05,239.2340087890625,240.86091270031892,238.03629475202086,239.54341659874092,54870400,-0.0003753428502223377,230.7132553100586,217.85039794921875,0.014969340331218581
2025-09-08,237.42745971679688,239.69313028194867,235.89038089866295,238.84475646782593,48999500,-0.007551389041256629,231.15191879272462,218.59114349365234,0.012225999221130468
2025-09-09,233.9041748046875,238.3257397896772,232.9160527142261,236.54912730927947,66313900,-0.014839416284502027,231.50973739624024,219.25982788085938,0.01259495615932237
2025-09-10,226.35855102539062,231.97784546194652,225.52015268533836,231.7482872752143,83440800,-0.03225946602106422,231.36700973510742,219.6960479736328,0.01448054535713839
2025-09-11,229.59239196777344,230.01159113632517,226.21881717306923,226.44839058875493,50208600,0.014286365271970913,231.20232315063475,220.14410552978515,0.014380854978995675
2025-09-12,233.6247100830078,234.06386022938602,228.58431421011397,228.78393068206054,55824200,0.017562943095258854,231.2667007446289,220.5806900024414,0.014932995135282668
2025-09-15,236.24969482421875,237.7368657054393,234.58287368836292,236.54912714503797,42699500,0.01123590368620797,231.52171478271484,221.04764129638673,0.015063288806776452
2025-09-16,237.6969451904297,240.76111223381088,235.87043992435724,236.72878926810645,63421100,0.006125935389198034,231.88402404785157,221.61531951904297,0.015067238609113175
2025-09-17,238.5353546142578,239.6432435766681,237.27774187166392,238.5153883976145,46508000,0.003527220020250743,232.30472259521486,222.1985693359375,0.015054563677730856
2025-09-18,237.42745971679688,240.74113579799257,236.199788714976,239.5134800259323,44249600,-0.004644573125239804,232.89709396362304,222.73712982177733,0.014270705582313423
2025-09-19,245.032958984375,245.83144010441063,239.7530294205925,240.77107799962133,163741300,0.03203293872010393,233.92513427734374,223.40247741699218,0.015571011868161863
2025-09-22,255.5928192138672,256.15178189089505,247.64797087114997,247.82763635806887,105517400,0.04309567281585802,235.33843994140625,224.30394653320312,0.017744164315715193
2025-09-23,253.9459686279297,256.8504363399061,253.0975947938589,255.39322235208516,60275200,-0.006443258425658294,236.69934616088867,225.22312438964843,0.017862047183025708
2025-09-24,251.8300018310547,255.2534845023776,250.56241362070242,254.73446948849343,42303700,-0.008332350414175016,237.8471580505371,226.09021240234375,0.018113239288342343
2025-09-25,256.3813171386719,256.6807646844572,251.2311452680336,252.72829161839874,55202100,0.018072966979806315,239.1636474609375,227.02739044189454,0.018349883933913024
2025-09-26,254.97401428222656,257.10994249251326,253.2972024297037,253.61660096533106,46076300,-0.005489100657377954,240.30646896362305,227.93921417236328,0.018493905068713373
2025-09-29,253.9459686279297,254.5148915782133,252.52867184357527,254.0757261912774,40127700,-0.004031962461707783,241.41884841918946,228.80734741210938,0.018542816308895683
2025-09-30,254.14559936523438,255.4331385813304,252.6284867333586,254.37515755125318,37704300,0.0007861150085717306,242.6619789123535,229.65355224609374,0.018226489507384848
2025-10-01,254.9640350341797,258.29769267334166,254.44502000530687,254.55481135314994,48713900,0.0032203416899190263,243.5093635559082,230.47784210205077,0.016513860844595496
2025-10-02,256.6408386230469,257.68882891050583,253.66649683440303,256.09186667190835,42630200,0.00657662791005964,244.37521362304688,231.3406527709961,0.01652226338195706
2025-10-03,257.5291442871094,258.7468246365968,253.46689477740222,254.18552630266564,49155600,0.003461279462880995,245.28997039794922,232.22900634765625,0.01649558965800461
2025-10-06,256.20166015625,258.57713717661323,254.56478079871025,257.49917477533796,44664100,-0.005154694760991507,246.2286804199219,233.08841705322266,0.016417154478809814
2025-10-07,255.99209594726562,256.9103287268919,254.94407514023973,256.32145476920215,31955800,-0.0008179658510275578,247.33307647705078,233.94024658203125,0.015863053252548824
2025-10-08,257.569091796875,258.0282082133661,255.62278908467795,256.03201279963565,36496900,0.0061603302390016434,248.893603515625,234.87904754638672,0.013274406440653442
2025-10-09,253.55670166015625,257.50917476461467,252.65841993311406,257.3195337882977,38322000,-0.01557791778791151,250.09181900024413,235.78186614990236,0.014018551920250049
2025-10-10,244.80340576171875,255.8922708493858,243.53581752909898,254.45500785015722,61999100,-0.034522045132806656,250.6507537841797,236.53912872314453,0.016237571010994004
2025-10-13,247.18885803222656,249.2149949644775,245.09284695690994,248.90558714178317,38142900,0.009744359001401026,251.19771194458008,237.44758544921876,0.016198540951668408
2025-10-14,247.29864501953125,248.37659224814226,244.23447809703134,246.13087266264282,35478000,0.0004441421356069508,251.67779693603515,238.33889678955077,0.016179374675852003
2025-10-15,248.86566162109375,251.3409547309234,246.99922390992754,249.01538540478128,33893600,0.006336535331355142,252.19431228637694,239.27012268066406,0.016204543578735135
2025-10-16,246.97926330566406,248.56623493239263,244.66368465033412,247.77774448085987,39777000,-0.0075799863393841704,252.67190246582032,239.95764709472655,0.016283339637173124
2025-10-17,251.81002807617188,252.89796599708643,246.79958926324147,247.5481624372989,49147000,0.01955939420116093,253.01075592041016,240.60659851074217,0.015284742283409161
2025-10-20,261.7411193847656,263.87706298772724,255.14370850365398,255.4032084113237,90483000,0.0394388237214669,253.31817092895508,241.26833709716797,0.014773998438694237
2025-10-21,262.27008056640625,264.7853058703715,261.3318664386604,261.3817895915523,46695900,0.002020932679144938,253.7343765258789,241.9787826538086,0.014661540655989097
2025-10-22,257.9583435058594,262.349966966352,254.94406918261987,262.15033525743416,45015300,-0.016440064574789193,254.04079360961913,242.55368743896486,0.015060645670233963
2025-10-23,259.0861511230469,260.12418111371363,257.51916110368444,259.4454820834593,32754900,0.004372053262009956,254.1760353088379,243.07768798828124,0.014561380756157318
2025-10-24,262.3200378417969,263.62754335723145,258.68694768993146,260.69313376057823,38253700,0.012481897255921526,254.5433364868164,243.67734558105468,0.014717847015236296
2025-10-27,268.2986145019531,268.60802232244004,264.1465248140549,264.37609822840903,44888200,0.022791155068992097,255.26096878051757,244.42032958984376,0.015391623525499217
2025-10-28,268.4882507324219,269.3765722048576,267.63986169210665,268.4782600095115,41534800,0.0007068103233436318,255.97810134887695,245.1810794067383,0.015392197504072959
2025-10-29,269.1869201660156,270.8936584399069,266.6018207191691,268.76770579477784,51086700,0.0026022346664624774,256.6892456054687,245.96239013671874,0.015392058770031938
2025-10-30,270.8836669921875,273.6184749716116,267.969239224885,271.4725408872279,69886500,0.006303229091240592,257.4013870239258,246.86846282958984,0.015388677415465766
2025-10-31,269.85565185546875,276.79244258078194,268.647962249571,276.4630533049319,86167100,-0.003795042898427692,258.01771240234376,247.7761328125,0.015458060189874459
2025-11-03,268.53814697265625,270.33474092754267,265.74348587775046,269.90556627002525,50194600,-0.004882257880291285,258.63453674316406,248.6003616333008,0.015451121170421063
2025-11-04,269.5262756347656,270.9734988318123,267.11086611942017,267.8195068636227,49274800,0.003679658451690937,259.3112457275391,249.45633026123048,0.015433509161695324
2025-11-05,269.6260986328125,271.18312844251227,266.4221834255846,268.0989800730272,43683100,0.0003703646251622672,259.9140960693359,250.271376953125,0.01541932799807539
2025-11-06,269.25677490234375,272.8798740142925,267.38037702601645,267.38037702601645,51204000,-0.0013697625428008564,260.6990997314453,251.0554818725586,0.01486463964749986
2025-11-07,267.9592590332031,271.7719991063764,266.26248096015127,269.28671541495146,48227400,-0.0048188791892468386,261.85689239501954,251.77231536865236,0.012140817816739445
2025-11-10,269.1781311035156,273.4741297822401,267.20997142836535,268.7085692371889,41312400,0.004548721603090611,262.956356048584,252.52191040039062,0.012080345674292588
2025-11-11,274.99267578125,275.65206242273547,269.5477586519058,269.55775905965567,46208300,0.02160110352909128,264.34105758666993,253.43610412597656,0.01263497854540707
2025-11-12,273.21435546875,275.4722525277038,271.4460210796085,274.74292397164845,48398000,-0.0064667915516215535,265.55849227905276,254.14006439208984,0.012906271001531529
2025-11-13,272.6948547363281,276.4413491841305,271.83564282199285,273.85374352181776,49602800,-0.0019014401037990014,266.8442718505859,254.80748474121094,0.012681099501870295
2025-11-14,272.15533447265625,275.70200347225597,269.3479639093673,270.7965900477885,47431300,-0.00197847614027602,267.86153717041014,255.46591125488283,0.01229174353165269
2025-11-17,267.2099609375,270.2371271729127,265.48159771217263,268.5687054184609,45018300,-0.01817114312581336,268.1349792480469,256.0615612792969,0.010094598939086324
2025-11-18,267.19000244140625,270.4569347049811,265.0719890725528,269.7376065335732,45677300,-7.469218596389826e-05,268.3809753417969,256.72727783203123,0.010095223947400343
2025-11-19,268.3089294433594,271.9555110777923,265.2517925781922,265.2817633125939,40424500,0.004187757744410714,268.89850463867185,257.5662854003906,0.009239498535691315
2025-11-20,266.0010986328125,275.17250947675234,265.67142054546326,270.5768036466949,45823600,-0.00860139398019577,269.24425201416017,258.2944595336914,0.009516157136827836
2025-11-21,271.2361755371094,273.0744516711978,265.4216397990326,265.70137680880595,59030800,0.01968065895668869,269.69005889892577,259.04668884277345,0.010078474006166266
2025-11-24,275.6620788574219,276.7410558404627,270.64675212306133,270.64675212306133,65585800,0.016317525903571717,270.05823211669923,259.8349365234375,0.00945054598435619
2025-11-25,276.7110900878906,280.1179060838009,274.9926967216935,275.012667049666,46914200,0.0038054245067611348,270.46937408447263,260.6152194213867,0.009464026647410334
2025-11-26,277.29052734375,279.26868736786383,276.3714044558947,276.70108254872224,33431400,0.002094015298321983,270.8745544433594,261.39032287597655,0.009461739903424334
2025-11-28,278.5893249511719,278.73917862681736,275.73198274965245,277.0008150112318,20135600,0.0046838874009274,271.2598373413086,262.21356018066405,0.009425571402713825
2025-12-01,282.8353576660156,283.1550658399818,275.88187257202503,277.75011957449965,46587700,0.01524118957389331,271.90882263183596,262.96960815429685,0.009821369913173457
2025-12-02,285.9224548339844,287.1313151163589,282.36578537497866,282.7354345985028,53669500,0.010914820528252767,272.77803802490234,263.5762008666992,0.009840321124933202
2025-12-03,283.8843688964844,288.35019153510143,283.0351573834178,285.9324708384744,43538700,-0.007128107299873898,273.4959426879883,264.17496887207034,0.010105047119479772
2025-12-04,280.4375915527344,284.46382276925783,278.32954829392816,283.83440686502166,43989100,-0.012141483369261685,274.03651733398436,264.7471206665039,0.010627199206282432
2025-12-05,278.5193786621094,280.8771882481053,277.79005013345267,280.27774306596746,47265800,-0.006840070477014848,274.49964752197263,265.1898818969727,0.010788240645311838
2025-12-08,277.6302185058594,279.4085531850005,275.8918244790692,277.86998437615557,38211800,-0.0031924534677664207,274.98319549560546,265.6430059814453,0.01074216900183122
2025-12-09,276.9208679199219,279.7682096639769,276.6611317163261,277.8999627322321,32193300,-0.0025550193698475887,275.3703323364258,266.10250396728514,0.010764925045281886
2025-12-10,278.5193786621094,279.48847306800184,276.1815698919154,277.490342786908,33038300,0.005772445948890148,275.5466674804687,266.58997955322263,0.009740393957657838
2025-12-11,277.77008056640625,279.3286197507982,273.5540244422053,278.83908758708685,33248000,-0.0026902907054526803,275.7744537353516,267.04610046386716,0.009630493585745302
2025-12-12,278.0198669433594,278.9589906850317,276.5612402656973,277.64021728323,39532900,0.0008992558753764257,276.04070434570315,267.47368103027344,0.009608392775851488
2025-12-15,273.8537292480469,279.8880911943856,272.5849275039148,279.8880911943856,50409100,-0.014985035929685031,276.12562408447263,267.8001727294922,0.010240748586395025
2025-12-16,274.353271484375,275.2424541197232,271.53593087885605,272.5649667835892,37648600,0.0018241206270945831,276.48278961181643,268.1632049560547,0.009265956309201434
2025-12-17,271.58587646484375,275.90184538512057,271.38608172110213,274.75292651919426,50138700,-0.010086976563313366,276.7025833129883,268.47508056640623,0.009611605348167103
2025-12-18,271.935546875,273.374203136776,266.7004552212896,273.35420232069225,51630700,0.0012875132341483297,276.8839141845703,268.76240966796877,0.009580584790725797
2025-12-19,273.4141845703125,274.34330788170604,269.64768928264715,271.8955859651445,144632000,0.005437456457254575,277.2545684814453,269.15955932617186,0.009374142454415445
2025-12-22,270.7166748046875,273.62395794129594,270.25711338978425,272.6048920133635,36571800,-0.0098660198257976,277.22859344482424,269.6778247070313,0.00864415853015983
2025-12-23,272.1053771972656,272.2452609569047,269.30800689497966,270.5868091030317,29642000,0.005129726100470355,277.0507583618164,270.17615509033203,0.007854435179922294
2025-12-24,273.55401611328125,275.17249671786806,271.9455359163183,272.085389177814,17910600,0.0053238158353827725,276.8929046630859,270.70126251220705,0.007906624501191421
2025-12-26,273.1444091796875,275.1125687682936,272.6049054553,273.9037084592662,21521800,-0.0014973530252399003,276.6855987548828,271.1868374633789,0.007884312779032007
2025-12-29,273.50408935546875,274.10350406329195,272.0954038139857,272.4350823114352,23715200,0.0013168132449112857,276.4313369750977,271.717333984375,0.007798252269834122
2025-12-30,272.82470703125,273.82377221524894,272.02546707967076,272.5549704076282,22139600,-0.002483993295382736,275.93080444335936,272.13762756347654,0.006813281410852725
2025-12-31,271.6058349609375,273.42414083736213,271.49595243002375,272.80472532736104,27293600,-0.004467601499789753,275.21497344970703,272.334921875,0.006139986716996575
2026-01-02,270.75665283203125,277.58025431004916,268.7485221479618,272.0054842546519,37838100,-0.003126523879828924,274.5585876464844,272.5046533203125,0.006047353813083551
2026-01-05,267.0101623535156,271.25618925068443,265.89121426121545,270.38700744645297,45647200,-0.013837113287258118,273.88721618652346,272.6856896972656,0.006201808020124847
2026-01-06,262.1147155761719,267.2998660934885,261.8749496989937,266.7503924619391,52352100,-0.018334308830022295,273.0669830322266,272.74626098632814,0.007099427684583144
2026-01-07,260.08660888671875,263.4334831315393,259.56710600115036,262.95395138764474,48309800,-0.00773747740562758,272.1898025512695,272.70159240722654,0.007177998551531783
2026-01-08,258.7978515625,259.0476178563403,255.46096229095477,256.7797203952787,50419300,-0.004955108337700187,271.2836517333984,272.5115771484375,0.007186110883215182
2026-01-09,259.1275329589844,259.9667440583015,255.98048371428257,258.8377955175017,39997000,0.0012738954148727721,270.3140594482422,272.32436279296877,0.006952010916980582
2026-01-12,260.0067138671875,261.05572011368304,256.5599267903311,258.9177364764393,45263800,0.0033928502238405045,269.42589111328124,272.1407586669922,0.007123875367491852
2026-01-13,260.8059387207031,261.56523797230057,258.148452318208,258.4781303943212,45730800,0.0030738623692765366,268.56519470214846,271.9392041015625,0.007207042881431268
2026-01-14,259.71697998046875,261.57525710051715,256.4700180914029,259.247418118488,40019400,-0.0041753602144793955,267.85835723876954,271.7364306640625,0.006658480428295795
2026-01-15,257.9685974121094,260.7959687899761,256.8096782083212,260.40631875644857,39388600,-0.00673187624656213,267.03912353515625,271.52503967285156,0.0066323636965062395
2026-01-16,255.29112243652344,258.6579671912775,254.69167723491495,257.6589020182799,72142800,-0.010379073276537754,266.22438583374026,271.2403366088867,0.006648968510380331
2026-01-20,246.46937561035156,254.55180921698133,243.19244305608962,252.49373739571587,80267500,-0.03455563492367564,264.9510772705078,270.7772021484375,0.009592337231486512
2026-01-21,247.41848754882812,251.3248360900433,244.9507953165175,248.46750904444812,54641700,0.003850831106810837,263.6512924194336,270.3404364013672,0.009508890556132882
2026-01-22,248.1178436279297,250.76536025794266,247.9180183962477,248.96703988447874,39708300,0.0028266120532465244,262.5213508605957,269.94360809326173,0.009586015649402738
2026-01-23,247.80812072753906,249.17685039145397,244.45126111041233,247.08880782235642,41689000,-0.001248289505752287,261.3064880371094,269.5162078857422,0.009359043321818087
2026-01-26,255.17123413085938,256.32015295784896,249.5664780183616,251.24490015634893,55969200,0.029712962519965025,260.3873489379883,269.1197790527344,0.011952860721046612
2026-01-27,258.0285339355469,261.70511669708895,257.96859246831417,258.92771692213245,49648300,0.011197578028024013,259.6315551757813,268.8160626220703,0.012388580944799114
2026-01-28,256.2002868652344,258.61800761819165,254.27208306792676,257.409147241713,41288000,-0.007085445328186779,258.76636505126953,268.4861712646484,0.012385186200583638
2026-01-29,258.0385437011719,259.4072580677027,254.17216647920577,257.75880668092503,67253000,0.007175077196164281,258.0270568847656,268.20383544921873,0.01260059519677641
2026-01-30,259.2374267578125,261.6551472598355,251.94423313215475,254.93144331105526,92443400,0.0046461394466286166,257.40863647460935,268.044384765625,0.012697973175734664
2026-02-02,269.7575988769531,270.2371306501278,258.9676766447768,259.7869174093499,73913400,0.04058122413384724,257.35868377685546,268.0957366943359,0.015897419073569372
2026-02-03,269.22808837890625,271.6258386480508,267.3598109321867,268.9483513556569,64394700,-0.0019629122599374993,257.469580078125,268.1141198730469,0.015574476660666067
2026-02-04,276.23150634765625,278.68922850453845,272.03545112075,272.03545112075,90545700,0.026012954335186356,258.17541961669923,268.31872802734375,0.01590110847121553
2026-02-05,275.6520690917969,279.2387093202658,272.97458180817284,277.86999494352693,52977400,-0.0020976508564164442,258.9536926269531,268.4070458984375,0.015754750478233673
2026-02-06,277.8599853515625,280.6473855638201,276.67109542368036,276.8609202349588,50453400,0.008009793893585249,259.90679931640625,268.4510040283203,0.015675533155847517
2026-02-09,274.6199951171875,278.20001220703125,271.70001220703125,277.9100036621094,44623400,-0.01166051394653178,260.6814224243164,268.40918212890625,0.016042369684337133
2026-02-10,273.67999267578125,275.3699951171875,272.94000244140625,274.8900146484375,34376900,-0.003422920610733904,261.3650863647461,268.3369714355469,0.01610650271613345
2026-02-11,275.5,280.17999267578125,274.45001220703125,274.70001220703125,51931300,0.0066501292492171515,262.09978942871095,268.27518493652343,0.016130841052149847
2026-02-12,261.7300109863281,275.7200012207031,260.17999267578125,275.5899963378906,81077200,-0.049981811301894274,262.20044097900393,267.8530780029297,0.019976807213432812
2026-02-13,255.77999877929688,262.2300109863281,255.4499969482422,262.010009765625,56290700,-0.022733396848946263,262.0910110473633,267.25022888183594,0.02059577329670937
2026-02-17,263.8800048828125,266.2900085449219,255.5399932861328,258.04998779296875,58469100,0.031667863563111576,262.52045516967775,266.8501416015625,0.021624832293828684
2026-02-18,264.3500061035156,266.82000732421875,262.45001220703125,263.6000061035156,34203300,0.0017811172199722058,263.41448669433595,266.5283898925781,0.019856768212658277
2026-02-19,260.5799865722656,264.4800109863281,260.04998779296875,262.6000061035156,30845300,-0.014261469431454121,264.0725616455078,266.16960205078124,0.020258300970106436
2026-02-20,264.5799865722656,264.75,258.1600036621094,258.9700012207031,42070500,0.015350373037534393,264.8956687927246,265.9085974121094,0.020452109642805104
2026-02-23,266.17999267578125,269.42999267578125,263.3800048828125,263.489990234375,37308200,0.006047343656806037,265.8142623901367,265.69377990722654,0.020429578874163443
2026-02-24,272.1400146484375,274.8900146484375,267.7099914550781,267.8599853515625,47014600,0.022390946489790453,266.66270141601564,265.5661926269531,0.020001544297014475
2026-02-25,274.2300109863281,274.94000244140625,271.04998779296875,271.7799987792969,33714300,0.007679856784716499,267.4727752685547,265.4953912353516,0.01994489385948062
2026-02-26,272.95001220703125,276.1099853515625,270.79998779296875,274.95001220703125,32345100,-0.004667610137537803,268.31026153564454,265.393994140625,0.01988626003692353
2026-02-27,264.17999267578125,272.80999755859375,262.8900146484375,272.80999755859375,72366500,-0.03213049693728531,268.617333984375,265.20051940917966,0.021375829189750083
2026-03-02,264.7200012207031,266.5299987792969,260.20001220703125,262.4100036621094,41827900,0.002044093269336189,268.8914627075195,265.00785400390623,0.021362914261137223
2026-03-03,263.75,265.55999755859375,260.1300048828125,263.4800109863281,38568900,-0.0036642536122324376,268.59108276367186,264.85113647460935,0.01926510794372754
2026-03-04,262.5199890136719,266.1499938964844,261.4200134277344,264.6499938964844,39803100,-0.004663548763329417,268.2556777954102,264.66282531738284,0.019282057339668774
2026-03-05,260.2900085449219,261.55999755859375,257.25,260.7900085449219,49658600,-0.00849451684471103,267.45860290527344,264.400341796875,0.018245974028606716
2026-03-06,257.4599914550781,258.7699890136719,254.3699951171875,258.6300048828125,41120000,-0.010872553678353492,266.5489990234375,264.1352081298828,0.01833329040028717
2026-03-09,259.8800048828125,261.1499938964844,253.67999267578125,255.69000244140625,38218500,0.009399570838394267,265.65,263.89070068359376,0.01838077342373625
2026-03-10,260.8299865722656,262.4800109863281,256.95001220703125,257.6499938964844,30590800,0.0036554627966916,264.9604995727539,263.63622009277344,0.0183277042767529
2026-03-11,260.80999755859375,262.1300048828125,259.54998779296875,261.0899963378906,26218900,-7.663617950748325e-05,264.3169998168945,263.38953186035155,0.018333256343789357
2026-03-12,255.75999450683594,258.95001220703125,254.17999267578125,258.6600036621094,40794000,-0.019362766377938656,263.32999954223635,263.0346499633789,0.018589996985178648
2026-03-13,250.1199951171875,256.3299865722656,249.52000427246094,255.47999572753906,36930000,-0.022051921765652405,262.7494987487793,262.58055572509767,0.015750146878316846
2026-03-16,252.82000732421875,253.88999938964844,249.8800048828125,252.11000061035156,32074200,0.01079486750256109,262.6014991760254,262.2048391723633,0.015219163756148702
2026-03-17,254.22999572753906,255.1300048828125,252.17999267578125,252.9600067138672,32361600,0.005577044389181385,262.1189987182617,261.87430603027343,0.013318832051061727
2026-03-18,249.94000244140625,254.94000244140625,249.0,252.6300048828125,35757900,-0.016874457610149385,261.39849853515625,261.53290283203125,0.013704270871803549
2026-03-19,248.9600067138672,251.8300018310547,247.3000030517578,249.39999389648438,34864100,-0.0039209238936004365,260.8174995422363,261.26980865478515,0.013437961396461489
2026-03-20,247.99000549316406,249.1999969482422,246.0,247.97999572753906,88331100,-0.003896213024359163,259.9880004882813,261.0278765869141,0.012789068142992334
2026-03-23,251.49000549316406,254.60000610351562,250.27999877929688,253.97000122070312,40546100,0.01411347200480817,259.2535011291504,260.8817196655273,0.013214621434022758
2026-03-24,251.63999938964844,254.8300018310547,249.5500030517578,250.35000610351562,45152300,0.0005964209042432778,258.22850036621094,260.73196899414063,0.01186155795428145
2026-03-25,252.6199951171875,255.0,251.60000610351562,254.10000610351562,28476700,0.00389443542328749,257.1479995727539,260.5842346191406,0.01169711342099057
2026-03-26,252.88999938964844,257.0,250.77000427246094,252.1199951171875,41796700,0.0010688159198788405,256.14499893188474,260.42591583251954,0.01175086365961895
2026-03-27,248.8000030517578,255.49000549316406,248.07000732421875,253.89999389648438,47900000,-0.016173025219509918,255.3759994506836,260.2075762939453,0.010155380189741285
2026-03-30,246.6300048828125,250.8699951171875,245.50999450683594,250.07000732421875,39446200,-0.008721857485242457,254.47149963378905,259.9808044433594,0.01016231892592261
2026-03-31,253.7899932861328,255.47999572753906,247.10000610351562,247.91000366210938,49598100,0.029031294901536553,253.9734992980957,259.9507818603516,0.01249403966280559
2026-04-01,255.6300048828125,256.17999267578125,253.3300018310547,254.0800018310547,40059400,0.007250134541771258,253.62900009155274,260.1339944458008,0.012635979865301529
2026-04-02,255.9199981689453,256.1300048828125,250.64999389648438,254.1999969482422,31289400,0.0011344258521832629,253.4104995727539,260.3040246582031,0.012528534575395477
2026-04-06,258.8599853515625,262.1600036621094,256.4599914550781,256.510009765625,29329900,0.011487914987700076,253.48049926757812,260.5188674926758,0.012577322318434572
2026-04-07,253.5,256.20001220703125,245.6999969482422,256.1600036621094,62148000,-0.020706117804507373,253.1614990234375,260.632705078125,0.013221825719102893
2026-04-08,258.8999938964844,259.75,256.5299987792969,258.45001220703125,41032800,0.02130175107094434,253.06499938964845,260.7072802734375,0.01411839578457092
2026-04-09,260.489990234375,261.1199951171875,256.07000732421875,259.0,28121600,0.006141353323192211,253.0489990234375,260.7565093994141,0.01419130700388354
2026-04-10,260.4800109863281,262.19000244140625,259.0199890136719,259.9800109863281,31291500,-3.8309525974056235e-05,253.2849998474121,260.84210388183595,0.013439064552530492
2026-04-13,259.20001220703125,260.17999267578125,256.6600036621094,259.7300109863281,36234700,-0.004914000020385667,253.7390007019043,260.86533325195313,0.012397885946170792
2026-04-14,258.8299865722656,261.92999267578125,257.19000244140625,259.25,48370700,-0.001427567968129817,254.03949966430665,260.8571844482422,0.012234304758012479
2026-04-15,266.42999267578125,266.55999755859375,257.80999755859375,258.1600036621094,49913500,0.029362927395561567,254.64949951171874,260.79063232421873,0.013740815832151126
2026-04-16,263.3999938964844,267.1600036621094,261.2699890136719,266.79998779296875,43323100,-0.011372588907376024,255.32249908447267,260.6740704345703,0.013384329884474078
2026-04-17,270.2300109863281,272.29998779296875,266.7200012207031,266.9599914550781,61436200,0.025930209749845057,256.3859992980957,260.5540405273438,0.014242787794707123
2026-04-20,273.04998779296875,274.2799987792969,270.2900085449219,270.3299865722656,36590200,0.010435468645202839,257.6389984130859,260.5019989013672,0.014174206848872663
2026-04-21,266.1700134277344,272.79998779296875,265.3999938964844,271.5,50209800,-0.025196757637106715,258.3729988098145,260.2681994628906,0.015496128678852344
2026-04-22,273.1700134277344,273.739990234375,266.8699951171875,267.82000732421875,43249200,0.026298980526972437,259.4494995117187,260.23919982910155,0.016333459794083537
2026-04-23,273.42999267578125,275.7699890136719,271.6499938964844,275.04998779296875,33399600,0.0009517122497622044,260.48999938964846,260.23419982910156,0.016349976704504318
2026-04-24,271.05999755859375,273.05999755859375,269.6499938964844,272.760009765625,38157100,-0.008667648687676,261.3984992980957,260.14539978027346,0.01658795809433536
2026-04-27,267.6099853515625,268.3599853515625,265.07000732421875,266.0899963378906,41466800,-0.012727854490168666,262.33899841308596,260.26299926757815,0.016388446276355783
2026-04-28,270.7099914550781,273.2300109863281,268.6600036621094,272.3399963378906,40018900,0.011584044965448959,263.5429977416992,260.56159912109376,0.016201245779158803
2026-04-29,270.1700134277344,271.0400085449219,267.0400085449219,267.54998779296875,30047900,-0.0019946734305643643,264.3619987487793,260.68739929199216,0.015213518956320102
2026-04-30,271.3500061035156,276.0,268.1400146484375,270.5,91848200,0.004367593060422559,265.14799880981445,260.8273992919922,0.015187176872078068
2026-05-01,280.1400146484375,287.2200012207031,278.3699951171875,278.8599853515625,79915400,0.032393618379240596,266.35899963378904,261.2185998535156,0.016524154286602206
2026-05-04,276.8299865722656,280.6300048828125,274.8599853515625,279.6600036621094,46638000,-0.011815620415119188,267.2574996948242,261.46359985351563,0.016836054925278225
